<?xml version="1.0" standalone="yes"?>
<TBLLabelDTL>
  <PageList>
    <ID>1</ID>
    <LabelMstID>tbl_sleshoder</LabelMstID>
    <FieldName>Supplier</FieldName>
    <LabelID>lblSupplier1s</LabelID>
    <LabelName>Customer </LabelName>
    <LangID>1</LangID>
    <COUNTRYID>8</COUNTRYID>
    <LANGDISP>en-US</LANGDISP>
    <Active>TRUE</Active>
  </PageList>
  <PageList>
    <ID>2</ID>
    <LabelMstID>tbl_sleshoder</LabelMstID>
    <FieldName>Supplier</FieldName>
    <LabelID>lblSupplier1s</LabelID>
    <LabelName>Fournisseur</LabelName>
    <LangID>3</LangID>
    <COUNTRYID>8</COUNTRYID>
    <LANGDISP>fr-FR</LANGDISP>
    <Active>TRUE</Active>
  </PageList>
  <PageList>
    <ID>3</ID>
    <LabelMstID>tbl_sleshoder</LabelMstID>
    <FieldName>Supplier</FieldName>
    <LabelID>lblSupplier2h</LabelID>
    <LabelName>المورد</LabelName>
    <LangID>2</LangID>
    <COUNTRYID>8</COUNTRYID>
    <LANGDISP>ar-KW</LANGDISP>
    <Active>TRUE</Active>
  </PageList>
  <PageList>
    <ID>4</ID>
    <LabelMstID>tbl_sleshoder</LabelMstID>
    <FieldName>TransactionDate</FieldName>
    <LabelID>lblTransactionDate1s</LabelID>
    <LabelName>Trans Date</LabelName>
    <LangID>1</LangID>
    <COUNTRYID>8</COUNTRYID>
    <LANGDISP>en-US</LANGDISP>
    <Active>TRUE</Active>
  </PageList>
  <PageList>
    <ID>5</ID>
    <LabelMstID>tbl_sleshoder</LabelMstID>
    <FieldName>TransactionDate</FieldName>
    <LabelID>lblTransactionDate1s</LabelID>
    <LabelName>Date de la transaction</LabelName>
    <LangID>3</LangID>
    <COUNTRYID>8</COUNTRYID>
    <LANGDISP>fr-FR</LANGDISP>
    <Active>TRUE</Active>
  </PageList>
  <PageList>
    <ID>6</ID>
    <LabelMstID>tbl_sleshoder</LabelMstID>
    <FieldName>TransactionDate</FieldName>
    <LabelID>lblTransactionDate2h</LabelID>
    <LabelName>تاريخ الحركة</LabelName>
    <LangID>2</LangID>
    <COUNTRYID>8</COUNTRYID>
    <LANGDISP>ar-KW</LANGDISP>
    <Active>TRUE</Active>
  </PageList>
  <PageList>
    <ID>7</ID>
    <LabelMstID>tbl_sleshoder</LabelMstID>
    <FieldName>No</FieldName>
    <LabelID>lblNo1s</LabelID>
    <LabelName>/</LabelName>
    <LangID>1</LangID>
    <COUNTRYID>8</COUNTRYID>
    <LANGDISP>en-US</LANGDISP>
    <Active>TRUE</Active>
  </PageList>
  <PageList>
    <ID>8</ID>
    <LabelMstID>tbl_sleshoder</LabelMstID>
    <FieldName>No</FieldName>
    <LabelID>lblNo1s</LabelID>
    <LabelName>N°</LabelName>
    <LangID>3</LangID>
    <COUNTRYID>8</COUNTRYID>
    <LANGDISP>fr-FR</LANGDISP>
    <Active>TRUE</Active>
  </PageList>
  <PageList>
    <ID>9</ID>
    <LabelMstID>tbl_sleshoder</LabelMstID>
    <FieldName>No</FieldName>
    <LabelID>lblNo2h</LabelID>
    <LabelName>لا</LabelName>
    <LangID>2</LangID>
    <COUNTRYID>8</COUNTRYID>
    <LANGDISP>ar-KW</LANGDISP>
    <Active>TRUE</Active>
  </PageList>
  <PageList>
    <ID>10</ID>
    <LabelMstID>tbl_sleshoder</LabelMstID>
    <FieldName>LocalForeign</FieldName>
    <LabelID>lblLocalForeign1s</LabelID>
    <LabelName>Local/Foreign</LabelName>
    <LangID>1</LangID>
    <COUNTRYID>8</COUNTRYID>
    <LANGDISP>en-US</LANGDISP>
    <Active>TRUE</Active>
  </PageList>
  <PageList>
    <ID>11</ID>
    <LabelMstID>tbl_sleshoder</LabelMstID>
    <FieldName>LocalForeign</FieldName>
    <LabelID>lblLocalForeign1s</LabelID>
    <LabelName>Local/étrangers</LabelName>
    <LangID>3</LangID>
    <COUNTRYID>8</COUNTRYID>
    <LANGDISP>fr-FR</LANGDISP>
    <Active>TRUE</Active>
  </PageList>
  <PageList>
    <ID>12</ID>
    <LabelMstID>tbl_sleshoder</LabelMstID>
    <FieldName>LocalForeign</FieldName>
    <LabelID>lblLocalForeign2h</LabelID>
    <LabelName>محلي/وزارة الخارجية</LabelName>
    <LangID>2</LangID>
    <COUNTRYID>8</COUNTRYID>
    <LANGDISP>ar-KW</LANGDISP>
    <Active>TRUE</Active>
  </PageList>
  <PageList>
    <ID>13</ID>
    <LabelMstID>tbl_sleshoder</LabelMstID>
    <FieldName>Currency</FieldName>
    <LabelID>lblCurrency1s</LabelID>
    <LabelName>Currency</LabelName>
    <LangID>1</LangID>
    <COUNTRYID>8</COUNTRYID>
    <LANGDISP>en-US</LANGDISP>
    <Active>TRUE</Active>
  </PageList>
  <PageList>
    <ID>14</ID>
    <LabelMstID>tbl_sleshoder</LabelMstID>
    <FieldName>Currency</FieldName>
    <LabelID>lblCurrency1s</LabelID>
    <LabelName>Devise</LabelName>
    <LangID>3</LangID>
    <COUNTRYID>8</COUNTRYID>
    <LANGDISP>fr-FR</LANGDISP>
    <Active>TRUE</Active>
  </PageList>
  <PageList>
    <ID>15</ID>
    <LabelMstID>tbl_sleshoder</LabelMstID>
    <FieldName>Currency</FieldName>
    <LabelID>lblCurrency2h</LabelID>
    <LabelName>تحويل العملات</LabelName>
    <LangID>2</LangID>
    <COUNTRYID>8</COUNTRYID>
    <LANGDISP>ar-KW</LANGDISP>
    <Active>TRUE</Active>
  </PageList>
  <PageList>
    <ID>16</ID>
    <LabelMstID>tbl_sleshoder</LabelMstID>
    <FieldName>BatchNo</FieldName>
    <LabelID>lblBatchNo1s</LabelID>
    <LabelName>Batch No</LabelName>
    <LangID>1</LangID>
    <COUNTRYID>8</COUNTRYID>
    <LANGDISP>en-US</LANGDISP>
    <Active>TRUE</Active>
  </PageList>
  <PageList>
    <ID>17</ID>
    <LabelMstID>tbl_sleshoder</LabelMstID>
    <FieldName>BatchNo</FieldName>
    <LabelID>lblBatchNo1s</LabelID>
    <LabelName>N° de lot</LabelName>
    <LangID>3</LangID>
    <COUNTRYID>8</COUNTRYID>
    <LANGDISP>fr-FR</LANGDISP>
    <Active>TRUE</Active>
  </PageList>
  <PageList>
    <ID>18</ID>
    <LabelMstID>tbl_sleshoder</LabelMstID>
    <FieldName>BatchNo</FieldName>
    <LabelID>lblBatchNo2h</LabelID>
    <LabelName>أي دفعة</LabelName>
    <LangID>2</LangID>
    <COUNTRYID>8</COUNTRYID>
    <LANGDISP>ar-KW</LANGDISP>
    <Active>TRUE</Active>
  </PageList>
  <PageList>
    <ID>19</ID>
    <LabelMstID>tbl_sleshoder</LabelMstID>
    <FieldName>ProjectNo</FieldName>
    <LabelID>lblProjectNo1s</LabelID>
    <LabelName>Project No</LabelName>
    <LangID>1</LangID>
    <COUNTRYID>8</COUNTRYID>
    <LANGDISP>en-US</LANGDISP>
    <Active>TRUE</Active>
  </PageList>
  <PageList>
    <ID>20</ID>
    <LabelMstID>tbl_sleshoder</LabelMstID>
    <FieldName>ProjectNo</FieldName>
    <LabelID>lblProjectNo1s</LabelID>
    <LabelName>Projet No</LabelName>
    <LangID>3</LangID>
    <COUNTRYID>8</COUNTRYID>
    <LANGDISP>fr-FR</LANGDISP>
    <Active>TRUE</Active>
  </PageList>
  <PageList>
    <ID>21</ID>
    <LabelMstID>tbl_sleshoder</LabelMstID>
    <FieldName>ProjectNo</FieldName>
    <LabelID>lblProjectNo2h</LabelID>
    <LabelName>رقم المشروع</LabelName>
    <LangID>2</LangID>
    <COUNTRYID>8</COUNTRYID>
    <LANGDISP>ar-KW</LANGDISP>
    <Active>TRUE</Active>
  </PageList>
  <PageList>
    <ID>22</ID>
    <LabelMstID>tbl_sleshoder</LabelMstID>
    <FieldName>Reference</FieldName>
    <LabelID>lblReference1s</LabelID>
    <LabelName>Reference</LabelName>
    <LangID>1</LangID>
    <COUNTRYID>8</COUNTRYID>
    <LANGDISP>en-US</LANGDISP>
    <Active>TRUE</Active>
  </PageList>
  <PageList>
    <ID>23</ID>
    <LabelMstID>tbl_sleshoder</LabelMstID>
    <FieldName>Reference</FieldName>
    <LabelID>lblReference1s</LabelID>
    <LabelName>Référence</LabelName>
    <LangID>3</LangID>
    <COUNTRYID>8</COUNTRYID>
    <LANGDISP>fr-FR</LANGDISP>
    <Active>TRUE</Active>
  </PageList>
  <PageList>
    <ID>24</ID>
    <LabelMstID>tbl_sleshoder</LabelMstID>
    <FieldName>Reference</FieldName>
    <LabelID>lblReference2h</LabelID>
    <LabelName>مرجع</LabelName>
    <LangID>2</LangID>
    <COUNTRYID>8</COUNTRYID>
    <LANGDISP>ar-KW</LANGDISP>
    <Active>TRUE</Active>
  </PageList>
  <PageList>
    <ID>25</ID>
    <LabelMstID>tbl_sleshoder</LabelMstID>
    <FieldName>Terms</FieldName>
    <LabelID>lblTerms1s</LabelID>
    <LabelName>Terms</LabelName>
    <LangID>1</LangID>
    <COUNTRYID>8</COUNTRYID>
    <LANGDISP>en-US</LANGDISP>
    <Active>TRUE</Active>
  </PageList>
  <PageList>
    <ID>26</ID>
    <LabelMstID>tbl_sleshoder</LabelMstID>
    <FieldName>Terms</FieldName>
    <LabelID>lblTerms1s</LabelID>
    <LabelName>Conditions</LabelName>
    <LangID>3</LangID>
    <COUNTRYID>8</COUNTRYID>
    <LANGDISP>fr-FR</LANGDISP>
    <Active>TRUE</Active>
  </PageList>
  <PageList>
    <ID>27</ID>
    <LabelMstID>tbl_sleshoder</LabelMstID>
    <FieldName>Terms</FieldName>
    <LabelID>lblTerms2h</LabelID>
    <LabelName>شروط</LabelName>
    <LangID>2</LangID>
    <COUNTRYID>8</COUNTRYID>
    <LANGDISP>ar-KW</LANGDISP>
    <Active>TRUE</Active>
  </PageList>
  <PageList>
    <ID>28</ID>
    <LabelMstID>tbl_sleshoder</LabelMstID>
    <FieldName>CRMActivity</FieldName>
    <LabelID>lblCRMActivity1s</LabelID>
    <LabelName>CRM Activity</LabelName>
    <LangID>1</LangID>
    <COUNTRYID>8</COUNTRYID>
    <LANGDISP>en-US</LANGDISP>
    <Active>TRUE</Active>
  </PageList>
  <PageList>
    <ID>29</ID>
    <LabelMstID>tbl_sleshoder</LabelMstID>
    <FieldName>CRMActivity</FieldName>
    <LabelID>lblCRMActivity1s</LabelID>
    <LabelName>Activité CRM</LabelName>
    <LangID>3</LangID>
    <COUNTRYID>8</COUNTRYID>
    <LANGDISP>fr-FR</LANGDISP>
    <Active>TRUE</Active>
  </PageList>
  <PageList>
    <ID>30</ID>
    <LabelMstID>tbl_sleshoder</LabelMstID>
    <FieldName>CRMActivity</FieldName>
    <LabelID>lblCRMActivity2h</LabelID>
    <LabelName>نشاط إدارة علاقات العملاء</LabelName>
    <LangID>2</LangID>
    <COUNTRYID>8</COUNTRYID>
    <LANGDISP>ar-KW</LANGDISP>
    <Active>TRUE</Active>
  </PageList>
  <PageList>
    <ID>31</ID>
    <LabelMstID>tbl_sleshoder</LabelMstID>
    <FieldName>OHCost</FieldName>
    <LabelID>lblOHCost1s</LabelID>
    <LabelName>Overhead Cost</LabelName>
    <LangID>1</LangID>
    <COUNTRYID>8</COUNTRYID>
    <LANGDISP>en-US</LANGDISP>
    <Active>TRUE</Active>
  </PageList>
  <PageList>
    <ID>32</ID>
    <LabelMstID>tbl_sleshoder</LabelMstID>
    <FieldName>OHCost</FieldName>
    <LabelID>lblOHCost1s</LabelID>
    <LabelName>Oh des coûts</LabelName>
    <LangID>3</LangID>
    <COUNTRYID>8</COUNTRYID>
    <LANGDISP>fr-FR</LANGDISP>
    <Active>TRUE</Active>
  </PageList>
  <PageList>
    <ID>33</ID>
    <LabelMstID>tbl_sleshoder</LabelMstID>
    <FieldName>OHCost</FieldName>
    <LabelID>lblOHCost2h</LabelID>
    <LabelName>أوه التكلفة</LabelName>
    <LangID>2</LangID>
    <COUNTRYID>8</COUNTRYID>
    <LANGDISP>ar-KW</LANGDISP>
    <Active>TRUE</Active>
  </PageList>
  <PageList>
    <ID>34</ID>
    <LabelMstID>tbl_sleshoder</LabelMstID>
    <FieldName>PerUnitValue</FieldName>
    <LabelID>lblPerUnitValue1s</LabelID>
    <LabelName>@ Per Unit Value</LabelName>
    <LangID>1</LangID>
    <COUNTRYID>8</COUNTRYID>
    <LANGDISP>en-US</LANGDISP>
    <Active>TRUE</Active>
  </PageList>
  <PageList>
    <ID>35</ID>
    <LabelMstID>tbl_sleshoder</LabelMstID>
    <FieldName>PerUnitValue</FieldName>
    <LabelID>lblPerUnitValue1s</LabelID>
    <LabelName>@ Par valeur unitaire</LabelName>
    <LangID>3</LangID>
    <COUNTRYID>8</COUNTRYID>
    <LANGDISP>fr-FR</LANGDISP>
    <Active>TRUE</Active>
  </PageList>
  <PageList>
    <ID>36</ID>
    <LabelMstID>tbl_sleshoder</LabelMstID>
    <FieldName>PerUnitValue</FieldName>
    <LabelID>lblPerUnitValue2h</LabelID>
    <LabelName>@ كل قيمة الوحدة</LabelName>
    <LangID>2</LangID>
    <COUNTRYID>8</COUNTRYID>
    <LANGDISP>ar-KW</LANGDISP>
    <Active>TRUE</Active>
  </PageList>
  <PageList>
    <ID>37</ID>
    <LabelMstID>tbl_sleshoder</LabelMstID>
    <FieldName>Total</FieldName>
    <LabelID>lblTotal1s</LabelID>
    <LabelName>Total Cost</LabelName>
    <LangID>1</LangID>
    <COUNTRYID>8</COUNTRYID>
    <LANGDISP>en-US</LANGDISP>
    <Active>TRUE</Active>
  </PageList>
  <PageList>
    <ID>38</ID>
    <LabelMstID>tbl_sleshoder</LabelMstID>
    <FieldName>Total</FieldName>
    <LabelID>lblTotal1s</LabelID>
    <LabelName>Total</LabelName>
    <LangID>3</LangID>
    <COUNTRYID>8</COUNTRYID>
    <LANGDISP>fr-FR</LANGDISP>
    <Active>TRUE</Active>
  </PageList>
  <PageList>
    <ID>39</ID>
    <LabelMstID>tbl_sleshoder</LabelMstID>
    <FieldName>Total</FieldName>
    <LabelID>lblTotal2h</LabelID>
    <LabelName>المجموع</LabelName>
    <LangID>2</LangID>
    <COUNTRYID>8</COUNTRYID>
    <LANGDISP>ar-KW</LANGDISP>
    <Active>TRUE</Active>
  </PageList>
  <PageList>
    <ID>40</ID>
    <LabelMstID>tbl_sleshoder</LabelMstID>
    <FieldName>Notes</FieldName>
    <LabelID>lblNotes1s</LabelID>
    <LabelName>Notes</LabelName>
    <LangID>1</LangID>
    <COUNTRYID>8</COUNTRYID>
    <LANGDISP>en-US</LANGDISP>
    <Active>TRUE</Active>
  </PageList>
  <PageList>
    <ID>41</ID>
    <LabelMstID>tbl_sleshoder</LabelMstID>
    <FieldName>Notes</FieldName>
    <LabelID>lblNotes1s</LabelID>
    <LabelName>Notes</LabelName>
    <LangID>3</LangID>
    <COUNTRYID>8</COUNTRYID>
    <LANGDISP>fr-FR</LANGDISP>
    <Active>TRUE</Active>
  </PageList>
  <PageList>
    <ID>42</ID>
    <LabelMstID>tbl_sleshoder</LabelMstID>
    <FieldName>Notes</FieldName>
    <LabelID>lblNotes2h</LabelID>
    <LabelName>وتلاحظ</LabelName>
    <LangID>2</LangID>
    <COUNTRYID>8</COUNTRYID>
    <LANGDISP>ar-KW</LANGDISP>
    <Active>TRUE</Active>
  </PageList>
  <PageList>
    <ID>43</ID>
    <LabelMstID>tbl_sleshoder</LabelMstID>
    <FieldName>OverheadCost</FieldName>
    <LabelID>lblOverheadCost1s</LabelID>
    <LabelName>Overhead Cost</LabelName>
    <LangID>1</LangID>
    <COUNTRYID>8</COUNTRYID>
    <LANGDISP>en-US</LANGDISP>
    <Active>TRUE</Active>
  </PageList>
  <PageList>
    <ID>44</ID>
    <LabelMstID>tbl_sleshoder</LabelMstID>
    <FieldName>OverheadCost</FieldName>
    <LabelID>lblOverheadCost1s</LabelID>
    <LabelName>Frais généraux</LabelName>
    <LangID>3</LangID>
    <COUNTRYID>8</COUNTRYID>
    <LANGDISP>fr-FR</LANGDISP>
    <Active>TRUE</Active>
  </PageList>
  <PageList>
    <ID>45</ID>
    <LabelMstID>tbl_sleshoder</LabelMstID>
    <FieldName>OverheadCost</FieldName>
    <LabelID>lblOverheadCost2h</LabelID>
    <LabelName>التكاليف العامة</LabelName>
    <LangID>2</LangID>
    <COUNTRYID>8</COUNTRYID>
    <LANGDISP>ar-KW</LANGDISP>
    <Active>TRUE</Active>
  </PageList>
  <PageList>
    <ID>46</ID>
    <LabelMstID>tbl_sleshoder</LabelMstID>
    <FieldName>OverheadCost1</FieldName>
    <LabelID>lblOverheadCost11s</LabelID>
    <LabelName>Overhead Cost</LabelName>
    <LangID>1</LangID>
    <COUNTRYID>8</COUNTRYID>
    <LANGDISP>en-US</LANGDISP>
    <Active>TRUE</Active>
  </PageList>
  <PageList>
    <ID>47</ID>
    <LabelMstID>tbl_sleshoder</LabelMstID>
    <FieldName>OverheadCost1</FieldName>
    <LabelID>lblOverheadCost11s</LabelID>
    <LabelName>Frais généraux</LabelName>
    <LangID>3</LangID>
    <COUNTRYID>8</COUNTRYID>
    <LANGDISP>fr-FR</LANGDISP>
    <Active>TRUE</Active>
  </PageList>
  <PageList>
    <ID>48</ID>
    <LabelMstID>tbl_sleshoder</LabelMstID>
    <FieldName>OverheadCost1</FieldName>
    <LabelID>lblOverheadCost12h</LabelID>
    <LabelName>التكاليف العامة</LabelName>
    <LangID>2</LangID>
    <COUNTRYID>8</COUNTRYID>
    <LANGDISP>ar-KW</LANGDISP>
    <Active>TRUE</Active>
  </PageList>
  <PageList>
    <ID>49</ID>
    <LabelMstID>tbl_sleshoder</LabelMstID>
    <FieldName>OverheadAmount</FieldName>
    <LabelID>lblOverheadAmount1s</LabelID>
    <LabelName>Overhead Amount</LabelName>
    <LangID>1</LangID>
    <COUNTRYID>8</COUNTRYID>
    <LANGDISP>en-US</LANGDISP>
    <Active>TRUE</Active>
  </PageList>
  <PageList>
    <ID>50</ID>
    <LabelMstID>tbl_sleshoder</LabelMstID>
    <FieldName>OverheadAmount</FieldName>
    <LabelID>lblOverheadAmount1s</LabelID>
    <LabelName>Montant supérieur</LabelName>
    <LangID>3</LangID>
    <COUNTRYID>8</COUNTRYID>
    <LANGDISP>fr-FR</LANGDISP>
    <Active>TRUE</Active>
  </PageList>
  <PageList>
    <ID>51</ID>
    <LabelMstID>tbl_sleshoder</LabelMstID>
    <FieldName>OverheadAmount</FieldName>
    <LabelID>lblOverheadAmount2h</LabelID>
    <LabelName>مقدار النفقات العامة</LabelName>
    <LangID>2</LangID>
    <COUNTRYID>8</COUNTRYID>
    <LANGDISP>ar-KW</LANGDISP>
    <Active>TRUE</Active>
  </PageList>
  <PageList>
    <ID>52</ID>
    <LabelMstID>tbl_sleshoder</LabelMstID>
    <FieldName>Notes1</FieldName>
    <LabelID>lblNotes11s</LabelID>
    <LabelName>Notes</LabelName>
    <LangID>1</LangID>
    <COUNTRYID>8</COUNTRYID>
    <LANGDISP>en-US</LANGDISP>
    <Active>TRUE</Active>
  </PageList>
  <PageList>
    <ID>53</ID>
    <LabelMstID>tbl_sleshoder</LabelMstID>
    <FieldName>Notes1</FieldName>
    <LabelID>lblNotes11s</LabelID>
    <LabelName>Notes</LabelName>
    <LangID>3</LangID>
    <COUNTRYID>8</COUNTRYID>
    <LANGDISP>fr-FR</LANGDISP>
    <Active>TRUE</Active>
  </PageList>
  <PageList>
    <ID>54</ID>
    <LabelMstID>tbl_sleshoder</LabelMstID>
    <FieldName>Notes1</FieldName>
    <LabelID>lblNotes12h</LabelID>
    <LabelName>وتلاحظ</LabelName>
    <LangID>2</LangID>
    <COUNTRYID>8</COUNTRYID>
    <LANGDISP>ar-KW</LANGDISP>
    <Active>TRUE</Active>
  </PageList>
  <PageList>
    <ID>55</ID>
    <LabelMstID>tbl_sleshoder</LabelMstID>
    <FieldName>AccountID</FieldName>
    <LabelID>lblAccountID1s</LabelID>
    <LabelName>Account Id</LabelName>
    <LangID>1</LangID>
    <COUNTRYID>8</COUNTRYID>
    <LANGDISP>en-US</LANGDISP>
    <Active>TRUE</Active>
  </PageList>
  <PageList>
    <ID>56</ID>
    <LabelMstID>tbl_sleshoder</LabelMstID>
    <FieldName>AccountID</FieldName>
    <LabelID>lblAccountID1s</LabelID>
    <LabelName>Id de compte</LabelName>
    <LangID>3</LangID>
    <COUNTRYID>8</COUNTRYID>
    <LANGDISP>fr-FR</LANGDISP>
    <Active>TRUE</Active>
  </PageList>
  <PageList>
    <ID>57</ID>
    <LabelMstID>tbl_sleshoder</LabelMstID>
    <FieldName>AccountID</FieldName>
    <LabelID>lblAccountID2h</LabelID>
    <LabelName>معرف الحساب</LabelName>
    <LangID>2</LangID>
    <COUNTRYID>8</COUNTRYID>
    <LANGDISP>ar-KW</LANGDISP>
    <Active>TRUE</Active>
  </PageList>
  <PageList>
    <ID>58</ID>
    <LabelMstID>tbl_sleshoder</LabelMstID>
    <FieldName>Del</FieldName>
    <LabelID>lblDel1s</LabelID>
    <LabelName>Del</LabelName>
    <LangID>1</LangID>
    <COUNTRYID>8</COUNTRYID>
    <LANGDISP>en-US</LANGDISP>
    <Active>TRUE</Active>
  </PageList>
  <PageList>
    <ID>59</ID>
    <LabelMstID>tbl_sleshoder</LabelMstID>
    <FieldName>Del</FieldName>
    <LabelID>lblDel1s</LabelID>
    <LabelName>Del</LabelName>
    <LangID>3</LangID>
    <COUNTRYID>8</COUNTRYID>
    <LANGDISP>fr-FR</LANGDISP>
    <Active>TRUE</Active>
  </PageList>
  <PageList>
    <ID>60</ID>
    <LabelMstID>tbl_sleshoder</LabelMstID>
    <FieldName>Del</FieldName>
    <LabelID>lblDel2h</LabelID>
    <LabelName>ديل</LabelName>
    <LangID>2</LangID>
    <COUNTRYID>8</COUNTRYID>
    <LANGDISP>ar-KW</LANGDISP>
    <Active>TRUE</Active>
  </PageList>
  <PageList>
    <ID>61</ID>
    <LabelMstID>tbl_sleshoder</LabelMstID>
    <FieldName>Product</FieldName>
    <LabelID>lblProduct1s</LabelID>
    <LabelName>Product</LabelName>
    <LangID>1</LangID>
    <COUNTRYID>8</COUNTRYID>
    <LANGDISP>en-US</LANGDISP>
    <Active>TRUE</Active>
  </PageList>
  <PageList>
    <ID>62</ID>
    <LabelMstID>tbl_sleshoder</LabelMstID>
    <FieldName>Product</FieldName>
    <LabelID>lblProduct1s</LabelID>
    <LabelName>Produit</LabelName>
    <LangID>3</LangID>
    <COUNTRYID>8</COUNTRYID>
    <LANGDISP>fr-FR</LANGDISP>
    <Active>TRUE</Active>
  </PageList>
  <PageList>
    <ID>63</ID>
    <LabelMstID>tbl_sleshoder</LabelMstID>
    <FieldName>Product</FieldName>
    <LabelID>lblProduct2h</LabelID>
    <LabelName>المنتج</LabelName>
    <LangID>2</LangID>
    <COUNTRYID>8</COUNTRYID>
    <LANGDISP>ar-KW</LANGDISP>
    <Active>TRUE</Active>
  </PageList>
  <PageList>
    <ID>64</ID>
    <LabelMstID>tbl_sleshoder</LabelMstID>
    <FieldName>UnitofMeasure</FieldName>
    <LabelID>lblUnitofMeasure1s</LabelID>
    <LabelName>Unit Of Measure</LabelName>
    <LangID>1</LangID>
    <COUNTRYID>8</COUNTRYID>
    <LANGDISP>en-US</LANGDISP>
    <Active>TRUE</Active>
  </PageList>
  <PageList>
    <ID>65</ID>
    <LabelMstID>tbl_sleshoder</LabelMstID>
    <FieldName>UnitofMeasure</FieldName>
    <LabelID>lblUnitofMeasure1s</LabelID>
    <LabelName>Unité de mesure</LabelName>
    <LangID>3</LangID>
    <COUNTRYID>8</COUNTRYID>
    <LANGDISP>fr-FR</LANGDISP>
    <Active>TRUE</Active>
  </PageList>
  <PageList>
    <ID>66</ID>
    <LabelMstID>tbl_sleshoder</LabelMstID>
    <FieldName>UnitofMeasure</FieldName>
    <LabelID>lblUnitofMeasure2h</LabelID>
    <LabelName>وحدة القياس</LabelName>
    <LangID>2</LangID>
    <COUNTRYID>8</COUNTRYID>
    <LANGDISP>ar-KW</LANGDISP>
    <Active>TRUE</Active>
  </PageList>
  <PageList>
    <ID>67</ID>
    <LabelMstID>tbl_sleshoder</LabelMstID>
    <FieldName>Quantity</FieldName>
    <LabelID>lblQuantity1s</LabelID>
    <LabelName>Quantity</LabelName>
    <LangID>1</LangID>
    <COUNTRYID>8</COUNTRYID>
    <LANGDISP>en-US</LANGDISP>
    <Active>TRUE</Active>
  </PageList>
  <PageList>
    <ID>68</ID>
    <LabelMstID>tbl_sleshoder</LabelMstID>
    <FieldName>Quantity</FieldName>
    <LabelID>lblQuantity1s</LabelID>
    <LabelName>Quantité</LabelName>
    <LangID>3</LangID>
    <COUNTRYID>8</COUNTRYID>
    <LANGDISP>fr-FR</LANGDISP>
    <Active>TRUE</Active>
  </PageList>
  <PageList>
    <ID>69</ID>
    <LabelMstID>tbl_sleshoder</LabelMstID>
    <FieldName>Quantity</FieldName>
    <LabelID>lblQuantity2h</LabelID>
    <LabelName>الكمية</LabelName>
    <LangID>2</LangID>
    <COUNTRYID>8</COUNTRYID>
    <LANGDISP>ar-KW</LANGDISP>
    <Active>TRUE</Active>
  </PageList>
  <PageList>
    <ID>70</ID>
    <LabelMstID>tbl_sleshoder</LabelMstID>
    <FieldName>UnitPriceForeign</FieldName>
    <LabelID>lblUnitPriceForeign1s</LabelID>
    <LabelName>Unit Price (Foreign)</LabelName>
    <LangID>1</LangID>
    <COUNTRYID>8</COUNTRYID>
    <LANGDISP>en-US</LANGDISP>
    <Active>TRUE</Active>
  </PageList>
  <PageList>
    <ID>71</ID>
    <LabelMstID>tbl_sleshoder</LabelMstID>
    <FieldName>UnitPriceForeign</FieldName>
    <LabelID>lblUnitPriceForeign1s</LabelID>
    <LabelName>Prix unitaire (étranger)</LabelName>
    <LangID>3</LangID>
    <COUNTRYID>8</COUNTRYID>
    <LANGDISP>fr-FR</LANGDISP>
    <Active>TRUE</Active>
  </PageList>
  <PageList>
    <ID>72</ID>
    <LabelMstID>tbl_sleshoder</LabelMstID>
    <FieldName>UnitPriceForeign</FieldName>
    <LabelID>lblUnitPriceForeign2h</LabelID>
    <LabelName>سعر الوحدة (الأجانب)</LabelName>
    <LangID>2</LangID>
    <COUNTRYID>8</COUNTRYID>
    <LANGDISP>ar-KW</LANGDISP>
    <Active>TRUE</Active>
  </PageList>
  <PageList>
    <ID>73</ID>
    <LabelMstID>tbl_sleshoder</LabelMstID>
    <FieldName>UnitPricelocal</FieldName>
    <LabelID>lblUnitPricelocal1s</LabelID>
    <LabelName>Unit Price (Local)</LabelName>
    <LangID>1</LangID>
    <COUNTRYID>8</COUNTRYID>
    <LANGDISP>en-US</LANGDISP>
    <Active>TRUE</Active>
  </PageList>
  <PageList>
    <ID>74</ID>
    <LabelMstID>tbl_sleshoder</LabelMstID>
    <FieldName>UnitPricelocal</FieldName>
    <LabelID>lblUnitPricelocal1s</LabelID>
    <LabelName>Prix unitaire (locale)</LabelName>
    <LangID>3</LangID>
    <COUNTRYID>8</COUNTRYID>
    <LANGDISP>fr-FR</LANGDISP>
    <Active>TRUE</Active>
  </PageList>
  <PageList>
    <ID>75</ID>
    <LabelMstID>tbl_sleshoder</LabelMstID>
    <FieldName>UnitPricelocal</FieldName>
    <LabelID>lblUnitPricelocal2h</LabelID>
    <LabelName>سعر الوحدة (محلي)</LabelName>
    <LangID>2</LangID>
    <COUNTRYID>8</COUNTRYID>
    <LANGDISP>ar-KW</LANGDISP>
    <Active>TRUE</Active>
  </PageList>
  <PageList>
    <ID>76</ID>
    <LabelMstID>tbl_sleshoder</LabelMstID>
    <FieldName>Discount</FieldName>
    <LabelID>lblDiscount1s</LabelID>
    <LabelName>Discount</LabelName>
    <LangID>1</LangID>
    <COUNTRYID>8</COUNTRYID>
    <LANGDISP>en-US</LANGDISP>
    <Active>TRUE</Active>
  </PageList>
  <PageList>
    <ID>77</ID>
    <LabelMstID>tbl_sleshoder</LabelMstID>
    <FieldName>Discount</FieldName>
    <LabelID>lblDiscount1s</LabelID>
    <LabelName>Remise</LabelName>
    <LangID>3</LangID>
    <COUNTRYID>8</COUNTRYID>
    <LANGDISP>fr-FR</LANGDISP>
    <Active>TRUE</Active>
  </PageList>
  <PageList>
    <ID>78</ID>
    <LabelMstID>tbl_sleshoder</LabelMstID>
    <FieldName>Discount</FieldName>
    <LabelID>lblDiscount2h</LabelID>
    <LabelName>خصم</LabelName>
    <LangID>2</LangID>
    <COUNTRYID>8</COUNTRYID>
    <LANGDISP>ar-KW</LANGDISP>
    <Active>TRUE</Active>
  </PageList>
  <PageList>
    <ID>79</ID>
    <LabelMstID>tbl_sleshoder</LabelMstID>
    <FieldName>Tax</FieldName>
    <LabelID>lblTax1s</LabelID>
    <LabelName>Tax (%)</LabelName>
    <LangID>1</LangID>
    <COUNTRYID>8</COUNTRYID>
    <LANGDISP>en-US</LANGDISP>
    <Active>TRUE</Active>
  </PageList>
  <PageList>
    <ID>80</ID>
    <LabelMstID>tbl_sleshoder</LabelMstID>
    <FieldName>Tax</FieldName>
    <LabelID>lblTax1s</LabelID>
    <LabelName>Taxe (%)</LabelName>
    <LangID>3</LangID>
    <COUNTRYID>8</COUNTRYID>
    <LANGDISP>fr-FR</LANGDISP>
    <Active>TRUE</Active>
  </PageList>
  <PageList>
    <ID>81</ID>
    <LabelMstID>tbl_sleshoder</LabelMstID>
    <FieldName>Tax</FieldName>
    <LabelID>lblTax2h</LabelID>
    <LabelName>الضريبية (%)</LabelName>
    <LangID>2</LangID>
    <COUNTRYID>8</COUNTRYID>
    <LANGDISP>ar-KW</LANGDISP>
    <Active>TRUE</Active>
  </PageList>
  <PageList>
    <ID>82</ID>
    <LabelMstID>tbl_sleshoder</LabelMstID>
    <FieldName>TotalCurrencyForeign</FieldName>
    <LabelID>lblTotalCurrencyForeign1s</LabelID>
    <LabelName>Total Currency (Foreign)</LabelName>
    <LangID>1</LangID>
    <COUNTRYID>8</COUNTRYID>
    <LANGDISP>en-US</LANGDISP>
    <Active>TRUE</Active>
  </PageList>
  <PageList>
    <ID>83</ID>
    <LabelMstID>tbl_sleshoder</LabelMstID>
    <FieldName>TotalCurrencyForeign</FieldName>
    <LabelID>lblTotalCurrencyForeign1s</LabelID>
    <LabelName>Total de devises (étranger)</LabelName>
    <LangID>3</LangID>
    <COUNTRYID>8</COUNTRYID>
    <LANGDISP>fr-FR</LANGDISP>
    <Active>TRUE</Active>
  </PageList>
  <PageList>
    <ID>84</ID>
    <LabelMstID>tbl_sleshoder</LabelMstID>
    <FieldName>TotalCurrencyForeign</FieldName>
    <LabelID>lblTotalCurrencyForeign2h</LabelID>
    <LabelName>إجمالي العملة (الأجانب)</LabelName>
    <LangID>2</LangID>
    <COUNTRYID>8</COUNTRYID>
    <LANGDISP>ar-KW</LANGDISP>
    <Active>TRUE</Active>
  </PageList>
  <PageList>
    <ID>85</ID>
    <LabelMstID>tbl_sleshoder</LabelMstID>
    <FieldName>TotalCurrencyLocal</FieldName>
    <LabelID>lblTotalCurrencyLocal1s</LabelID>
    <LabelName>Total Currency (Local)</LabelName>
    <LangID>1</LangID>
    <COUNTRYID>8</COUNTRYID>
    <LANGDISP>en-US</LANGDISP>
    <Active>TRUE</Active>
  </PageList>
  <PageList>
    <ID>86</ID>
    <LabelMstID>tbl_sleshoder</LabelMstID>
    <FieldName>TotalCurrencyLocal</FieldName>
    <LabelID>lblTotalCurrencyLocal1s</LabelID>
    <LabelName>Total de devises (locale)</LabelName>
    <LangID>3</LangID>
    <COUNTRYID>8</COUNTRYID>
    <LANGDISP>fr-FR</LANGDISP>
    <Active>TRUE</Active>
  </PageList>
  <PageList>
    <ID>87</ID>
    <LabelMstID>tbl_sleshoder</LabelMstID>
    <FieldName>TotalCurrencyLocal</FieldName>
    <LabelID>lblTotalCurrencyLocal2h</LabelID>
    <LabelName>إجمالي العملة (محلي)</LabelName>
    <LangID>2</LangID>
    <COUNTRYID>8</COUNTRYID>
    <LANGDISP>ar-KW</LANGDISP>
    <Active>TRUE</Active>
  </PageList>
  <PageList>
    <ID>88</ID>
    <LabelMstID>tbl_sleshoder</LabelMstID>
    <FieldName>ProductCodeProductName</FieldName>
    <LabelID>lblProductCodeProductName1s</LabelID>
    <LabelName>Product Code</LabelName>
    <LangID>1</LangID>
    <COUNTRYID>8</COUNTRYID>
    <LANGDISP>en-US</LANGDISP>
    <Active>TRUE</Active>
  </PageList>
  <PageList>
    <ID>89</ID>
    <LabelMstID>tbl_sleshoder</LabelMstID>
    <FieldName>ProductCodeProductName</FieldName>
    <LabelID>lblProductCodeProductName1s</LabelID>
    <LabelName>Code de produit - Productname</LabelName>
    <LangID>3</LangID>
    <COUNTRYID>8</COUNTRYID>
    <LANGDISP>fr-FR</LANGDISP>
    <Active>TRUE</Active>
  </PageList>
  <PageList>
    <ID>90</ID>
    <LabelMstID>tbl_sleshoder</LabelMstID>
    <FieldName>ProductCodeProductName</FieldName>
    <LabelID>lblProductCodeProductName2h</LabelID>
    <LabelName>رمز المنتج-اسم المنتج</LabelName>
    <LangID>2</LangID>
    <COUNTRYID>8</COUNTRYID>
    <LANGDISP>ar-KW</LANGDISP>
    <Active>TRUE</Active>
  </PageList>
  <PageList>
    <ID>91</ID>
    <LabelMstID>tbl_sleshoder</LabelMstID>
    <FieldName>Quantity1</FieldName>
    <LabelID>lblQuantity11s</LabelID>
    <LabelName>Quantity</LabelName>
    <LangID>1</LangID>
    <COUNTRYID>8</COUNTRYID>
    <LANGDISP>en-US</LANGDISP>
    <Active>TRUE</Active>
  </PageList>
  <PageList>
    <ID>92</ID>
    <LabelMstID>tbl_sleshoder</LabelMstID>
    <FieldName>Quantity1</FieldName>
    <LabelID>lblQuantity11s</LabelID>
    <LabelName>Quantité</LabelName>
    <LangID>3</LangID>
    <COUNTRYID>8</COUNTRYID>
    <LANGDISP>fr-FR</LANGDISP>
    <Active>TRUE</Active>
  </PageList>
  <PageList>
    <ID>93</ID>
    <LabelMstID>tbl_sleshoder</LabelMstID>
    <FieldName>Quantity1</FieldName>
    <LabelID>lblQuantity12h</LabelID>
    <LabelName>الكمية</LabelName>
    <LangID>2</LangID>
    <COUNTRYID>8</COUNTRYID>
    <LANGDISP>ar-KW</LANGDISP>
    <Active>TRUE</Active>
  </PageList>
  <PageList>
    <ID>94</ID>
    <LabelMstID>tbl_sleshoder</LabelMstID>
    <FieldName>UnitPrice</FieldName>
    <LabelID>lblUnitPrice1s</LabelID>
    <LabelName>Unit Price</LabelName>
    <LangID>1</LangID>
    <COUNTRYID>8</COUNTRYID>
    <LANGDISP>en-US</LANGDISP>
    <Active>TRUE</Active>
  </PageList>
  <PageList>
    <ID>95</ID>
    <LabelMstID>tbl_sleshoder</LabelMstID>
    <FieldName>UnitPrice</FieldName>
    <LabelID>lblUnitPrice1s</LabelID>
    <LabelName>Prix unitaire</LabelName>
    <LangID>3</LangID>
    <COUNTRYID>8</COUNTRYID>
    <LANGDISP>fr-FR</LANGDISP>
    <Active>TRUE</Active>
  </PageList>
  <PageList>
    <ID>96</ID>
    <LabelMstID>tbl_sleshoder</LabelMstID>
    <FieldName>UnitPrice</FieldName>
    <LabelID>lblUnitPrice2h</LabelID>
    <LabelName>سعر الوحدة</LabelName>
    <LangID>2</LangID>
    <COUNTRYID>8</COUNTRYID>
    <LANGDISP>ar-KW</LANGDISP>
    <Active>TRUE</Active>
  </PageList>
  <PageList>
    <ID>97</ID>
    <LabelMstID>tbl_sleshoder</LabelMstID>
    <FieldName>Tax1</FieldName>
    <LabelID>lblTax11s</LabelID>
    <LabelName>Tax (%)</LabelName>
    <LangID>1</LangID>
    <COUNTRYID>8</COUNTRYID>
    <LANGDISP>en-US</LANGDISP>
    <Active>TRUE</Active>
  </PageList>
  <PageList>
    <ID>98</ID>
    <LabelMstID>tbl_sleshoder</LabelMstID>
    <FieldName>Tax1</FieldName>
    <LabelID>lblTax11s</LabelID>
    <LabelName>Taxe (%)</LabelName>
    <LangID>3</LangID>
    <COUNTRYID>8</COUNTRYID>
    <LANGDISP>fr-FR</LANGDISP>
    <Active>TRUE</Active>
  </PageList>
  <PageList>
    <ID>99</ID>
    <LabelMstID>tbl_sleshoder</LabelMstID>
    <FieldName>Tax1</FieldName>
    <LabelID>lblTax12h</LabelID>
    <LabelName>الضريبية (%)</LabelName>
    <LangID>2</LangID>
    <COUNTRYID>8</COUNTRYID>
    <LANGDISP>ar-KW</LANGDISP>
    <Active>TRUE</Active>
  </PageList>
  <PageList>
    <ID>100</ID>
    <LabelMstID>tbl_sleshoder</LabelMstID>
    <FieldName>Total1</FieldName>
    <LabelID>lblTotal11s</LabelID>
    <LabelName>Total</LabelName>
    <LangID>1</LangID>
    <COUNTRYID>8</COUNTRYID>
    <LANGDISP>en-US</LANGDISP>
    <Active>TRUE</Active>
  </PageList>
  <PageList>
    <ID>101</ID>
    <LabelMstID>tbl_sleshoder</LabelMstID>
    <FieldName>Total1</FieldName>
    <LabelID>lblTotal11s</LabelID>
    <LabelName>Total</LabelName>
    <LangID>3</LangID>
    <COUNTRYID>8</COUNTRYID>
    <LANGDISP>fr-FR</LANGDISP>
    <Active>TRUE</Active>
  </PageList>
  <PageList>
    <ID>102</ID>
    <LabelMstID>tbl_sleshoder</LabelMstID>
    <FieldName>Total1</FieldName>
    <LabelID>lblTotal12h</LabelID>
    <LabelName>المجموع</LabelName>
    <LangID>2</LangID>
    <COUNTRYID>8</COUNTRYID>
    <LANGDISP>ar-KW</LANGDISP>
    <Active>TRUE</Active>
  </PageList>
  <PageList>
    <ID>103</ID>
    <LabelMstID>tbl_sleshoder</LabelMstID>
    <FieldName>Edit</FieldName>
    <LabelID>lblEdit1s</LabelID>
    <LabelName>Invoice</LabelName>
    <LangID>1</LangID>
    <COUNTRYID>8</COUNTRYID>
    <LANGDISP>en-US</LANGDISP>
    <Active>TRUE</Active>
  </PageList>
  <PageList>
    <ID>104</ID>
    <LabelMstID>tbl_sleshoder</LabelMstID>
    <FieldName>Edit</FieldName>
    <LabelID>lblEdit1s</LabelID>
    <LabelName>Edit</LabelName>
    <LangID>3</LangID>
    <COUNTRYID>8</COUNTRYID>
    <LANGDISP>fr-FR</LANGDISP>
    <Active>TRUE</Active>
  </PageList>
  <PageList>
    <ID>105</ID>
    <LabelMstID>tbl_sleshoder</LabelMstID>
    <FieldName>Edit</FieldName>
    <LabelID>lblEdit2h</LabelID>
    <LabelName>سليشودير</LabelName>
    <LangID>2</LangID>
    <COUNTRYID>8</COUNTRYID>
    <LANGDISP>ar-KW</LANGDISP>
    <Active>TRUE</Active>
  </PageList>
  <PageList>
    <ID>106</ID>
    <LabelMstID>tbl_sleshoder</LabelMstID>
    <FieldName>Del1</FieldName>
    <LabelID>lblDel11s</LabelID>
    <LabelName>Invoice</LabelName>
    <LangID>1</LangID>
    <COUNTRYID>8</COUNTRYID>
    <LANGDISP>en-US</LANGDISP>
    <Active>TRUE</Active>
  </PageList>
  <PageList>
    <ID>107</ID>
    <LabelMstID>tbl_sleshoder</LabelMstID>
    <FieldName>Del1</FieldName>
    <LabelID>lblDel11s</LabelID>
    <LabelName>Del</LabelName>
    <LangID>3</LangID>
    <COUNTRYID>8</COUNTRYID>
    <LANGDISP>fr-FR</LANGDISP>
    <Active>TRUE</Active>
  </PageList>
  <PageList>
    <ID>108</ID>
    <LabelMstID>tbl_sleshoder</LabelMstID>
    <FieldName>Del1</FieldName>
    <LabelID>lblDel12h</LabelID>
    <LabelName>سليشودير</LabelName>
    <LangID>2</LangID>
    <COUNTRYID>8</COUNTRYID>
    <LANGDISP>ar-KW</LANGDISP>
    <Active>TRUE</Active>
  </PageList>
  <PageList>
    <ID>109</ID>
    <LabelMstID>tbl_sleshoder</LabelMstID>
    <FieldName>SalesOrderList</FieldName>
    <LabelID>lblSalesOrderList1s</LabelID>
    <LabelName>Invoice List</LabelName>
    <LangID>1</LangID>
    <COUNTRYID>8</COUNTRYID>
    <LANGDISP>en-US</LANGDISP>
    <Active>TRUE</Active>
  </PageList>
  <PageList>
    <ID>110</ID>
    <LabelMstID>tbl_sleshoder</LabelMstID>
    <FieldName>SalesOrderList</FieldName>
    <LabelID>lblSalesOrderList1s</LabelID>
    <LabelName>Liste de commande client</LabelName>
    <LangID>3</LangID>
    <COUNTRYID>8</COUNTRYID>
    <LANGDISP>fr-FR</LANGDISP>
    <Active>TRUE</Active>
  </PageList>
  <PageList>
    <ID>111</ID>
    <LabelMstID>tbl_sleshoder</LabelMstID>
    <FieldName>SalesOrderList</FieldName>
    <LabelID>lblSalesOrderList2h</LabelID>
    <LabelName>قائمة أوامر التوريد</LabelName>
    <LangID>2</LangID>
    <COUNTRYID>8</COUNTRYID>
    <LANGDISP>ar-KW</LANGDISP>
    <Active>TRUE</Active>
  </PageList>
  <PageList>
    <ID>112</ID>
    <LabelMstID>tbl_sleshoder</LabelMstID>
    <FieldName>SupplierName</FieldName>
    <LabelID>lblSupplierName1s</LabelID>
    <LabelName>Customer Name</LabelName>
    <LangID>1</LangID>
    <COUNTRYID>8</COUNTRYID>
    <LANGDISP>en-US</LANGDISP>
    <Active>TRUE</Active>
  </PageList>
  <PageList>
    <ID>113</ID>
    <LabelMstID>tbl_sleshoder</LabelMstID>
    <FieldName>SupplierName</FieldName>
    <LabelID>lblSupplierName1s</LabelID>
    <LabelName>Nom du fournisseur</LabelName>
    <LangID>3</LangID>
    <COUNTRYID>8</COUNTRYID>
    <LANGDISP>fr-FR</LANGDISP>
    <Active>TRUE</Active>
  </PageList>
  <PageList>
    <ID>114</ID>
    <LabelMstID>tbl_sleshoder</LabelMstID>
    <FieldName>SupplierName</FieldName>
    <LabelID>lblSupplierName2h</LabelID>
    <LabelName>اسم المورد</LabelName>
    <LangID>2</LangID>
    <COUNTRYID>8</COUNTRYID>
    <LANGDISP>ar-KW</LANGDISP>
    <Active>TRUE</Active>
  </PageList>
  <PageList>
    <ID>115</ID>
    <LabelMstID>tbl_sleshoder</LabelMstID>
    <FieldName>OrderDate</FieldName>
    <LabelID>lblOrderDate1s</LabelID>
    <LabelName>Order Date</LabelName>
    <LangID>1</LangID>
    <COUNTRYID>8</COUNTRYID>
    <LANGDISP>en-US</LANGDISP>
    <Active>TRUE</Active>
  </PageList>
  <PageList>
    <ID>116</ID>
    <LabelMstID>tbl_sleshoder</LabelMstID>
    <FieldName>OrderDate</FieldName>
    <LabelID>lblOrderDate1s</LabelID>
    <LabelName>Date de la commande</LabelName>
    <LangID>3</LangID>
    <COUNTRYID>8</COUNTRYID>
    <LANGDISP>fr-FR</LANGDISP>
    <Active>TRUE</Active>
  </PageList>
  <PageList>
    <ID>117</ID>
    <LabelMstID>tbl_sleshoder</LabelMstID>
    <FieldName>OrderDate</FieldName>
    <LabelID>lblOrderDate2h</LabelID>
    <LabelName>تاريخ الطلب</LabelName>
    <LangID>2</LangID>
    <COUNTRYID>8</COUNTRYID>
    <LANGDISP>ar-KW</LANGDISP>
    <Active>TRUE</Active>
  </PageList>
  <PageList>
    <ID>118</ID>
    <LabelMstID>tbl_sleshoder</LabelMstID>
    <FieldName>TotalAmount</FieldName>
    <LabelID>lblTotalAmount1s</LabelID>
    <LabelName>Total Amount</LabelName>
    <LangID>1</LangID>
    <COUNTRYID>8</COUNTRYID>
    <LANGDISP>en-US</LANGDISP>
    <Active>TRUE</Active>
  </PageList>
  <PageList>
    <ID>119</ID>
    <LabelMstID>tbl_sleshoder</LabelMstID>
    <FieldName>TotalAmount</FieldName>
    <LabelID>lblTotalAmount1s</LabelID>
    <LabelName>Montant total</LabelName>
    <LangID>3</LangID>
    <COUNTRYID>8</COUNTRYID>
    <LANGDISP>fr-FR</LANGDISP>
    <Active>TRUE</Active>
  </PageList>
  <PageList>
    <ID>120</ID>
    <LabelMstID>tbl_sleshoder</LabelMstID>
    <FieldName>TotalAmount</FieldName>
    <LabelID>lblTotalAmount2h</LabelID>
    <LabelName>المبلغ الإجمالي</LabelName>
    <LangID>2</LangID>
    <COUNTRYID>8</COUNTRYID>
    <LANGDISP>ar-KW</LANGDISP>
    <Active>TRUE</Active>
  </PageList>
  <PageList>
    <ID>121</ID>
    <LabelMstID>tbl_sleshoder</LabelMstID>
    <FieldName>Status</FieldName>
    <LabelID>lblStatus1s</LabelID>
    <LabelName>Status</LabelName>
    <LangID>1</LangID>
    <COUNTRYID>8</COUNTRYID>
    <LANGDISP>en-US</LANGDISP>
    <Active>TRUE</Active>
  </PageList>
  <PageList>
    <ID>122</ID>
    <LabelMstID>tbl_sleshoder</LabelMstID>
    <FieldName>Status</FieldName>
    <LabelID>lblStatus1s</LabelID>
    <LabelName>Statut</LabelName>
    <LangID>3</LangID>
    <COUNTRYID>8</COUNTRYID>
    <LANGDISP>fr-FR</LANGDISP>
    <Active>TRUE</Active>
  </PageList>
  <PageList>
    <ID>123</ID>
    <LabelMstID>tbl_sleshoder</LabelMstID>
    <FieldName>Status</FieldName>
    <LabelID>lblStatus2h</LabelID>
    <LabelName>مركز</LabelName>
    <LangID>2</LangID>
    <COUNTRYID>8</COUNTRYID>
    <LANGDISP>ar-KW</LANGDISP>
    <Active>TRUE</Active>
  </PageList>
  <PageList>
    <ID>124</ID>
    <LabelMstID>tbl_sleshoder</LabelMstID>
    <FieldName>Edit1</FieldName>
    <LabelID>lblEdit11s</LabelID>
    <LabelName>Action</LabelName>
    <LangID>1</LangID>
    <COUNTRYID>8</COUNTRYID>
    <LANGDISP>en-US</LANGDISP>
    <Active>TRUE</Active>
  </PageList>
  <PageList>
    <ID>125</ID>
    <LabelMstID>tbl_sleshoder</LabelMstID>
    <FieldName>Edit1</FieldName>
    <LabelID>lblEdit11s</LabelID>
    <LabelName>Edit</LabelName>
    <LangID>3</LangID>
    <COUNTRYID>8</COUNTRYID>
    <LANGDISP>fr-FR</LANGDISP>
    <Active>TRUE</Active>
  </PageList>
  <PageList>
    <ID>126</ID>
    <LabelMstID>tbl_sleshoder</LabelMstID>
    <FieldName>Edit1</FieldName>
    <LabelID>lblEdit12h</LabelID>
    <LabelName>تحرير</LabelName>
    <LangID>2</LangID>
    <COUNTRYID>8</COUNTRYID>
    <LANGDISP>ar-KW</LANGDISP>
    <Active>TRUE</Active>
  </PageList>
  <PageList>
    <ID>127</ID>
    <LabelMstID>tbl_sleshoder</LabelMstID>
    <FieldName>Deletet</FieldName>
    <LabelID>lblDeletet1s</LabelID>
    <LabelName>Invoice</LabelName>
    <LangID>1</LangID>
    <COUNTRYID>8</COUNTRYID>
    <LANGDISP>en-US</LANGDISP>
    <Active>TRUE</Active>
  </PageList>
  <PageList>
    <ID>128</ID>
    <LabelMstID>tbl_sleshoder</LabelMstID>
    <FieldName>Deletet</FieldName>
    <LabelID>lblDeletet1s</LabelID>
    <LabelName>Supprimer</LabelName>
    <LangID>3</LangID>
    <COUNTRYID>8</COUNTRYID>
    <LANGDISP>fr-FR</LANGDISP>
    <Active>TRUE</Active>
  </PageList>
  <PageList>
    <ID>129</ID>
    <LabelMstID>tbl_sleshoder</LabelMstID>
    <FieldName>Deletet</FieldName>
    <LabelID>lblDeletet2h</LabelID>
    <LabelName>سليشودير</LabelName>
    <LangID>2</LangID>
    <COUNTRYID>8</COUNTRYID>
    <LANGDISP>ar-KW</LANGDISP>
    <Active>TRUE</Active>
  </PageList>
  <PageList>
    <ID>130</ID>
    <LabelMstID>tbl_sleshoder</LabelMstID>
    <FieldName>AddReference</FieldName>
    <LabelID>lblAddReference1s</LabelID>
    <LabelName>Add Reference</LabelName>
    <LangID>1</LangID>
    <COUNTRYID>8</COUNTRYID>
    <LANGDISP>en-US</LANGDISP>
    <Active>TRUE</Active>
  </PageList>
  <PageList>
    <ID>131</ID>
    <LabelMstID>tbl_sleshoder</LabelMstID>
    <FieldName>AddReference</FieldName>
    <LabelID>lblAddReference1s</LabelID>
    <LabelName>Ajouter la référence</LabelName>
    <LangID>3</LangID>
    <COUNTRYID>8</COUNTRYID>
    <LANGDISP>fr-FR</LANGDISP>
    <Active>TRUE</Active>
  </PageList>
  <PageList>
    <ID>132</ID>
    <LabelMstID>tbl_sleshoder</LabelMstID>
    <FieldName>AddReference</FieldName>
    <LabelID>lblAddReference2h</LabelID>
    <LabelName>إضافة مرجع</LabelName>
    <LangID>2</LangID>
    <COUNTRYID>8</COUNTRYID>
    <LANGDISP>ar-KW</LANGDISP>
    <Active>TRUE</Active>
  </PageList>
  <PageList>
    <ID>133</ID>
    <LabelMstID>tbl_sleshoder</LabelMstID>
    <FieldName>ReferenceType</FieldName>
    <LabelID>lblReferenceType1s</LabelID>
    <LabelName>Reference Type</LabelName>
    <LangID>1</LangID>
    <COUNTRYID>8</COUNTRYID>
    <LANGDISP>en-US</LANGDISP>
    <Active>TRUE</Active>
  </PageList>
  <PageList>
    <ID>134</ID>
    <LabelMstID>tbl_sleshoder</LabelMstID>
    <FieldName>ReferenceType</FieldName>
    <LabelID>lblReferenceType1s</LabelID>
    <LabelName>Type référence</LabelName>
    <LangID>3</LangID>
    <COUNTRYID>8</COUNTRYID>
    <LANGDISP>fr-FR</LANGDISP>
    <Active>TRUE</Active>
  </PageList>
  <PageList>
    <ID>135</ID>
    <LabelMstID>tbl_sleshoder</LabelMstID>
    <FieldName>ReferenceType</FieldName>
    <LabelID>lblReferenceType2h</LabelID>
    <LabelName>نوع المرجع</LabelName>
    <LangID>2</LangID>
    <COUNTRYID>8</COUNTRYID>
    <LANGDISP>ar-KW</LANGDISP>
    <Active>TRUE</Active>
  </PageList>
  <PageList>
    <ID>136</ID>
    <LabelMstID>tbl_sleshoder</LabelMstID>
    <FieldName>ReferenceNo</FieldName>
    <LabelID>lblReferenceNo1s</LabelID>
    <LabelName>Reference No</LabelName>
    <LangID>1</LangID>
    <COUNTRYID>8</COUNTRYID>
    <LANGDISP>en-US</LANGDISP>
    <Active>TRUE</Active>
  </PageList>
  <PageList>
    <ID>137</ID>
    <LabelMstID>tbl_sleshoder</LabelMstID>
    <FieldName>ReferenceNo</FieldName>
    <LabelID>lblReferenceNo1s</LabelID>
    <LabelName>N° de référence</LabelName>
    <LangID>3</LangID>
    <COUNTRYID>8</COUNTRYID>
    <LANGDISP>fr-FR</LANGDISP>
    <Active>TRUE</Active>
  </PageList>
  <PageList>
    <ID>138</ID>
    <LabelMstID>tbl_sleshoder</LabelMstID>
    <FieldName>ReferenceNo</FieldName>
    <LabelID>lblReferenceNo2h</LabelID>
    <LabelName>رقم المرجع</LabelName>
    <LangID>2</LangID>
    <COUNTRYID>8</COUNTRYID>
    <LANGDISP>ar-KW</LANGDISP>
    <Active>TRUE</Active>
  </PageList>
  <PageList>
    <ID>139</ID>
    <LabelMstID>tbl_sleshoder</LabelMstID>
    <FieldName>MultiUOM</FieldName>
    <LabelID>lblMultiUOM1s</LabelID>
    <LabelName>Multi Uom</LabelName>
    <LangID>1</LangID>
    <COUNTRYID>8</COUNTRYID>
    <LANGDISP>en-US</LANGDISP>
    <Active>TRUE</Active>
  </PageList>
  <PageList>
    <ID>140</ID>
    <LabelMstID>tbl_sleshoder</LabelMstID>
    <FieldName>MultiUOM</FieldName>
    <LabelID>lblMultiUOM1s</LabelID>
    <LabelName>multi Uom</LabelName>
    <LangID>3</LangID>
    <COUNTRYID>8</COUNTRYID>
    <LANGDISP>fr-FR</LANGDISP>
    <Active>TRUE</Active>
  </PageList>
  <PageList>
    <ID>141</ID>
    <LabelMstID>tbl_sleshoder</LabelMstID>
    <FieldName>MultiUOM</FieldName>
    <LabelID>lblMultiUOM2h</LabelID>
    <LabelName>Uom متعدد</LabelName>
    <LangID>2</LangID>
    <COUNTRYID>8</COUNTRYID>
    <LANGDISP>ar-KW</LANGDISP>
    <Active>TRUE</Active>
  </PageList>
  <PageList>
    <ID>142</ID>
    <LabelMstID>tbl_sleshoder</LabelMstID>
    <FieldName>UOM</FieldName>
    <LabelID>lblUOM1s</LabelID>
    <LabelName>Uom</LabelName>
    <LangID>1</LangID>
    <COUNTRYID>8</COUNTRYID>
    <LANGDISP>en-US</LANGDISP>
    <Active>TRUE</Active>
  </PageList>
  <PageList>
    <ID>143</ID>
    <LabelMstID>tbl_sleshoder</LabelMstID>
    <FieldName>UOM</FieldName>
    <LabelID>lblUOM1s</LabelID>
    <LabelName>Unité de mesure</LabelName>
    <LangID>3</LangID>
    <COUNTRYID>8</COUNTRYID>
    <LANGDISP>fr-FR</LANGDISP>
    <Active>TRUE</Active>
  </PageList>
  <PageList>
    <ID>144</ID>
    <LabelMstID>tbl_sleshoder</LabelMstID>
    <FieldName>UOM</FieldName>
    <LabelID>lblUOM2h</LabelID>
    <LabelName>Uom</LabelName>
    <LangID>2</LangID>
    <COUNTRYID>8</COUNTRYID>
    <LANGDISP>ar-KW</LANGDISP>
    <Active>TRUE</Active>
  </PageList>
  <PageList>
    <ID>145</ID>
    <LabelMstID>tbl_sleshoder</LabelMstID>
    <FieldName>UomNewQty</FieldName>
    <LabelID>lblUomNewQty1s</LabelID>
    <LabelName>Uom New Qty</LabelName>
    <LangID>1</LangID>
    <COUNTRYID>8</COUNTRYID>
    <LANGDISP>en-US</LANGDISP>
    <Active>TRUE</Active>
  </PageList>
  <PageList>
    <ID>146</ID>
    <LabelMstID>tbl_sleshoder</LabelMstID>
    <FieldName>UomNewQty</FieldName>
    <LabelID>lblUomNewQty1s</LabelID>
    <LabelName>Unité de mesure nouvelle quantité</LabelName>
    <LangID>3</LangID>
    <COUNTRYID>8</COUNTRYID>
    <LANGDISP>fr-FR</LANGDISP>
    <Active>TRUE</Active>
  </PageList>
  <PageList>
    <ID>147</ID>
    <LabelMstID>tbl_sleshoder</LabelMstID>
    <FieldName>UomNewQty</FieldName>
    <LabelID>lblUomNewQty2h</LabelID>
    <LabelName>Uom Qty جديدة</LabelName>
    <LangID>2</LangID>
    <COUNTRYID>8</COUNTRYID>
    <LANGDISP>ar-KW</LANGDISP>
    <Active>TRUE</Active>
  </PageList>
  <PageList>
    <ID>148</ID>
    <LabelMstID>tbl_sleshoder</LabelMstID>
    <FieldName>MultiColoer</FieldName>
    <LabelID>lblMultiColoer1s</LabelID>
    <LabelName>Multi Coloer</LabelName>
    <LangID>1</LangID>
    <COUNTRYID>8</COUNTRYID>
    <LANGDISP>en-US</LANGDISP>
    <Active>TRUE</Active>
  </PageList>
  <PageList>
    <ID>149</ID>
    <LabelMstID>tbl_sleshoder</LabelMstID>
    <FieldName>MultiColoer</FieldName>
    <LabelID>lblMultiColoer1s</LabelID>
    <LabelName>Multi Coloer</LabelName>
    <LangID>3</LangID>
    <COUNTRYID>8</COUNTRYID>
    <LANGDISP>fr-FR</LANGDISP>
    <Active>TRUE</Active>
  </PageList>
  <PageList>
    <ID>150</ID>
    <LabelMstID>tbl_sleshoder</LabelMstID>
    <FieldName>MultiColoer</FieldName>
    <LabelID>lblMultiColoer2h</LabelID>
    <LabelName>كولور متعدد</LabelName>
    <LangID>2</LangID>
    <COUNTRYID>8</COUNTRYID>
    <LANGDISP>ar-KW</LANGDISP>
    <Active>TRUE</Active>
  </PageList>
  <PageList>
    <ID>151</ID>
    <LabelMstID>tbl_sleshoder</LabelMstID>
    <FieldName>MultiColoer1</FieldName>
    <LabelID>lblMultiColoer11s</LabelID>
    <LabelName>Multi Coloer</LabelName>
    <LangID>1</LangID>
    <COUNTRYID>8</COUNTRYID>
    <LANGDISP>en-US</LANGDISP>
    <Active>TRUE</Active>
  </PageList>
  <PageList>
    <ID>152</ID>
    <LabelMstID>tbl_sleshoder</LabelMstID>
    <FieldName>MultiColoer1</FieldName>
    <LabelID>lblMultiColoer11s</LabelID>
    <LabelName>Multi Coloer</LabelName>
    <LangID>3</LangID>
    <COUNTRYID>8</COUNTRYID>
    <LANGDISP>fr-FR</LANGDISP>
    <Active>TRUE</Active>
  </PageList>
  <PageList>
    <ID>153</ID>
    <LabelMstID>tbl_sleshoder</LabelMstID>
    <FieldName>MultiColoer1</FieldName>
    <LabelID>lblMultiColoer12h</LabelID>
    <LabelName>كولور متعدد</LabelName>
    <LangID>2</LangID>
    <COUNTRYID>8</COUNTRYID>
    <LANGDISP>ar-KW</LANGDISP>
    <Active>TRUE</Active>
  </PageList>
  <PageList>
    <ID>154</ID>
    <LabelMstID>tbl_sleshoder</LabelMstID>
    <FieldName>ColoerNewQty</FieldName>
    <LabelID>lblColoerNewQty1s</LabelID>
    <LabelName>Coloer New Qty</LabelName>
    <LangID>1</LangID>
    <COUNTRYID>8</COUNTRYID>
    <LANGDISP>en-US</LANGDISP>
    <Active>TRUE</Active>
  </PageList>
  <PageList>
    <ID>155</ID>
    <LabelMstID>tbl_sleshoder</LabelMstID>
    <FieldName>ColoerNewQty</FieldName>
    <LabelID>lblColoerNewQty1s</LabelID>
    <LabelName>Coloer nouvelle quantité</LabelName>
    <LangID>3</LangID>
    <COUNTRYID>8</COUNTRYID>
    <LANGDISP>fr-FR</LANGDISP>
    <Active>TRUE</Active>
  </PageList>
  <PageList>
    <ID>156</ID>
    <LabelMstID>tbl_sleshoder</LabelMstID>
    <FieldName>ColoerNewQty</FieldName>
    <LabelID>lblColoerNewQty2h</LabelID>
    <LabelName>الكمية الجديدة كولور</LabelName>
    <LangID>2</LangID>
    <COUNTRYID>8</COUNTRYID>
    <LANGDISP>ar-KW</LANGDISP>
    <Active>TRUE</Active>
  </PageList>
  <PageList>
    <ID>157</ID>
    <LabelMstID>tbl_sleshoder</LabelMstID>
    <FieldName>MultiSize</FieldName>
    <LabelID>lblMultiSize1s</LabelID>
    <LabelName>Multi Size</LabelName>
    <LangID>1</LangID>
    <COUNTRYID>8</COUNTRYID>
    <LANGDISP>en-US</LANGDISP>
    <Active>TRUE</Active>
  </PageList>
  <PageList>
    <ID>158</ID>
    <LabelMstID>tbl_sleshoder</LabelMstID>
    <FieldName>MultiSize</FieldName>
    <LabelID>lblMultiSize1s</LabelID>
    <LabelName>Multi taille</LabelName>
    <LangID>3</LangID>
    <COUNTRYID>8</COUNTRYID>
    <LANGDISP>fr-FR</LANGDISP>
    <Active>TRUE</Active>
  </PageList>
  <PageList>
    <ID>159</ID>
    <LabelMstID>tbl_sleshoder</LabelMstID>
    <FieldName>MultiSize</FieldName>
    <LabelID>lblMultiSize2h</LabelID>
    <LabelName>حجم متعدد</LabelName>
    <LangID>2</LangID>
    <COUNTRYID>8</COUNTRYID>
    <LANGDISP>ar-KW</LANGDISP>
    <Active>TRUE</Active>
  </PageList>
  <PageList>
    <ID>160</ID>
    <LabelMstID>tbl_sleshoder</LabelMstID>
    <FieldName>Size</FieldName>
    <LabelID>lblSize1s</LabelID>
    <LabelName>Size</LabelName>
    <LangID>1</LangID>
    <COUNTRYID>8</COUNTRYID>
    <LANGDISP>en-US</LANGDISP>
    <Active>TRUE</Active>
  </PageList>
  <PageList>
    <ID>161</ID>
    <LabelMstID>tbl_sleshoder</LabelMstID>
    <FieldName>Size</FieldName>
    <LabelID>lblSize1s</LabelID>
    <LabelName>Taille</LabelName>
    <LangID>3</LangID>
    <COUNTRYID>8</COUNTRYID>
    <LANGDISP>fr-FR</LANGDISP>
    <Active>TRUE</Active>
  </PageList>
  <PageList>
    <ID>162</ID>
    <LabelMstID>tbl_sleshoder</LabelMstID>
    <FieldName>Size</FieldName>
    <LabelID>lblSize2h</LabelID>
    <LabelName>الحجم</LabelName>
    <LangID>2</LangID>
    <COUNTRYID>8</COUNTRYID>
    <LANGDISP>ar-KW</LANGDISP>
    <Active>TRUE</Active>
  </PageList>
  <PageList>
    <ID>163</ID>
    <LabelMstID>tbl_sleshoder</LabelMstID>
    <FieldName>SizeNewQty</FieldName>
    <LabelID>lblSizeNewQty1s</LabelID>
    <LabelName>Size New Qty</LabelName>
    <LangID>1</LangID>
    <COUNTRYID>8</COUNTRYID>
    <LANGDISP>en-US</LANGDISP>
    <Active>TRUE</Active>
  </PageList>
  <PageList>
    <ID>164</ID>
    <LabelMstID>tbl_sleshoder</LabelMstID>
    <FieldName>SizeNewQty</FieldName>
    <LabelID>lblSizeNewQty1s</LabelID>
    <LabelName>Taille nouveau Qty</LabelName>
    <LangID>3</LangID>
    <COUNTRYID>8</COUNTRYID>
    <LANGDISP>fr-FR</LANGDISP>
    <Active>TRUE</Active>
  </PageList>
  <PageList>
    <ID>165</ID>
    <LabelMstID>tbl_sleshoder</LabelMstID>
    <FieldName>SizeNewQty</FieldName>
    <LabelID>lblSizeNewQty2h</LabelID>
    <LabelName>الحجم الكمية الجديدة</LabelName>
    <LangID>2</LangID>
    <COUNTRYID>8</COUNTRYID>
    <LANGDISP>ar-KW</LANGDISP>
    <Active>TRUE</Active>
  </PageList>
  <PageList>
    <ID>166</ID>
    <LabelMstID>tbl_sleshoder</LabelMstID>
    <FieldName>Perishable</FieldName>
    <LabelID>lblPerishable1s</LabelID>
    <LabelName>Perishable</LabelName>
    <LangID>1</LangID>
    <COUNTRYID>8</COUNTRYID>
    <LANGDISP>en-US</LANGDISP>
    <Active>TRUE</Active>
  </PageList>
  <PageList>
    <ID>167</ID>
    <LabelMstID>tbl_sleshoder</LabelMstID>
    <FieldName>Perishable</FieldName>
    <LabelID>lblPerishable1s</LabelID>
    <LabelName>Périssables</LabelName>
    <LangID>3</LangID>
    <COUNTRYID>8</COUNTRYID>
    <LANGDISP>fr-FR</LANGDISP>
    <Active>TRUE</Active>
  </PageList>
  <PageList>
    <ID>168</ID>
    <LabelMstID>tbl_sleshoder</LabelMstID>
    <FieldName>Perishable</FieldName>
    <LabelID>lblPerishable2h</LabelID>
    <LabelName>القابلة للتلف</LabelName>
    <LangID>2</LangID>
    <COUNTRYID>8</COUNTRYID>
    <LANGDISP>ar-KW</LANGDISP>
    <Active>TRUE</Active>
  </PageList>
  <PageList>
    <ID>169</ID>
    <LabelMstID>tbl_sleshoder</LabelMstID>
    <FieldName>BatchNumber</FieldName>
    <LabelID>lblBatchNumber1s</LabelID>
    <LabelName>Invoice</LabelName>
    <LangID>1</LangID>
    <COUNTRYID>8</COUNTRYID>
    <LANGDISP>en-US</LANGDISP>
    <Active>TRUE</Active>
  </PageList>
  <PageList>
    <ID>170</ID>
    <LabelMstID>tbl_sleshoder</LabelMstID>
    <FieldName>BatchNumber</FieldName>
    <LabelID>lblBatchNumber1s</LabelID>
    <LabelName>Numéro de lot</LabelName>
    <LangID>3</LangID>
    <COUNTRYID>8</COUNTRYID>
    <LANGDISP>fr-FR</LANGDISP>
    <Active>TRUE</Active>
  </PageList>
  <PageList>
    <ID>171</ID>
    <LabelMstID>tbl_sleshoder</LabelMstID>
    <FieldName>BatchNumber</FieldName>
    <LabelID>lblBatchNumber2h</LabelID>
    <LabelName>سليشودير</LabelName>
    <LangID>2</LangID>
    <COUNTRYID>8</COUNTRYID>
    <LANGDISP>ar-KW</LANGDISP>
    <Active>TRUE</Active>
  </PageList>
  <PageList>
    <ID>172</ID>
    <LabelMstID>tbl_sleshoder</LabelMstID>
    <FieldName>ProductDate</FieldName>
    <LabelID>lblProductDate1s</LabelID>
    <LabelName>Invoice</LabelName>
    <LangID>1</LangID>
    <COUNTRYID>8</COUNTRYID>
    <LANGDISP>en-US</LANGDISP>
    <Active>TRUE</Active>
  </PageList>
  <PageList>
    <ID>173</ID>
    <LabelMstID>tbl_sleshoder</LabelMstID>
    <FieldName>ProductDate</FieldName>
    <LabelID>lblProductDate1s</LabelID>
    <LabelName>Date du produit</LabelName>
    <LangID>3</LangID>
    <COUNTRYID>8</COUNTRYID>
    <LANGDISP>fr-FR</LANGDISP>
    <Active>TRUE</Active>
  </PageList>
  <PageList>
    <ID>174</ID>
    <LabelMstID>tbl_sleshoder</LabelMstID>
    <FieldName>ProductDate</FieldName>
    <LabelID>lblProductDate2h</LabelID>
    <LabelName>سليشودير</LabelName>
    <LangID>2</LangID>
    <COUNTRYID>8</COUNTRYID>
    <LANGDISP>ar-KW</LANGDISP>
    <Active>TRUE</Active>
  </PageList>
  <PageList>
    <ID>175</ID>
    <LabelMstID>tbl_sleshoder</LabelMstID>
    <FieldName>ExpiryDate</FieldName>
    <LabelID>lblExpiryDate1s</LabelID>
    <LabelName>Invoice</LabelName>
    <LangID>1</LangID>
    <COUNTRYID>8</COUNTRYID>
    <LANGDISP>en-US</LANGDISP>
    <Active>TRUE</Active>
  </PageList>
  <PageList>
    <ID>176</ID>
    <LabelMstID>tbl_sleshoder</LabelMstID>
    <FieldName>ExpiryDate</FieldName>
    <LabelID>lblExpiryDate1s</LabelID>
    <LabelName>Date d’expiration</LabelName>
    <LangID>3</LangID>
    <COUNTRYID>8</COUNTRYID>
    <LANGDISP>fr-FR</LANGDISP>
    <Active>TRUE</Active>
  </PageList>
  <PageList>
    <ID>177</ID>
    <LabelMstID>tbl_sleshoder</LabelMstID>
    <FieldName>ExpiryDate</FieldName>
    <LabelID>lblExpiryDate2h</LabelID>
    <LabelName>سليشودير</LabelName>
    <LangID>2</LangID>
    <COUNTRYID>8</COUNTRYID>
    <LANGDISP>ar-KW</LANGDISP>
    <Active>TRUE</Active>
  </PageList>
  <PageList>
    <ID>178</ID>
    <LabelMstID>tbl_sleshoder</LabelMstID>
    <FieldName>LeadtoDestroy</FieldName>
    <LabelID>lblLeadtoDestroy1s</LabelID>
    <LabelName>Invoice</LabelName>
    <LangID>1</LangID>
    <COUNTRYID>8</COUNTRYID>
    <LANGDISP>en-US</LANGDISP>
    <Active>TRUE</Active>
  </PageList>
  <PageList>
    <ID>179</ID>
    <LabelMstID>tbl_sleshoder</LabelMstID>
    <FieldName>LeadtoDestroy</FieldName>
    <LabelID>lblLeadtoDestroy1s</LabelID>
    <LabelName>Plomb pour détruire</LabelName>
    <LangID>3</LangID>
    <COUNTRYID>8</COUNTRYID>
    <LANGDISP>fr-FR</LANGDISP>
    <Active>TRUE</Active>
  </PageList>
  <PageList>
    <ID>180</ID>
    <LabelMstID>tbl_sleshoder</LabelMstID>
    <FieldName>LeadtoDestroy</FieldName>
    <LabelID>lblLeadtoDestroy2h</LabelID>
    <LabelName>سليشودير</LabelName>
    <LangID>2</LangID>
    <COUNTRYID>8</COUNTRYID>
    <LANGDISP>ar-KW</LANGDISP>
    <Active>TRUE</Active>
  </PageList>
  <PageList>
    <ID>181</ID>
    <LabelMstID>tbl_sleshoder</LabelMstID>
    <FieldName>MultiBin</FieldName>
    <LabelID>lblMultiBin1s</LabelID>
    <LabelName>Multi Bin</LabelName>
    <LangID>1</LangID>
    <COUNTRYID>8</COUNTRYID>
    <LANGDISP>en-US</LANGDISP>
    <Active>TRUE</Active>
  </PageList>
  <PageList>
    <ID>182</ID>
    <LabelMstID>tbl_sleshoder</LabelMstID>
    <FieldName>MultiBin</FieldName>
    <LabelID>lblMultiBin1s</LabelID>
    <LabelName>Bin multi</LabelName>
    <LangID>3</LangID>
    <COUNTRYID>8</COUNTRYID>
    <LANGDISP>fr-FR</LANGDISP>
    <Active>TRUE</Active>
  </PageList>
  <PageList>
    <ID>183</ID>
    <LabelMstID>tbl_sleshoder</LabelMstID>
    <FieldName>MultiBin</FieldName>
    <LabelID>lblMultiBin2h</LabelID>
    <LabelName>بن متعدد</LabelName>
    <LangID>2</LangID>
    <COUNTRYID>8</COUNTRYID>
    <LANGDISP>ar-KW</LANGDISP>
    <Active>TRUE</Active>
  </PageList>
  <PageList>
    <ID>184</ID>
    <LabelMstID>tbl_sleshoder</LabelMstID>
    <FieldName>Bin</FieldName>
    <LabelID>lblBin1s</LabelID>
    <LabelName>Bin</LabelName>
    <LangID>1</LangID>
    <COUNTRYID>8</COUNTRYID>
    <LANGDISP>en-US</LANGDISP>
    <Active>TRUE</Active>
  </PageList>
  <PageList>
    <ID>185</ID>
    <LabelMstID>tbl_sleshoder</LabelMstID>
    <FieldName>Bin</FieldName>
    <LabelID>lblBin1s</LabelID>
    <LabelName>Bin</LabelName>
    <LangID>3</LangID>
    <COUNTRYID>8</COUNTRYID>
    <LANGDISP>fr-FR</LANGDISP>
    <Active>TRUE</Active>
  </PageList>
  <PageList>
    <ID>186</ID>
    <LabelMstID>tbl_sleshoder</LabelMstID>
    <FieldName>Bin</FieldName>
    <LabelID>lblBin2h</LabelID>
    <LabelName>بن</LabelName>
    <LangID>2</LangID>
    <COUNTRYID>8</COUNTRYID>
    <LANGDISP>ar-KW</LANGDISP>
    <Active>TRUE</Active>
  </PageList>
  <PageList>
    <ID>187</ID>
    <LabelMstID>tbl_sleshoder</LabelMstID>
    <FieldName>Qty</FieldName>
    <LabelID>lblQty1s</LabelID>
    <LabelName>Qty</LabelName>
    <LangID>1</LangID>
    <COUNTRYID>8</COUNTRYID>
    <LANGDISP>en-US</LANGDISP>
    <Active>TRUE</Active>
  </PageList>
  <PageList>
    <ID>188</ID>
    <LabelMstID>tbl_sleshoder</LabelMstID>
    <FieldName>Qty</FieldName>
    <LabelID>lblQty1s</LabelID>
    <LabelName>Qté</LabelName>
    <LangID>3</LangID>
    <COUNTRYID>8</COUNTRYID>
    <LANGDISP>fr-FR</LANGDISP>
    <Active>TRUE</Active>
  </PageList>
  <PageList>
    <ID>189</ID>
    <LabelMstID>tbl_sleshoder</LabelMstID>
    <FieldName>Qty</FieldName>
    <LabelID>lblQty2h</LabelID>
    <LabelName>الكمية</LabelName>
    <LangID>2</LangID>
    <COUNTRYID>8</COUNTRYID>
    <LANGDISP>ar-KW</LANGDISP>
    <Active>TRUE</Active>
  </PageList>
  <PageList>
    <ID>190</ID>
    <LabelMstID>tbl_sleshoder</LabelMstID>
    <FieldName>Serialization</FieldName>
    <LabelID>lblSerialization1s</LabelID>
    <LabelName>Serialization</LabelName>
    <LangID>1</LangID>
    <COUNTRYID>8</COUNTRYID>
    <LANGDISP>en-US</LANGDISP>
    <Active>TRUE</Active>
  </PageList>
  <PageList>
    <ID>191</ID>
    <LabelMstID>tbl_sleshoder</LabelMstID>
    <FieldName>Serialization</FieldName>
    <LabelID>lblSerialization1s</LabelID>
    <LabelName>Sérialisation</LabelName>
    <LangID>3</LangID>
    <COUNTRYID>8</COUNTRYID>
    <LANGDISP>fr-FR</LANGDISP>
    <Active>TRUE</Active>
  </PageList>
  <PageList>
    <ID>192</ID>
    <LabelMstID>tbl_sleshoder</LabelMstID>
    <FieldName>Serialization</FieldName>
    <LabelID>lblSerialization2h</LabelID>
    <LabelName>التسلسل</LabelName>
    <LangID>2</LangID>
    <COUNTRYID>8</COUNTRYID>
    <LANGDISP>ar-KW</LANGDISP>
    <Active>TRUE</Active>
  </PageList>
  <PageList>
    <ID>193</ID>
    <LabelMstID>tbl_sleshoder</LabelMstID>
    <FieldName>SerializationNo</FieldName>
    <LabelID>lblSerializationNo1s</LabelID>
    <LabelName>Serialization No</LabelName>
    <LangID>1</LangID>
    <COUNTRYID>8</COUNTRYID>
    <LANGDISP>en-US</LANGDISP>
    <Active>TRUE</Active>
  </PageList>
  <PageList>
    <ID>194</ID>
    <LabelMstID>tbl_sleshoder</LabelMstID>
    <FieldName>SerializationNo</FieldName>
    <LabelID>lblSerializationNo1s</LabelID>
    <LabelName>N° de sérialisation</LabelName>
    <LangID>3</LangID>
    <COUNTRYID>8</COUNTRYID>
    <LANGDISP>fr-FR</LANGDISP>
    <Active>TRUE</Active>
  </PageList>
  <PageList>
    <ID>195</ID>
    <LabelMstID>tbl_sleshoder</LabelMstID>
    <FieldName>SerializationNo</FieldName>
    <LabelID>lblSerializationNo2h</LabelID>
    <LabelName>رقم التسلسل</LabelName>
    <LangID>2</LangID>
    <COUNTRYID>8</COUNTRYID>
    <LANGDISP>ar-KW</LANGDISP>
    <Active>TRUE</Active>
  </PageList>
  <PageList>
    <ID>196</ID>
    <LabelMstID>tbl_sleshoder</LabelMstID>
    <FieldName>SendMail</FieldName>
    <LabelID>lblSendMail1s</LabelID>
    <LabelName>Send Mail</LabelName>
    <LangID>1</LangID>
    <COUNTRYID>8</COUNTRYID>
    <LANGDISP>en-US</LANGDISP>
    <Active>TRUE</Active>
  </PageList>
  <PageList>
    <ID>197</ID>
    <LabelMstID>tbl_sleshoder</LabelMstID>
    <FieldName>SendMail</FieldName>
    <LabelID>lblSendMail1s</LabelID>
    <LabelName>Envoyer un Mail</LabelName>
    <LangID>3</LangID>
    <COUNTRYID>8</COUNTRYID>
    <LANGDISP>fr-FR</LANGDISP>
    <Active>TRUE</Active>
  </PageList>
  <PageList>
    <ID>198</ID>
    <LabelMstID>tbl_sleshoder</LabelMstID>
    <FieldName>SendMail</FieldName>
    <LabelID>lblSendMail2h</LabelID>
    <LabelName>إرسال البريد</LabelName>
    <LangID>2</LangID>
    <COUNTRYID>8</COUNTRYID>
    <LANGDISP>ar-KW</LANGDISP>
    <Active>TRUE</Active>
  </PageList>
  <PageList>
    <ID>199</ID>
    <LabelMstID>tbl_sleshoder</LabelMstID>
    <FieldName>ToRecipients</FieldName>
    <LabelID>lblToRecipients1s</LabelID>
    <LabelName>Torecipients</LabelName>
    <LangID>1</LangID>
    <COUNTRYID>8</COUNTRYID>
    <LANGDISP>en-US</LANGDISP>
    <Active>TRUE</Active>
  </PageList>
  <PageList>
    <ID>200</ID>
    <LabelMstID>tbl_sleshoder</LabelMstID>
    <FieldName>ToRecipients</FieldName>
    <LabelID>lblToRecipients1s</LabelID>
    <LabelName>ToRecipients</LabelName>
    <LangID>3</LangID>
    <COUNTRYID>8</COUNTRYID>
    <LANGDISP>fr-FR</LANGDISP>
    <Active>TRUE</Active>
  </PageList>
  <PageList>
    <ID>201</ID>
    <LabelMstID>tbl_sleshoder</LabelMstID>
    <FieldName>ToRecipients</FieldName>
    <LabelID>lblToRecipients2h</LabelID>
    <LabelName>توريسيبينتس</LabelName>
    <LangID>2</LangID>
    <COUNTRYID>8</COUNTRYID>
    <LANGDISP>ar-KW</LANGDISP>
    <Active>TRUE</Active>
  </PageList>
  <PageList>
    <ID>202</ID>
    <LabelMstID>tbl_sleshoder</LabelMstID>
    <FieldName>CC</FieldName>
    <LabelID>lblCC1s</LabelID>
    <LabelName>Cc</LabelName>
    <LangID>1</LangID>
    <COUNTRYID>8</COUNTRYID>
    <LANGDISP>en-US</LANGDISP>
    <Active>TRUE</Active>
  </PageList>
  <PageList>
    <ID>203</ID>
    <LabelMstID>tbl_sleshoder</LabelMstID>
    <FieldName>CC</FieldName>
    <LabelID>lblCC1s</LabelID>
    <LabelName>CC</LabelName>
    <LangID>3</LangID>
    <COUNTRYID>8</COUNTRYID>
    <LANGDISP>fr-FR</LANGDISP>
    <Active>TRUE</Active>
  </PageList>
  <PageList>
    <ID>204</ID>
    <LabelMstID>tbl_sleshoder</LabelMstID>
    <FieldName>CC</FieldName>
    <LabelID>lblCC2h</LabelID>
    <LabelName>Cc</LabelName>
    <LangID>2</LangID>
    <COUNTRYID>8</COUNTRYID>
    <LANGDISP>ar-KW</LANGDISP>
    <Active>TRUE</Active>
  </PageList>
  <PageList>
    <ID>205</ID>
    <LabelMstID>tbl_sleshoder</LabelMstID>
    <FieldName>NULL</FieldName>
    <LabelID>lblHeader1s</LabelID>
    <LabelName>Invoice</LabelName>
    <LangID>1</LangID>
    <COUNTRYID>8</COUNTRYID>
    <LANGDISP>en-US</LANGDISP>
    <Active>TRUE</Active>
  </PageList>
  <PageList>
    <ID>206</ID>
    <LabelMstID>tbl_sleshoder</LabelMstID>
    <FieldName>NULL</FieldName>
    <LabelID>lblHeader1s</LabelID>
    <LabelName>sleshoder</LabelName>
    <LangID>3</LangID>
    <COUNTRYID>8</COUNTRYID>
    <LANGDISP>fr-FR</LANGDISP>
    <Active>TRUE</Active>
  </PageList>
  <PageList>
    <ID>207</ID>
    <LabelMstID>tbl_sleshoder</LabelMstID>
    <FieldName>NULL</FieldName>
    <LabelID>lblHeader2h</LabelID>
    <LabelName>سليشودير</LabelName>
    <LangID>2</LangID>
    <COUNTRYID>8</COUNTRYID>
    <LANGDISP>ar-KW</LANGDISP>
    <Active>TRUE</Active>
  </PageList>
</TBLLabelDTL>