<?xml version="1.0" standalone="yes"?>
<TBLLabelDTL>
  <PageList>
    <ID>1</ID>
    <LabelMstID>tbl_Lead_Mst</LabelMstID>
    <FieldName>TenantID</FieldName>
    <LabelID>lblTenantID1s</LabelID>
    <LabelName>Lead</LabelName>
    <LangID>1</LangID>
    <COUNTRYID>8</COUNTRYID>
    <LANGDISP>en-US</LANGDISP>
    <Active>TRUE</Active>
  </PageList>
  <PageList>
    <ID>2</ID>
    <LabelMstID>tbl_Lead_Mst</LabelMstID>
    <FieldName>TenantID</FieldName>
    <LabelID>lblTenantID1s</LabelID>
    <LabelName>Nom du locataire</LabelName>
    <LangID>3</LangID>
    <COUNTRYID>8</COUNTRYID>
    <LANGDISP>fr-FR</LANGDISP>
    <Active>TRUE</Active>
  </PageList>
  <PageList>
    <ID>3</ID>
    <LabelMstID>tbl_Lead_Mst</LabelMstID>
    <FieldName>TenantID</FieldName>
    <LabelID>lblTenantID2h</LabelID>
    <LabelName>اسم المستأجر</LabelName>
    <LangID>2</LangID>
    <COUNTRYID>8</COUNTRYID>
    <LANGDISP>ar-KW</LANGDISP>
    <Active>TRUE</Active>
  </PageList>
  <PageList>
    <ID>4</ID>
    <LabelMstID>tbl_Lead_Mst</LabelMstID>
    <FieldName>ID</FieldName>
    <LabelID>lblID1s</LabelID>
    <LabelName> Name</LabelName>
    <LangID>1</LangID>
    <COUNTRYID>8</COUNTRYID>
    <LANGDISP>en-US</LANGDISP>
    <Active>TRUE</Active>
  </PageList>
  <PageList>
    <ID>5</ID>
    <LabelMstID>tbl_Lead_Mst</LabelMstID>
    <FieldName>ID</FieldName>
    <LabelID>lblID1s</LabelID>
    <LabelName> Nom</LabelName>
    <LangID>3</LangID>
    <COUNTRYID>8</COUNTRYID>
    <LANGDISP>fr-FR</LANGDISP>
    <Active>TRUE</Active>
  </PageList>
  <PageList>
    <ID>6</ID>
    <LabelMstID>tbl_Lead_Mst</LabelMstID>
    <FieldName>ID</FieldName>
    <LabelID>lblID2h</LabelID>
    <LabelName> الاسم</LabelName>
    <LangID>2</LangID>
    <COUNTRYID>8</COUNTRYID>
    <LANGDISP>ar-KW</LANGDISP>
    <Active>TRUE</Active>
  </PageList>
  <PageList>
    <ID>7</ID>
    <LabelMstID>tbl_Lead_Mst</LabelMstID>
    <FieldName>Conact_id</FieldName>
    <LabelID>lblConact_id1s</LabelID>
    <LabelName>Person to be Contacted</LabelName>
    <LangID>1</LangID>
    <COUNTRYID>8</COUNTRYID>
    <LANGDISP>en-US</LANGDISP>
    <Active>TRUE</Active>
  </PageList>
  <PageList>
    <ID>8</ID>
    <LabelMstID>tbl_Lead_Mst</LabelMstID>
    <FieldName>Conact_id</FieldName>
    <LabelID>lblConact_id1s</LabelID>
    <LabelName>Conact nom</LabelName>
    <LangID>3</LangID>
    <COUNTRYID>8</COUNTRYID>
    <LANGDISP>fr-FR</LANGDISP>
    <Active>TRUE</Active>
  </PageList>
  <PageList>
    <ID>9</ID>
    <LabelMstID>tbl_Lead_Mst</LabelMstID>
    <FieldName>Conact_id</FieldName>
    <LabelID>lblConact_id2h</LabelID>
    <LabelName>اسم اتصل</LabelName>
    <LangID>2</LangID>
    <COUNTRYID>8</COUNTRYID>
    <LANGDISP>ar-KW</LANGDISP>
    <Active>TRUE</Active>
  </PageList>
  <PageList>
    <ID>10</ID>
    <LabelMstID>tbl_Lead_Mst</LabelMstID>
    <FieldName>Customer_id</FieldName>
    <LabelID>lblCustomer_id1s</LabelID>
    <LabelName>Customer Name</LabelName>
    <LangID>1</LangID>
    <COUNTRYID>8</COUNTRYID>
    <LANGDISP>en-US</LANGDISP>
    <Active>TRUE</Active>
  </PageList>
  <PageList>
    <ID>11</ID>
    <LabelMstID>tbl_Lead_Mst</LabelMstID>
    <FieldName>Customer_id</FieldName>
    <LabelID>lblCustomer_id1s</LabelID>
    <LabelName>Nom du client</LabelName>
    <LangID>3</LangID>
    <COUNTRYID>8</COUNTRYID>
    <LANGDISP>fr-FR</LANGDISP>
    <Active>TRUE</Active>
  </PageList>
  <PageList>
    <ID>12</ID>
    <LabelMstID>tbl_Lead_Mst</LabelMstID>
    <FieldName>Customer_id</FieldName>
    <LabelID>lblCustomer_id2h</LabelID>
    <LabelName>اسم العميل</LabelName>
    <LangID>2</LangID>
    <COUNTRYID>8</COUNTRYID>
    <LANGDISP>ar-KW</LANGDISP>
    <Active>TRUE</Active>
  </PageList>
  <PageList>
    <ID>13</ID>
    <LabelMstID>tbl_Lead_Mst</LabelMstID>
    <FieldName>Supplier_id</FieldName>
    <LabelID>lblSupplier_id1s</LabelID>
    <LabelName>Supplier Name</LabelName>
    <LangID>1</LangID>
    <COUNTRYID>8</COUNTRYID>
    <LANGDISP>en-US</LANGDISP>
    <Active>TRUE</Active>
  </PageList>
  <PageList>
    <ID>14</ID>
    <LabelMstID>tbl_Lead_Mst</LabelMstID>
    <FieldName>Supplier_id</FieldName>
    <LabelID>lblSupplier_id1s</LabelID>
    <LabelName>Nom du fournisseur</LabelName>
    <LangID>3</LangID>
    <COUNTRYID>8</COUNTRYID>
    <LANGDISP>fr-FR</LANGDISP>
    <Active>TRUE</Active>
  </PageList>
  <PageList>
    <ID>15</ID>
    <LabelMstID>tbl_Lead_Mst</LabelMstID>
    <FieldName>Supplier_id</FieldName>
    <LabelID>lblSupplier_id2h</LabelID>
    <LabelName>اسم المورد</LabelName>
    <LangID>2</LangID>
    <COUNTRYID>8</COUNTRYID>
    <LANGDISP>ar-KW</LANGDISP>
    <Active>TRUE</Active>
  </PageList>
  <PageList>
    <ID>16</ID>
    <LabelMstID>tbl_Lead_Mst</LabelMstID>
    <FieldName>Project_id</FieldName>
    <LabelID>lblProject_id1s</LabelID>
    <LabelName>Project Name</LabelName>
    <LangID>1</LangID>
    <COUNTRYID>8</COUNTRYID>
    <LANGDISP>en-US</LANGDISP>
    <Active>TRUE</Active>
  </PageList>
  <PageList>
    <ID>17</ID>
    <LabelMstID>tbl_Lead_Mst</LabelMstID>
    <FieldName>Project_id</FieldName>
    <LabelID>lblProject_id1s</LabelID>
    <LabelName>Nom du projet</LabelName>
    <LangID>3</LangID>
    <COUNTRYID>8</COUNTRYID>
    <LANGDISP>fr-FR</LANGDISP>
    <Active>TRUE</Active>
  </PageList>
  <PageList>
    <ID>18</ID>
    <LabelMstID>tbl_Lead_Mst</LabelMstID>
    <FieldName>Project_id</FieldName>
    <LabelID>lblProject_id2h</LabelID>
    <LabelName>اسم المشروع</LabelName>
    <LangID>2</LangID>
    <COUNTRYID>8</COUNTRYID>
    <LANGDISP>ar-KW</LANGDISP>
    <Active>TRUE</Active>
  </PageList>
  <PageList>
    <ID>19</ID>
    <LabelMstID>tbl_Lead_Mst</LabelMstID>
    <FieldName>Salutation</FieldName>
    <LabelID>lblSalutation1s</LabelID>
    <LabelName>Salutation</LabelName>
    <LangID>1</LangID>
    <COUNTRYID>8</COUNTRYID>
    <LANGDISP>en-US</LANGDISP>
    <Active>TRUE</Active>
  </PageList>
  <PageList>
    <ID>20</ID>
    <LabelMstID>tbl_Lead_Mst</LabelMstID>
    <FieldName>Salutation</FieldName>
    <LabelID>lblSalutation1s</LabelID>
    <LabelName>Formule de politesse</LabelName>
    <LangID>3</LangID>
    <COUNTRYID>8</COUNTRYID>
    <LANGDISP>fr-FR</LANGDISP>
    <Active>TRUE</Active>
  </PageList>
  <PageList>
    <ID>21</ID>
    <LabelMstID>tbl_Lead_Mst</LabelMstID>
    <FieldName>Salutation</FieldName>
    <LabelID>lblSalutation2h</LabelID>
    <LabelName>التحية</LabelName>
    <LangID>2</LangID>
    <COUNTRYID>8</COUNTRYID>
    <LANGDISP>ar-KW</LANGDISP>
    <Active>TRUE</Active>
  </PageList>
  <PageList>
    <ID>22</ID>
    <LabelMstID>tbl_Lead_Mst</LabelMstID>
    <FieldName>Title</FieldName>
    <LabelID>lblTitle1s</LabelID>
    <LabelName>Title</LabelName>
    <LangID>1</LangID>
    <COUNTRYID>8</COUNTRYID>
    <LANGDISP>en-US</LANGDISP>
    <Active>TRUE</Active>
  </PageList>
  <PageList>
    <ID>23</ID>
    <LabelMstID>tbl_Lead_Mst</LabelMstID>
    <FieldName>Title</FieldName>
    <LabelID>lblTitle1s</LabelID>
    <LabelName>Titre</LabelName>
    <LangID>3</LangID>
    <COUNTRYID>8</COUNTRYID>
    <LANGDISP>fr-FR</LANGDISP>
    <Active>TRUE</Active>
  </PageList>
  <PageList>
    <ID>24</ID>
    <LabelMstID>tbl_Lead_Mst</LabelMstID>
    <FieldName>Title</FieldName>
    <LabelID>lblTitle2h</LabelID>
    <LabelName>العنوان</LabelName>
    <LangID>2</LangID>
    <COUNTRYID>8</COUNTRYID>
    <LANGDISP>ar-KW</LANGDISP>
    <Active>TRUE</Active>
  </PageList>
  <PageList>
    <ID>25</ID>
    <LabelMstID>tbl_Lead_Mst</LabelMstID>
    <FieldName>TwitterScreenName</FieldName>
    <LabelID>lblTwitterScreenName1s</LabelID>
    <LabelName>Twitter Screen Name</LabelName>
    <LangID>1</LangID>
    <COUNTRYID>8</COUNTRYID>
    <LANGDISP>en-US</LANGDISP>
    <Active>TRUE</Active>
  </PageList>
  <PageList>
    <ID>26</ID>
    <LabelMstID>tbl_Lead_Mst</LabelMstID>
    <FieldName>TwitterScreenName</FieldName>
    <LabelID>lblTwitterScreenName1s</LabelID>
    <LabelName>Nom d'écran Twitter</LabelName>
    <LangID>3</LangID>
    <COUNTRYID>8</COUNTRYID>
    <LANGDISP>fr-FR</LANGDISP>
    <Active>TRUE</Active>
  </PageList>
  <PageList>
    <ID>27</ID>
    <LabelMstID>tbl_Lead_Mst</LabelMstID>
    <FieldName>TwitterScreenName</FieldName>
    <LabelID>lblTwitterScreenName2h</LabelID>
    <LabelName>اسم الشاشة التغريد</LabelName>
    <LangID>2</LangID>
    <COUNTRYID>8</COUNTRYID>
    <LANGDISP>ar-KW</LANGDISP>
    <Active>TRUE</Active>
  </PageList>
  <PageList>
    <ID>28</ID>
    <LabelMstID>tbl_Lead_Mst</LabelMstID>
    <FieldName>Refered_by</FieldName>
    <LabelID>lblRefered_by1s</LabelID>
    <LabelName>Referred by</LabelName>
    <LangID>1</LangID>
    <COUNTRYID>8</COUNTRYID>
    <LANGDISP>en-US</LANGDISP>
    <Active>TRUE</Active>
  </PageList>
  <PageList>
    <ID>29</ID>
    <LabelMstID>tbl_Lead_Mst</LabelMstID>
    <FieldName>Refered_by</FieldName>
    <LabelID>lblRefered_by1s</LabelID>
    <LabelName>Référé par</LabelName>
    <LangID>3</LangID>
    <COUNTRYID>8</COUNTRYID>
    <LANGDISP>fr-FR</LANGDISP>
    <Active>TRUE</Active>
  </PageList>
  <PageList>
    <ID>30</ID>
    <LabelMstID>tbl_Lead_Mst</LabelMstID>
    <FieldName>Refered_by</FieldName>
    <LabelID>lblRefered_by2h</LabelID>
    <LabelName>المشار بها</LabelName>
    <LangID>2</LangID>
    <COUNTRYID>8</COUNTRYID>
    <LANGDISP>ar-KW</LANGDISP>
    <Active>TRUE</Active>
  </PageList>
  <PageList>
    <ID>31</ID>
    <LabelMstID>tbl_Lead_Mst</LabelMstID>
    <FieldName>lead_source</FieldName>
    <LabelID>lbllead_source1s</LabelID>
    <LabelName>Lead source</LabelName>
    <LangID>1</LangID>
    <COUNTRYID>8</COUNTRYID>
    <LANGDISP>en-US</LANGDISP>
    <Active>TRUE</Active>
  </PageList>
  <PageList>
    <ID>32</ID>
    <LabelMstID>tbl_Lead_Mst</LabelMstID>
    <FieldName>lead_source</FieldName>
    <LabelID>lbllead_source1s</LabelID>
    <LabelName>Source de plomb</LabelName>
    <LangID>3</LangID>
    <COUNTRYID>8</COUNTRYID>
    <LANGDISP>fr-FR</LANGDISP>
    <Active>TRUE</Active>
  </PageList>
  <PageList>
    <ID>33</ID>
    <LabelMstID>tbl_Lead_Mst</LabelMstID>
    <FieldName>lead_source</FieldName>
    <LabelID>lbllead_source2h</LabelID>
    <LabelName>يؤدي المصدر</LabelName>
    <LangID>2</LangID>
    <COUNTRYID>8</COUNTRYID>
    <LANGDISP>ar-KW</LANGDISP>
    <Active>TRUE</Active>
  </PageList>
  <PageList>
    <ID>34</ID>
    <LabelMstID>tbl_Lead_Mst</LabelMstID>
    <FieldName>Status</FieldName>
    <LabelID>lblStatus1s</LabelID>
    <LabelName>Status of the Lead </LabelName>
    <LangID>1</LangID>
    <COUNTRYID>8</COUNTRYID>
    <LANGDISP>en-US</LANGDISP>
    <Active>TRUE</Active>
  </PageList>
  <PageList>
    <ID>35</ID>
    <LabelMstID>tbl_Lead_Mst</LabelMstID>
    <FieldName>Status</FieldName>
    <LabelID>lblStatus1s</LabelID>
    <LabelName>Statut</LabelName>
    <LangID>3</LangID>
    <COUNTRYID>8</COUNTRYID>
    <LANGDISP>fr-FR</LANGDISP>
    <Active>TRUE</Active>
  </PageList>
  <PageList>
    <ID>36</ID>
    <LabelMstID>tbl_Lead_Mst</LabelMstID>
    <FieldName>Status</FieldName>
    <LabelID>lblStatus2h</LabelID>
    <LabelName>مركز</LabelName>
    <LangID>2</LangID>
    <COUNTRYID>8</COUNTRYID>
    <LANGDISP>ar-KW</LANGDISP>
    <Active>TRUE</Active>
  </PageList>
  <PageList>
    <ID>37</ID>
    <LabelMstID>tbl_Lead_Mst</LabelMstID>
    <FieldName>Department</FieldName>
    <LabelID>lblDepartment1s</LabelID>
    <LabelName>Performing Department</LabelName>
    <LangID>1</LangID>
    <COUNTRYID>8</COUNTRYID>
    <LANGDISP>en-US</LANGDISP>
    <Active>TRUE</Active>
  </PageList>
  <PageList>
    <ID>38</ID>
    <LabelMstID>tbl_Lead_Mst</LabelMstID>
    <FieldName>Department</FieldName>
    <LabelID>lblDepartment1s</LabelID>
    <LabelName>Département</LabelName>
    <LangID>3</LangID>
    <COUNTRYID>8</COUNTRYID>
    <LANGDISP>fr-FR</LANGDISP>
    <Active>TRUE</Active>
  </PageList>
  <PageList>
    <ID>39</ID>
    <LabelMstID>tbl_Lead_Mst</LabelMstID>
    <FieldName>Department</FieldName>
    <LabelID>lblDepartment2h</LabelID>
    <LabelName>إدارة</LabelName>
    <LangID>2</LangID>
    <COUNTRYID>8</COUNTRYID>
    <LANGDISP>ar-KW</LANGDISP>
    <Active>TRUE</Active>
  </PageList>
  <PageList>
    <ID>40</ID>
    <LabelMstID>tbl_Lead_Mst</LabelMstID>
    <FieldName>Do_not_call</FieldName>
    <LabelID>lblDo_not_call1s</LabelID>
    <LabelName>Do not call</LabelName>
    <LangID>1</LangID>
    <COUNTRYID>8</COUNTRYID>
    <LANGDISP>en-US</LANGDISP>
    <Active>TRUE</Active>
  </PageList>
  <PageList>
    <ID>41</ID>
    <LabelMstID>tbl_Lead_Mst</LabelMstID>
    <FieldName>Do_not_call</FieldName>
    <LabelID>lblDo_not_call1s</LabelID>
    <LabelName>N'appelez pas</LabelName>
    <LangID>3</LangID>
    <COUNTRYID>8</COUNTRYID>
    <LANGDISP>fr-FR</LANGDISP>
    <Active>TRUE</Active>
  </PageList>
  <PageList>
    <ID>42</ID>
    <LabelMstID>tbl_Lead_Mst</LabelMstID>
    <FieldName>Do_not_call</FieldName>
    <LabelID>lblDo_not_call2h</LabelID>
    <LabelName>لا تستدعي</LabelName>
    <LangID>2</LangID>
    <COUNTRYID>8</COUNTRYID>
    <LANGDISP>ar-KW</LANGDISP>
    <Active>TRUE</Active>
  </PageList>
  <PageList>
    <ID>43</ID>
    <LabelMstID>tbl_Lead_Mst</LabelMstID>
    <FieldName>Assistant</FieldName>
    <LabelID>lblAssistant1s</LabelID>
    <LabelName>Assistant</LabelName>
    <LangID>1</LangID>
    <COUNTRYID>8</COUNTRYID>
    <LANGDISP>en-US</LANGDISP>
    <Active>TRUE</Active>
  </PageList>
  <PageList>
    <ID>44</ID>
    <LabelMstID>tbl_Lead_Mst</LabelMstID>
    <FieldName>Assistant</FieldName>
    <LabelID>lblAssistant1s</LabelID>
    <LabelName>Assistant</LabelName>
    <LangID>3</LangID>
    <COUNTRYID>8</COUNTRYID>
    <LANGDISP>fr-FR</LANGDISP>
    <Active>TRUE</Active>
  </PageList>
  <PageList>
    <ID>45</ID>
    <LabelMstID>tbl_Lead_Mst</LabelMstID>
    <FieldName>Assistant</FieldName>
    <LabelID>lblAssistant2h</LabelID>
    <LabelName>مساعد</LabelName>
    <LangID>2</LangID>
    <COUNTRYID>8</COUNTRYID>
    <LANGDISP>ar-KW</LANGDISP>
    <Active>TRUE</Active>
  </PageList>
  <PageList>
    <ID>46</ID>
    <LabelMstID>tbl_Lead_Mst</LabelMstID>
    <FieldName>Assistant_phone</FieldName>
    <LabelID>lblAssistant_phone1s</LabelID>
    <LabelName>Assistant Phone</LabelName>
    <LangID>1</LangID>
    <COUNTRYID>8</COUNTRYID>
    <LANGDISP>en-US</LANGDISP>
    <Active>TRUE</Active>
  </PageList>
  <PageList>
    <ID>47</ID>
    <LabelMstID>tbl_Lead_Mst</LabelMstID>
    <FieldName>Assistant_phone</FieldName>
    <LabelID>lblAssistant_phone1s</LabelID>
    <LabelName>Assistant téléphonique</LabelName>
    <LangID>3</LangID>
    <COUNTRYID>8</COUNTRYID>
    <LANGDISP>fr-FR</LANGDISP>
    <Active>TRUE</Active>
  </PageList>
  <PageList>
    <ID>48</ID>
    <LabelMstID>tbl_Lead_Mst</LabelMstID>
    <FieldName>Assistant_phone</FieldName>
    <LabelID>lblAssistant_phone2h</LabelID>
    <LabelName>الهاتف المساعد</LabelName>
    <LangID>2</LangID>
    <COUNTRYID>8</COUNTRYID>
    <LANGDISP>ar-KW</LANGDISP>
    <Active>TRUE</Active>
  </PageList>
  <PageList>
    <ID>49</ID>
    <LabelMstID>tbl_Lead_Mst</LabelMstID>
    <FieldName>email_opt_out</FieldName>
    <LabelID>lblemail_opt_out1s</LabelID>
    <LabelName>Email Opt Out</LabelName>
    <LangID>1</LangID>
    <COUNTRYID>8</COUNTRYID>
    <LANGDISP>en-US</LANGDISP>
    <Active>TRUE</Active>
  </PageList>
  <PageList>
    <ID>50</ID>
    <LabelMstID>tbl_Lead_Mst</LabelMstID>
    <FieldName>email_opt_out</FieldName>
    <LabelID>lblemail_opt_out1s</LabelID>
    <LabelName>Courriel Opt Out</LabelName>
    <LangID>3</LangID>
    <COUNTRYID>8</COUNTRYID>
    <LANGDISP>fr-FR</LANGDISP>
    <Active>TRUE</Active>
  </PageList>
  <PageList>
    <ID>51</ID>
    <LabelMstID>tbl_Lead_Mst</LabelMstID>
    <FieldName>email_opt_out</FieldName>
    <LabelID>lblemail_opt_out2h</LabelID>
    <LabelName>تعطيل البريد الإلكتروني</LabelName>
    <LangID>2</LangID>
    <COUNTRYID>8</COUNTRYID>
    <LANGDISP>ar-KW</LANGDISP>
    <Active>TRUE</Active>
  </PageList>
  <PageList>
    <ID>52</ID>
    <LabelMstID>tbl_Lead_Mst</LabelMstID>
    <FieldName>invalid_email</FieldName>
    <LabelID>lblinvalid_email1s</LabelID>
    <LabelName>Email</LabelName>
    <LangID>1</LangID>
    <COUNTRYID>8</COUNTRYID>
    <LANGDISP>en-US</LANGDISP>
    <Active>TRUE</Active>
  </PageList>
  <PageList>
    <ID>53</ID>
    <LabelMstID>tbl_Lead_Mst</LabelMstID>
    <FieldName>invalid_email</FieldName>
    <LabelID>lblinvalid_email1s</LabelID>
    <LabelName>Adresse E-mail incorrecte</LabelName>
    <LangID>3</LangID>
    <COUNTRYID>8</COUNTRYID>
    <LANGDISP>fr-FR</LANGDISP>
    <Active>TRUE</Active>
  </PageList>
  <PageList>
    <ID>54</ID>
    <LabelMstID>tbl_Lead_Mst</LabelMstID>
    <FieldName>invalid_email</FieldName>
    <LabelID>lblinvalid_email2h</LabelID>
    <LabelName>بريد إلكتروني غير صالح</LabelName>
    <LangID>2</LangID>
    <COUNTRYID>8</COUNTRYID>
    <LANGDISP>ar-KW</LANGDISP>
    <Active>TRUE</Active>
  </PageList>
  <PageList>
    <ID>55</ID>
    <LabelMstID>tbl_Lead_Mst</LabelMstID>
    <FieldName>account_name</FieldName>
    <LabelID>lblaccount_name1s</LabelID>
    <LabelName>Account Name</LabelName>
    <LangID>1</LangID>
    <COUNTRYID>8</COUNTRYID>
    <LANGDISP>en-US</LANGDISP>
    <Active>TRUE</Active>
  </PageList>
  <PageList>
    <ID>56</ID>
    <LabelMstID>tbl_Lead_Mst</LabelMstID>
    <FieldName>account_name</FieldName>
    <LabelID>lblaccount_name1s</LabelID>
    <LabelName>Nom de compte</LabelName>
    <LangID>3</LangID>
    <COUNTRYID>8</COUNTRYID>
    <LANGDISP>fr-FR</LANGDISP>
    <Active>TRUE</Active>
  </PageList>
  <PageList>
    <ID>57</ID>
    <LabelMstID>tbl_Lead_Mst</LabelMstID>
    <FieldName>account_name</FieldName>
    <LabelID>lblaccount_name2h</LabelID>
    <LabelName>اسم الحساب</LabelName>
    <LangID>2</LangID>
    <COUNTRYID>8</COUNTRYID>
    <LANGDISP>ar-KW</LANGDISP>
    <Active>TRUE</Active>
  </PageList>
  <PageList>
    <ID>58</ID>
    <LabelMstID>tbl_Lead_Mst</LabelMstID>
    <FieldName>opportunity_name</FieldName>
    <LabelID>lblopportunity_name1s</LabelID>
    <LabelName>Opportunity Used </LabelName>
    <LangID>1</LangID>
    <COUNTRYID>8</COUNTRYID>
    <LANGDISP>en-US</LANGDISP>
    <Active>TRUE</Active>
  </PageList>
  <PageList>
    <ID>59</ID>
    <LabelMstID>tbl_Lead_Mst</LabelMstID>
    <FieldName>opportunity_name</FieldName>
    <LabelID>lblopportunity_name1s</LabelID>
    <LabelName>Nom d'occasion</LabelName>
    <LangID>3</LangID>
    <COUNTRYID>8</COUNTRYID>
    <LANGDISP>fr-FR</LANGDISP>
    <Active>TRUE</Active>
  </PageList>
  <PageList>
    <ID>60</ID>
    <LabelMstID>tbl_Lead_Mst</LabelMstID>
    <FieldName>opportunity_name</FieldName>
    <LabelID>lblopportunity_name2h</LabelID>
    <LabelName>اسم الفرصة</LabelName>
    <LangID>2</LangID>
    <COUNTRYID>8</COUNTRYID>
    <LANGDISP>ar-KW</LANGDISP>
    <Active>TRUE</Active>
  </PageList>
  <PageList>
    <ID>61</ID>
    <LabelMstID>tbl_Lead_Mst</LabelMstID>
    <FieldName>opportunity_amount</FieldName>
    <LabelID>lblopportunity_amount1s</LabelID>
    <LabelName>Expected Amount</LabelName>
    <LangID>1</LangID>
    <COUNTRYID>8</COUNTRYID>
    <LANGDISP>en-US</LANGDISP>
    <Active>TRUE</Active>
  </PageList>
  <PageList>
    <ID>62</ID>
    <LabelMstID>tbl_Lead_Mst</LabelMstID>
    <FieldName>opportunity_amount</FieldName>
    <LabelID>lblopportunity_amount1s</LabelID>
    <LabelName>Montant d'occasion</LabelName>
    <LangID>3</LangID>
    <COUNTRYID>8</COUNTRYID>
    <LANGDISP>fr-FR</LANGDISP>
    <Active>TRUE</Active>
  </PageList>
  <PageList>
    <ID>63</ID>
    <LabelMstID>tbl_Lead_Mst</LabelMstID>
    <FieldName>opportunity_amount</FieldName>
    <LabelID>lblopportunity_amount2h</LabelID>
    <LabelName>المبلغ الفرصة</LabelName>
    <LangID>2</LangID>
    <COUNTRYID>8</COUNTRYID>
    <LANGDISP>ar-KW</LANGDISP>
    <Active>TRUE</Active>
  </PageList>
  <PageList>
    <ID>64</ID>
    <LabelMstID>tbl_Lead_Mst</LabelMstID>
    <FieldName>campaign_name</FieldName>
    <LabelID>lblcampaign_name1s</LabelID>
    <LabelName>Campaign Used </LabelName>
    <LangID>1</LangID>
    <COUNTRYID>8</COUNTRYID>
    <LANGDISP>en-US</LANGDISP>
    <Active>TRUE</Active>
  </PageList>
  <PageList>
    <ID>65</ID>
    <LabelMstID>tbl_Lead_Mst</LabelMstID>
    <FieldName>campaign_name</FieldName>
    <LabelID>lblcampaign_name1s</LabelID>
    <LabelName>Nom de la campagne</LabelName>
    <LangID>3</LangID>
    <COUNTRYID>8</COUNTRYID>
    <LANGDISP>fr-FR</LANGDISP>
    <Active>TRUE</Active>
  </PageList>
  <PageList>
    <ID>66</ID>
    <LabelMstID>tbl_Lead_Mst</LabelMstID>
    <FieldName>campaign_name</FieldName>
    <LabelID>lblcampaign_name2h</LabelID>
    <LabelName>اسم الحملة</LabelName>
    <LangID>2</LangID>
    <COUNTRYID>8</COUNTRYID>
    <LANGDISP>ar-KW</LANGDISP>
    <Active>TRUE</Active>
  </PageList>
  <PageList>
    <ID>67</ID>
    <LabelMstID>tbl_Lead_Mst</LabelMstID>
    <FieldName>date_entered</FieldName>
    <LabelID>lbldate_entered1s</LabelID>
    <LabelName>Date Entered</LabelName>
    <LangID>1</LangID>
    <COUNTRYID>8</COUNTRYID>
    <LANGDISP>en-US</LANGDISP>
    <Active>TRUE</Active>
  </PageList>
  <PageList>
    <ID>68</ID>
    <LabelMstID>tbl_Lead_Mst</LabelMstID>
    <FieldName>date_entered</FieldName>
    <LabelID>lbldate_entered1s</LabelID>
    <LabelName>Date d'entrée</LabelName>
    <LangID>3</LangID>
    <COUNTRYID>8</COUNTRYID>
    <LANGDISP>fr-FR</LANGDISP>
    <Active>TRUE</Active>
  </PageList>
  <PageList>
    <ID>69</ID>
    <LabelMstID>tbl_Lead_Mst</LabelMstID>
    <FieldName>date_entered</FieldName>
    <LabelID>lbldate_entered2h</LabelID>
    <LabelName>تاريخ إدخال</LabelName>
    <LangID>2</LangID>
    <COUNTRYID>8</COUNTRYID>
    <LANGDISP>ar-KW</LANGDISP>
    <Active>TRUE</Active>
  </PageList>
  <PageList>
    <ID>70</ID>
    <LabelMstID>tbl_Lead_Mst</LabelMstID>
    <FieldName>date_modified</FieldName>
    <LabelID>lbldate_modified1s</LabelID>
    <LabelName>Lead</LabelName>
    <LangID>1</LangID>
    <COUNTRYID>8</COUNTRYID>
    <LANGDISP>en-US</LANGDISP>
    <Active>TRUE</Active>
  </PageList>
  <PageList>
    <ID>71</ID>
    <LabelMstID>tbl_Lead_Mst</LabelMstID>
    <FieldName>date_modified</FieldName>
    <LabelID>lbldate_modified1s</LabelID>
    <LabelName>Date de modification</LabelName>
    <LangID>3</LangID>
    <COUNTRYID>8</COUNTRYID>
    <LANGDISP>fr-FR</LANGDISP>
    <Active>TRUE</Active>
  </PageList>
  <PageList>
    <ID>72</ID>
    <LabelMstID>tbl_Lead_Mst</LabelMstID>
    <FieldName>date_modified</FieldName>
    <LabelID>lbldate_modified2h</LabelID>
    <LabelName>تاريخ التعديل</LabelName>
    <LangID>2</LangID>
    <COUNTRYID>8</COUNTRYID>
    <LANGDISP>ar-KW</LANGDISP>
    <Active>TRUE</Active>
  </PageList>
  <PageList>
    <ID>73</ID>
    <LabelMstID>tbl_Lead_Mst</LabelMstID>
    <FieldName>status_description</FieldName>
    <LabelID>lblstatus_description1s</LabelID>
    <LabelName>Status Description</LabelName>
    <LangID>1</LangID>
    <COUNTRYID>8</COUNTRYID>
    <LANGDISP>en-US</LANGDISP>
    <Active>TRUE</Active>
  </PageList>
  <PageList>
    <ID>74</ID>
    <LabelMstID>tbl_Lead_Mst</LabelMstID>
    <FieldName>status_description</FieldName>
    <LabelID>lblstatus_description1s</LabelID>
    <LabelName>Description de l'État</LabelName>
    <LangID>3</LangID>
    <COUNTRYID>8</COUNTRYID>
    <LANGDISP>fr-FR</LANGDISP>
    <Active>TRUE</Active>
  </PageList>
  <PageList>
    <ID>75</ID>
    <LabelMstID>tbl_Lead_Mst</LabelMstID>
    <FieldName>status_description</FieldName>
    <LabelID>lblstatus_description2h</LabelID>
    <LabelName>وصف الحالة</LabelName>
    <LangID>2</LangID>
    <COUNTRYID>8</COUNTRYID>
    <LANGDISP>ar-KW</LANGDISP>
    <Active>TRUE</Active>
  </PageList>
  <PageList>
    <ID>76</ID>
    <LabelMstID>tbl_Lead_Mst</LabelMstID>
    <FieldName>description</FieldName>
    <LabelID>lbldescription1s</LabelID>
    <LabelName>Description</LabelName>
    <LangID>1</LangID>
    <COUNTRYID>8</COUNTRYID>
    <LANGDISP>en-US</LANGDISP>
    <Active>TRUE</Active>
  </PageList>
  <PageList>
    <ID>77</ID>
    <LabelMstID>tbl_Lead_Mst</LabelMstID>
    <FieldName>description</FieldName>
    <LabelID>lbldescription1s</LabelID>
    <LabelName>Description</LabelName>
    <LangID>3</LangID>
    <COUNTRYID>8</COUNTRYID>
    <LANGDISP>fr-FR</LANGDISP>
    <Active>TRUE</Active>
  </PageList>
  <PageList>
    <ID>78</ID>
    <LabelMstID>tbl_Lead_Mst</LabelMstID>
    <FieldName>description</FieldName>
    <LabelID>lbldescription2h</LabelID>
    <LabelName>الوصف</LabelName>
    <LangID>2</LangID>
    <COUNTRYID>8</COUNTRYID>
    <LANGDISP>ar-KW</LANGDISP>
    <Active>TRUE</Active>
  </PageList>
  <PageList>
    <ID>79</ID>
    <LabelMstID>tbl_Lead_Mst</LabelMstID>
    <FieldName>account_description</FieldName>
    <LabelID>lblaccount_description1s</LabelID>
    <LabelName>Account Description</LabelName>
    <LangID>1</LangID>
    <COUNTRYID>8</COUNTRYID>
    <LANGDISP>en-US</LANGDISP>
    <Active>TRUE</Active>
  </PageList>
  <PageList>
    <ID>80</ID>
    <LabelMstID>tbl_Lead_Mst</LabelMstID>
    <FieldName>account_description</FieldName>
    <LabelID>lblaccount_description1s</LabelID>
    <LabelName>Description du compte</LabelName>
    <LangID>3</LangID>
    <COUNTRYID>8</COUNTRYID>
    <LANGDISP>fr-FR</LANGDISP>
    <Active>TRUE</Active>
  </PageList>
  <PageList>
    <ID>81</ID>
    <LabelMstID>tbl_Lead_Mst</LabelMstID>
    <FieldName>account_description</FieldName>
    <LabelID>lblaccount_description2h</LabelID>
    <LabelName>وصف الحساب</LabelName>
    <LangID>2</LangID>
    <COUNTRYID>8</COUNTRYID>
    <LANGDISP>ar-KW</LANGDISP>
    <Active>TRUE</Active>
  </PageList>
  <PageList>
    <ID>82</ID>
    <LabelMstID>tbl_Lead_Mst</LabelMstID>
    <FieldName>team_name</FieldName>
    <LabelID>lblteam_name1s</LabelID>
    <LabelName>Team Leader Name</LabelName>
    <LangID>1</LangID>
    <COUNTRYID>8</COUNTRYID>
    <LANGDISP>en-US</LANGDISP>
    <Active>TRUE</Active>
  </PageList>
  <PageList>
    <ID>83</ID>
    <LabelMstID>tbl_Lead_Mst</LabelMstID>
    <FieldName>team_name</FieldName>
    <LabelID>lblteam_name1s</LabelID>
    <LabelName>Nom de l'équipe</LabelName>
    <LangID>3</LangID>
    <COUNTRYID>8</COUNTRYID>
    <LANGDISP>fr-FR</LANGDISP>
    <Active>TRUE</Active>
  </PageList>
  <PageList>
    <ID>84</ID>
    <LabelMstID>tbl_Lead_Mst</LabelMstID>
    <FieldName>team_name</FieldName>
    <LabelID>lblteam_name2h</LabelID>
    <LabelName>اسم الفريق</LabelName>
    <LangID>2</LangID>
    <COUNTRYID>8</COUNTRYID>
    <LANGDISP>ar-KW</LANGDISP>
    <Active>TRUE</Active>
  </PageList>
  <PageList>
    <ID>85</ID>
    <LabelMstID>tbl_Lead_Mst</LabelMstID>
    <FieldName>lead_source_description</FieldName>
    <LabelID>lbllead_source_description1s</LabelID>
    <LabelName>Lead Source Description</LabelName>
    <LangID>1</LangID>
    <COUNTRYID>8</COUNTRYID>
    <LANGDISP>en-US</LANGDISP>
    <Active>TRUE</Active>
  </PageList>
  <PageList>
    <ID>86</ID>
    <LabelMstID>tbl_Lead_Mst</LabelMstID>
    <FieldName>lead_source_description</FieldName>
    <LabelID>lbllead_source_description1s</LabelID>
    <LabelName>Description de la Source de plomb</LabelName>
    <LangID>3</LangID>
    <COUNTRYID>8</COUNTRYID>
    <LANGDISP>fr-FR</LANGDISP>
    <Active>TRUE</Active>
  </PageList>
  <PageList>
    <ID>87</ID>
    <LabelMstID>tbl_Lead_Mst</LabelMstID>
    <FieldName>lead_source_description</FieldName>
    <LabelID>lbllead_source_description2h</LabelID>
    <LabelName>يؤدي وصف المصدر</LabelName>
    <LangID>2</LangID>
    <COUNTRYID>8</COUNTRYID>
    <LANGDISP>ar-KW</LANGDISP>
    <Active>TRUE</Active>
  </PageList>
  <PageList>
    <ID>88</ID>
    <LabelMstID>tbl_Lead_Mst</LabelMstID>
    <FieldName>assigned_to_name</FieldName>
    <LabelID>lblassigned_to_name1s</LabelID>
    <LabelName>Lead</LabelName>
    <LangID>1</LangID>
    <COUNTRYID>8</COUNTRYID>
    <LANGDISP>en-US</LANGDISP>
    <Active>TRUE</Active>
  </PageList>
  <PageList>
    <ID>89</ID>
    <LabelMstID>tbl_Lead_Mst</LabelMstID>
    <FieldName>assigned_to_name</FieldName>
    <LabelID>lblassigned_to_name1s</LabelID>
    <LabelName>Affecté au nom de</LabelName>
    <LangID>3</LangID>
    <COUNTRYID>8</COUNTRYID>
    <LANGDISP>fr-FR</LANGDISP>
    <Active>TRUE</Active>
  </PageList>
  <PageList>
    <ID>90</ID>
    <LabelMstID>tbl_Lead_Mst</LabelMstID>
    <FieldName>assigned_to_name</FieldName>
    <LabelID>lblassigned_to_name2h</LabelID>
    <LabelName>تعيين إلى اسم</LabelName>
    <LangID>2</LangID>
    <COUNTRYID>8</COUNTRYID>
    <LANGDISP>ar-KW</LANGDISP>
    <Active>TRUE</Active>
  </PageList>
  <PageList>
    <ID>91</ID>
    <LabelMstID>tbl_Lead_Mst</LabelMstID>
    <FieldName>created_by</FieldName>
    <LabelID>lblcreated_by1s</LabelID>
    <LabelName>Lead</LabelName>
    <LangID>1</LangID>
    <COUNTRYID>8</COUNTRYID>
    <LANGDISP>en-US</LANGDISP>
    <Active>TRUE</Active>
  </PageList>
  <PageList>
    <ID>92</ID>
    <LabelMstID>tbl_Lead_Mst</LabelMstID>
    <FieldName>created_by</FieldName>
    <LabelID>lblcreated_by1s</LabelID>
    <LabelName>Créé par</LabelName>
    <LangID>3</LangID>
    <COUNTRYID>8</COUNTRYID>
    <LANGDISP>fr-FR</LANGDISP>
    <Active>TRUE</Active>
  </PageList>
  <PageList>
    <ID>93</ID>
    <LabelMstID>tbl_Lead_Mst</LabelMstID>
    <FieldName>created_by</FieldName>
    <LabelID>lblcreated_by2h</LabelID>
    <LabelName>تم إنشاؤها بواسطة</LabelName>
    <LangID>2</LangID>
    <COUNTRYID>8</COUNTRYID>
    <LANGDISP>ar-KW</LANGDISP>
    <Active>TRUE</Active>
  </PageList>
  <PageList>
    <ID>94</ID>
    <LabelMstID>tbl_Lead_Mst</LabelMstID>
    <FieldName>modified_by</FieldName>
    <LabelID>lblmodified_by1s</LabelID>
    <LabelName>Lead</LabelName>
    <LangID>1</LangID>
    <COUNTRYID>8</COUNTRYID>
    <LANGDISP>en-US</LANGDISP>
    <Active>TRUE</Active>
  </PageList>
  <PageList>
    <ID>95</ID>
    <LabelMstID>tbl_Lead_Mst</LabelMstID>
    <FieldName>modified_by</FieldName>
    <LabelID>lblmodified_by1s</LabelID>
    <LabelName>Modifié par</LabelName>
    <LangID>3</LangID>
    <COUNTRYID>8</COUNTRYID>
    <LANGDISP>fr-FR</LANGDISP>
    <Active>TRUE</Active>
  </PageList>
  <PageList>
    <ID>96</ID>
    <LabelMstID>tbl_Lead_Mst</LabelMstID>
    <FieldName>modified_by</FieldName>
    <LabelID>lblmodified_by2h</LabelID>
    <LabelName>تعديل بواسطة</LabelName>
    <LangID>2</LangID>
    <COUNTRYID>8</COUNTRYID>
    <LANGDISP>ar-KW</LANGDISP>
    <Active>TRUE</Active>
  </PageList>
  <PageList>
    <ID>97</ID>
    <LabelMstID>tbl_Lead_Mst</LabelMstID>
    <FieldName>Active</FieldName>
    <LabelID>lblActive1s</LabelID>
    <LabelName>Lead</LabelName>
    <LangID>1</LangID>
    <COUNTRYID>8</COUNTRYID>
    <LANGDISP>en-US</LANGDISP>
    <Active>TRUE</Active>
  </PageList>
  <PageList>
    <ID>98</ID>
    <LabelMstID>tbl_Lead_Mst</LabelMstID>
    <FieldName>Active</FieldName>
    <LabelID>lblActive1s</LabelID>
    <LabelName>Actif</LabelName>
    <LangID>3</LangID>
    <COUNTRYID>8</COUNTRYID>
    <LANGDISP>fr-FR</LANGDISP>
    <Active>TRUE</Active>
  </PageList>
  <PageList>
    <ID>99</ID>
    <LabelMstID>tbl_Lead_Mst</LabelMstID>
    <FieldName>Active</FieldName>
    <LabelID>lblActive2h</LabelID>
    <LabelName>النشطة</LabelName>
    <LangID>2</LangID>
    <COUNTRYID>8</COUNTRYID>
    <LANGDISP>ar-KW</LANGDISP>
    <Active>TRUE</Active>
  </PageList>
  <PageList>
    <ID>100</ID>
    <LabelMstID>tbl_Lead_Mst</LabelMstID>
    <FieldName>Deleted</FieldName>
    <LabelID>lblDeleted1s</LabelID>
    <LabelName>Lead</LabelName>
    <LangID>1</LangID>
    <COUNTRYID>8</COUNTRYID>
    <LANGDISP>en-US</LANGDISP>
    <Active>TRUE</Active>
  </PageList>
  <PageList>
    <ID>101</ID>
    <LabelMstID>tbl_Lead_Mst</LabelMstID>
    <FieldName>Deleted</FieldName>
    <LabelID>lblDeleted1s</LabelID>
    <LabelName>Supprimé</LabelName>
    <LangID>3</LangID>
    <COUNTRYID>8</COUNTRYID>
    <LANGDISP>fr-FR</LANGDISP>
    <Active>TRUE</Active>
  </PageList>
  <PageList>
    <ID>102</ID>
    <LabelMstID>tbl_Lead_Mst</LabelMstID>
    <FieldName>Deleted</FieldName>
    <LabelID>lblDeleted2h</LabelID>
    <LabelName>حذف</LabelName>
    <LangID>2</LangID>
    <COUNTRYID>8</COUNTRYID>
    <LANGDISP>ar-KW</LANGDISP>
    <Active>TRUE</Active>
  </PageList>
  <PageList>
    <ID>103</ID>
    <LabelMstID>tbl_Lead_Mst</LabelMstID>
    <FieldName>Website</FieldName>
    <LabelID>lblWebsite1s</LabelID>
    <LabelName>Website</LabelName>
    <LangID>1</LangID>
    <COUNTRYID>8</COUNTRYID>
    <LANGDISP>en-US</LANGDISP>
    <Active>TRUE</Active>
  </PageList>
  <PageList>
    <ID>104</ID>
    <LabelMstID>tbl_Lead_Mst</LabelMstID>
    <FieldName>Website</FieldName>
    <LabelID>lblWebsite1s</LabelID>
    <LabelName>Site Web</LabelName>
    <LangID>3</LangID>
    <COUNTRYID>8</COUNTRYID>
    <LANGDISP>fr-FR</LANGDISP>
    <Active>TRUE</Active>
  </PageList>
  <PageList>
    <ID>105</ID>
    <LabelMstID>tbl_Lead_Mst</LabelMstID>
    <FieldName>Website</FieldName>
    <LabelID>lblWebsite2h</LabelID>
    <LabelName>موقع على شبكة الإنترنت</LabelName>
    <LangID>2</LangID>
    <COUNTRYID>8</COUNTRYID>
    <LANGDISP>ar-KW</LANGDISP>
    <Active>TRUE</Active>
  </PageList>
  <PageList>
    <ID>106</ID>
    <LabelMstID>tbl_Lead_Mst</LabelMstID>
    <FieldName>SMS_Opt_In</FieldName>
    <LabelID>lblSMS_Opt_In1s</LabelID>
    <LabelName>Sms Opt In</LabelName>
    <LangID>1</LangID>
    <COUNTRYID>8</COUNTRYID>
    <LANGDISP>en-US</LANGDISP>
    <Active>TRUE</Active>
  </PageList>
  <PageList>
    <ID>107</ID>
    <LabelMstID>tbl_Lead_Mst</LabelMstID>
    <FieldName>SMS_Opt_In</FieldName>
    <LabelID>lblSMS_Opt_In1s</LabelID>
    <LabelName>SMS Opt-In</LabelName>
    <LangID>3</LangID>
    <COUNTRYID>8</COUNTRYID>
    <LANGDISP>fr-FR</LANGDISP>
    <Active>TRUE</Active>
  </PageList>
  <PageList>
    <ID>108</ID>
    <LabelMstID>tbl_Lead_Mst</LabelMstID>
    <FieldName>SMS_Opt_In</FieldName>
    <LabelID>lblSMS_Opt_In2h</LabelID>
    <LabelName>في اختيار الرسائل القصيرة</LabelName>
    <LangID>2</LangID>
    <COUNTRYID>8</COUNTRYID>
    <LANGDISP>ar-KW</LANGDISP>
    <Active>TRUE</Active>
  </PageList>
  <PageList>
    <ID>109</ID>
    <LabelMstID>tbl_Lead_Mst</LabelMstID>
    <FieldName>CRUP_ID</FieldName>
    <LabelID>lblCRUP_ID1s</LabelID>
    <LabelName>Crup Name</LabelName>
    <LangID>1</LangID>
    <COUNTRYID>8</COUNTRYID>
    <LANGDISP>en-US</LANGDISP>
    <Active>TRUE</Active>
  </PageList>
  <PageList>
    <ID>110</ID>
    <LabelMstID>tbl_Lead_Mst</LabelMstID>
    <FieldName>CRUP_ID</FieldName>
    <LabelID>lblCRUP_ID1s</LabelID>
    <LabelName>Crup nom</LabelName>
    <LangID>3</LangID>
    <COUNTRYID>8</COUNTRYID>
    <LANGDISP>fr-FR</LANGDISP>
    <Active>TRUE</Active>
  </PageList>
  <PageList>
    <ID>111</ID>
    <LabelMstID>tbl_Lead_Mst</LabelMstID>
    <FieldName>CRUP_ID</FieldName>
    <LabelID>lblCRUP_ID2h</LabelID>
    <LabelName>اسم Crup</LabelName>
    <LangID>2</LangID>
    <COUNTRYID>8</COUNTRYID>
    <LANGDISP>ar-KW</LANGDISP>
    <Active>TRUE</Active>
  </PageList>
  <PageList>
    <ID>112</ID>
    <LabelMstID>tbl_Lead_Mst</LabelMstID>
    <FieldName>NULL</FieldName>
    <LabelID>lblHeader1s</LabelID>
    <LabelName>Lead</LabelName>
    <LangID>1</LangID>
    <COUNTRYID>8</COUNTRYID>
    <LANGDISP>en-US</LANGDISP>
    <Active>TRUE</Active>
  </PageList>
  <PageList>
    <ID>113</ID>
    <LabelMstID>tbl_Lead_Mst</LabelMstID>
    <FieldName>NULL</FieldName>
    <LabelID>lblHeader1s</LabelID>
    <LabelName>CRM_Lead_Mst</LabelName>
    <LangID>3</LangID>
    <COUNTRYID>8</COUNTRYID>
    <LANGDISP>fr-FR</LANGDISP>
    <Active>TRUE</Active>
  </PageList>
  <PageList>
    <ID>114</ID>
    <LabelMstID>tbl_Lead_Mst</LabelMstID>
    <FieldName>NULL</FieldName>
    <LabelID>lblHeader2h</LabelID>
    <LabelName>CRM_Lead_Mst</LabelName>
    <LangID>2</LangID>
    <COUNTRYID>8</COUNTRYID>
    <LANGDISP>ar-KW</LANGDISP>
    <Active>TRUE</Active>
  </PageList>
</TBLLabelDTL>