<?xml version="1.0" standalone="yes"?>
<TBLLabelDTL>
  <PageList>
    <ID>1</ID>
    <LabelMstID>CRM_tbl_Account_Mst</LabelMstID>
    <FieldName>TenantID</FieldName>
    <LabelID>lblTenantID1s</LabelID>
    <LabelName>Account</LabelName>
    <LangID>1</LangID>
    <COUNTRYID>8</COUNTRYID>
    <LANGDISP>en-US</LANGDISP>
    <Active>TRUE</Active>
  </PageList>
  <PageList>
    <ID>2</ID>
    <LabelMstID>CRM_tbl_Account_Mst</LabelMstID>
    <FieldName>TenantID</FieldName>
    <LabelID>lblTenantID1s</LabelID>
    <LabelName>Nom du locataire</LabelName>
    <LangID>3</LangID>
    <COUNTRYID>8</COUNTRYID>
    <LANGDISP>fr-FR</LANGDISP>
    <Active>TRUE</Active>
  </PageList>
  <PageList>
    <ID>3</ID>
    <LabelMstID>CRM_tbl_Account_Mst</LabelMstID>
    <FieldName>TenantID</FieldName>
    <LabelID>lblTenantID2h</LabelID>
    <LabelName>اسم المستأجر</LabelName>
    <LangID>2</LangID>
    <COUNTRYID>8</COUNTRYID>
    <LANGDISP>ar-KW</LANGDISP>
    <Active>TRUE</Active>
  </PageList>
  <PageList>
    <ID>4</ID>
    <LabelMstID>CRM_tbl_Account_Mst</LabelMstID>
    <FieldName>ID</FieldName>
    <LabelID>lblID1s</LabelID>
    <LabelName>Account</LabelName>
    <LangID>1</LangID>
    <COUNTRYID>8</COUNTRYID>
    <LANGDISP>en-US</LANGDISP>
    <Active>TRUE</Active>
  </PageList>
  <PageList>
    <ID>5</ID>
    <LabelMstID>CRM_tbl_Account_Mst</LabelMstID>
    <FieldName>ID</FieldName>
    <LabelID>lblID1s</LabelID>
    <LabelName>Nom</LabelName>
    <LangID>3</LangID>
    <COUNTRYID>8</COUNTRYID>
    <LANGDISP>fr-FR</LANGDISP>
    <Active>TRUE</Active>
  </PageList>
  <PageList>
    <ID>6</ID>
    <LabelMstID>CRM_tbl_Account_Mst</LabelMstID>
    <FieldName>ID</FieldName>
    <LabelID>lblID2h</LabelID>
    <LabelName>الاسم</LabelName>
    <LangID>2</LangID>
    <COUNTRYID>8</COUNTRYID>
    <LANGDISP>ar-KW</LANGDISP>
    <Active>TRUE</Active>
  </PageList>
  <PageList>
    <ID>7</ID>
    <LabelMstID>CRM_tbl_Account_Mst</LabelMstID>
    <FieldName>Name</FieldName>
    <LabelID>lblName1s</LabelID>
    <LabelName>Name</LabelName>
    <LangID>1</LangID>
    <COUNTRYID>8</COUNTRYID>
    <LANGDISP>en-US</LANGDISP>
    <Active>TRUE</Active>
  </PageList>
  <PageList>
    <ID>8</ID>
    <LabelMstID>CRM_tbl_Account_Mst</LabelMstID>
    <FieldName>Name</FieldName>
    <LabelID>lblName1s</LabelID>
    <LabelName>Nom</LabelName>
    <LangID>3</LangID>
    <COUNTRYID>8</COUNTRYID>
    <LANGDISP>fr-FR</LANGDISP>
    <Active>TRUE</Active>
  </PageList>
  <PageList>
    <ID>9</ID>
    <LabelMstID>CRM_tbl_Account_Mst</LabelMstID>
    <FieldName>Name</FieldName>
    <LabelID>lblName2h</LabelID>
    <LabelName>الاسم</LabelName>
    <LangID>2</LangID>
    <COUNTRYID>8</COUNTRYID>
    <LANGDISP>ar-KW</LANGDISP>
    <Active>TRUE</Active>
  </PageList>
  <PageList>
    <ID>10</ID>
    <LabelMstID>CRM_tbl_Account_Mst</LabelMstID>
    <FieldName>Phone_Office</FieldName>
    <LabelID>lblPhone_Office1s</LabelID>
    <LabelName>Phone Office</LabelName>
    <LangID>1</LangID>
    <COUNTRYID>8</COUNTRYID>
    <LANGDISP>en-US</LANGDISP>
    <Active>TRUE</Active>
  </PageList>
  <PageList>
    <ID>11</ID>
    <LabelMstID>CRM_tbl_Account_Mst</LabelMstID>
    <FieldName>Phone_Office</FieldName>
    <LabelID>lblPhone_Office1s</LabelID>
    <LabelName>Téléphone bureau</LabelName>
    <LangID>3</LangID>
    <COUNTRYID>8</COUNTRYID>
    <LANGDISP>fr-FR</LANGDISP>
    <Active>TRUE</Active>
  </PageList>
  <PageList>
    <ID>12</ID>
    <LabelMstID>CRM_tbl_Account_Mst</LabelMstID>
    <FieldName>Phone_Office</FieldName>
    <LabelID>lblPhone_Office2h</LabelID>
    <LabelName>مكتب الهاتف</LabelName>
    <LangID>2</LangID>
    <COUNTRYID>8</COUNTRYID>
    <LANGDISP>ar-KW</LANGDISP>
    <Active>TRUE</Active>
  </PageList>
  <PageList>
    <ID>13</ID>
    <LabelMstID>CRM_tbl_Account_Mst</LabelMstID>
    <FieldName>Phone</FieldName>
    <LabelID>lblPhone1s</LabelID>
    <LabelName>Phone</LabelName>
    <LangID>1</LangID>
    <COUNTRYID>8</COUNTRYID>
    <LANGDISP>en-US</LANGDISP>
    <Active>TRUE</Active>
  </PageList>
  <PageList>
    <ID>14</ID>
    <LabelMstID>CRM_tbl_Account_Mst</LabelMstID>
    <FieldName>Phone</FieldName>
    <LabelID>lblPhone1s</LabelID>
    <LabelName>Téléphone</LabelName>
    <LangID>3</LangID>
    <COUNTRYID>8</COUNTRYID>
    <LANGDISP>fr-FR</LANGDISP>
    <Active>TRUE</Active>
  </PageList>
  <PageList>
    <ID>15</ID>
    <LabelMstID>CRM_tbl_Account_Mst</LabelMstID>
    <FieldName>Phone</FieldName>
    <LabelID>lblPhone2h</LabelID>
    <LabelName>الهاتف</LabelName>
    <LangID>2</LangID>
    <COUNTRYID>8</COUNTRYID>
    <LANGDISP>ar-KW</LANGDISP>
    <Active>TRUE</Active>
  </PageList>
  <PageList>
    <ID>16</ID>
    <LabelMstID>CRM_tbl_Account_Mst</LabelMstID>
    <FieldName>Phone_Fax</FieldName>
    <LabelID>lblPhone_Fax1s</LabelID>
    <LabelName>Phone Fax</LabelName>
    <LangID>1</LangID>
    <COUNTRYID>8</COUNTRYID>
    <LANGDISP>en-US</LANGDISP>
    <Active>TRUE</Active>
  </PageList>
  <PageList>
    <ID>17</ID>
    <LabelMstID>CRM_tbl_Account_Mst</LabelMstID>
    <FieldName>Phone_Fax</FieldName>
    <LabelID>lblPhone_Fax1s</LabelID>
    <LabelName>Téléphone Fax</LabelName>
    <LangID>3</LangID>
    <COUNTRYID>8</COUNTRYID>
    <LANGDISP>fr-FR</LANGDISP>
    <Active>TRUE</Active>
  </PageList>
  <PageList>
    <ID>18</ID>
    <LabelMstID>CRM_tbl_Account_Mst</LabelMstID>
    <FieldName>Phone_Fax</FieldName>
    <LabelID>lblPhone_Fax2h</LabelID>
    <LabelName>الهاتف الفاكس</LabelName>
    <LangID>2</LangID>
    <COUNTRYID>8</COUNTRYID>
    <LANGDISP>ar-KW</LANGDISP>
    <Active>TRUE</Active>
  </PageList>
  <PageList>
    <ID>19</ID>
    <LabelMstID>CRM_tbl_Account_Mst</LabelMstID>
    <FieldName>Phone_Alternate</FieldName>
    <LabelID>lblPhone_Alternate1s</LabelID>
    <LabelName>Phone Alternate</LabelName>
    <LangID>1</LangID>
    <COUNTRYID>8</COUNTRYID>
    <LANGDISP>en-US</LANGDISP>
    <Active>TRUE</Active>
  </PageList>
  <PageList>
    <ID>20</ID>
    <LabelMstID>CRM_tbl_Account_Mst</LabelMstID>
    <FieldName>Phone_Alternate</FieldName>
    <LabelID>lblPhone_Alternate1s</LabelID>
    <LabelName>Téléphone alternatif</LabelName>
    <LangID>3</LangID>
    <COUNTRYID>8</COUNTRYID>
    <LANGDISP>fr-FR</LANGDISP>
    <Active>TRUE</Active>
  </PageList>
  <PageList>
    <ID>21</ID>
    <LabelMstID>CRM_tbl_Account_Mst</LabelMstID>
    <FieldName>Phone_Alternate</FieldName>
    <LabelID>lblPhone_Alternate2h</LabelID>
    <LabelName>الهاتف البديل</LabelName>
    <LangID>2</LangID>
    <COUNTRYID>8</COUNTRYID>
    <LANGDISP>ar-KW</LANGDISP>
    <Active>TRUE</Active>
  </PageList>
  <PageList>
    <ID>22</ID>
    <LabelMstID>CRM_tbl_Account_Mst</LabelMstID>
    <FieldName>Website</FieldName>
    <LabelID>lblWebsite1s</LabelID>
    <LabelName>Website</LabelName>
    <LangID>1</LangID>
    <COUNTRYID>8</COUNTRYID>
    <LANGDISP>en-US</LANGDISP>
    <Active>TRUE</Active>
  </PageList>
  <PageList>
    <ID>23</ID>
    <LabelMstID>CRM_tbl_Account_Mst</LabelMstID>
    <FieldName>Website</FieldName>
    <LabelID>lblWebsite1s</LabelID>
    <LabelName>Site Web</LabelName>
    <LangID>3</LangID>
    <COUNTRYID>8</COUNTRYID>
    <LANGDISP>fr-FR</LANGDISP>
    <Active>TRUE</Active>
  </PageList>
  <PageList>
    <ID>24</ID>
    <LabelMstID>CRM_tbl_Account_Mst</LabelMstID>
    <FieldName>Website</FieldName>
    <LabelID>lblWebsite2h</LabelID>
    <LabelName>موقع على شبكة الإنترنت</LabelName>
    <LangID>2</LangID>
    <COUNTRYID>8</COUNTRYID>
    <LANGDISP>ar-KW</LANGDISP>
    <Active>TRUE</Active>
  </PageList>
  <PageList>
    <ID>25</ID>
    <LabelMstID>CRM_tbl_Account_Mst</LabelMstID>
    <FieldName>Email1</FieldName>
    <LabelID>lblEmail11s</LabelID>
    <LabelName>Email 1</LabelName>
    <LangID>1</LangID>
    <COUNTRYID>8</COUNTRYID>
    <LANGDISP>en-US</LANGDISP>
    <Active>TRUE</Active>
  </PageList>
  <PageList>
    <ID>26</ID>
    <LabelMstID>CRM_tbl_Account_Mst</LabelMstID>
    <FieldName>Email1</FieldName>
    <LabelID>lblEmail11s</LabelID>
    <LabelName>Courriel 1</LabelName>
    <LangID>3</LangID>
    <COUNTRYID>8</COUNTRYID>
    <LANGDISP>fr-FR</LANGDISP>
    <Active>TRUE</Active>
  </PageList>
  <PageList>
    <ID>27</ID>
    <LabelMstID>CRM_tbl_Account_Mst</LabelMstID>
    <FieldName>Email1</FieldName>
    <LabelID>lblEmail12h</LabelID>
    <LabelName>البريد الإلكتروني 1</LabelName>
    <LangID>2</LangID>
    <COUNTRYID>8</COUNTRYID>
    <LANGDISP>ar-KW</LANGDISP>
    <Active>TRUE</Active>
  </PageList>
  <PageList>
    <ID>28</ID>
    <LabelMstID>CRM_tbl_Account_Mst</LabelMstID>
    <FieldName>Email2</FieldName>
    <LabelID>lblEmail21s</LabelID>
    <LabelName>Email 2</LabelName>
    <LangID>1</LangID>
    <COUNTRYID>8</COUNTRYID>
    <LANGDISP>en-US</LANGDISP>
    <Active>TRUE</Active>
  </PageList>
  <PageList>
    <ID>29</ID>
    <LabelMstID>CRM_tbl_Account_Mst</LabelMstID>
    <FieldName>Email2</FieldName>
    <LabelID>lblEmail21s</LabelID>
    <LabelName>Courriel 2</LabelName>
    <LangID>3</LangID>
    <COUNTRYID>8</COUNTRYID>
    <LANGDISP>fr-FR</LANGDISP>
    <Active>TRUE</Active>
  </PageList>
  <PageList>
    <ID>30</ID>
    <LabelMstID>CRM_tbl_Account_Mst</LabelMstID>
    <FieldName>Email2</FieldName>
    <LabelID>lblEmail22h</LabelID>
    <LabelName>البريد الإلكتروني 2</LabelName>
    <LangID>2</LangID>
    <COUNTRYID>8</COUNTRYID>
    <LANGDISP>ar-KW</LANGDISP>
    <Active>TRUE</Active>
  </PageList>
  <PageList>
    <ID>31</ID>
    <LabelMstID>CRM_tbl_Account_Mst</LabelMstID>
    <FieldName>Annual_Revenue</FieldName>
    <LabelID>lblAnnual_Revenue1s</LabelID>
    <LabelName>Annual Revenue</LabelName>
    <LangID>1</LangID>
    <COUNTRYID>8</COUNTRYID>
    <LANGDISP>en-US</LANGDISP>
    <Active>TRUE</Active>
  </PageList>
  <PageList>
    <ID>32</ID>
    <LabelMstID>CRM_tbl_Account_Mst</LabelMstID>
    <FieldName>Annual_Revenue</FieldName>
    <LabelID>lblAnnual_Revenue1s</LabelID>
    <LabelName>Chiffre d'affaires annuel</LabelName>
    <LangID>3</LangID>
    <COUNTRYID>8</COUNTRYID>
    <LANGDISP>fr-FR</LANGDISP>
    <Active>TRUE</Active>
  </PageList>
  <PageList>
    <ID>33</ID>
    <LabelMstID>CRM_tbl_Account_Mst</LabelMstID>
    <FieldName>Annual_Revenue</FieldName>
    <LabelID>lblAnnual_Revenue2h</LabelID>
    <LabelName>الإيرادات السنوية</LabelName>
    <LangID>2</LangID>
    <COUNTRYID>8</COUNTRYID>
    <LANGDISP>ar-KW</LANGDISP>
    <Active>TRUE</Active>
  </PageList>
  <PageList>
    <ID>34</ID>
    <LabelMstID>CRM_tbl_Account_Mst</LabelMstID>
    <FieldName>Employee</FieldName>
    <LabelID>lblEmployee1s</LabelID>
    <LabelName>Employee</LabelName>
    <LangID>1</LangID>
    <COUNTRYID>8</COUNTRYID>
    <LANGDISP>en-US</LANGDISP>
    <Active>TRUE</Active>
  </PageList>
  <PageList>
    <ID>35</ID>
    <LabelMstID>CRM_tbl_Account_Mst</LabelMstID>
    <FieldName>Employee</FieldName>
    <LabelID>lblEmployee1s</LabelID>
    <LabelName>Employé</LabelName>
    <LangID>3</LangID>
    <COUNTRYID>8</COUNTRYID>
    <LANGDISP>fr-FR</LANGDISP>
    <Active>TRUE</Active>
  </PageList>
  <PageList>
    <ID>36</ID>
    <LabelMstID>CRM_tbl_Account_Mst</LabelMstID>
    <FieldName>Employee</FieldName>
    <LabelID>lblEmployee2h</LabelID>
    <LabelName>الموظف</LabelName>
    <LangID>2</LangID>
    <COUNTRYID>8</COUNTRYID>
    <LANGDISP>ar-KW</LANGDISP>
    <Active>TRUE</Active>
  </PageList>
  <PageList>
    <ID>37</ID>
    <LabelMstID>CRM_tbl_Account_Mst</LabelMstID>
    <FieldName>IndustryID</FieldName>
    <LabelID>lblIndustryID1s</LabelID>
    <LabelName>Industry Name</LabelName>
    <LangID>1</LangID>
    <COUNTRYID>8</COUNTRYID>
    <LANGDISP>en-US</LANGDISP>
    <Active>TRUE</Active>
  </PageList>
  <PageList>
    <ID>38</ID>
    <LabelMstID>CRM_tbl_Account_Mst</LabelMstID>
    <FieldName>IndustryID</FieldName>
    <LabelID>lblIndustryID1s</LabelID>
    <LabelName>Nom de l'industrie</LabelName>
    <LangID>3</LangID>
    <COUNTRYID>8</COUNTRYID>
    <LANGDISP>fr-FR</LANGDISP>
    <Active>TRUE</Active>
  </PageList>
  <PageList>
    <ID>39</ID>
    <LabelMstID>CRM_tbl_Account_Mst</LabelMstID>
    <FieldName>IndustryID</FieldName>
    <LabelID>lblIndustryID2h</LabelID>
    <LabelName>اسم الصناعة</LabelName>
    <LangID>2</LangID>
    <COUNTRYID>8</COUNTRYID>
    <LANGDISP>ar-KW</LANGDISP>
    <Active>TRUE</Active>
  </PageList>
  <PageList>
    <ID>40</ID>
    <LabelMstID>CRM_tbl_Account_Mst</LabelMstID>
    <FieldName>Ownership</FieldName>
    <LabelID>lblOwnership1s</LabelID>
    <LabelName>Owner ship</LabelName>
    <LangID>1</LangID>
    <COUNTRYID>8</COUNTRYID>
    <LANGDISP>en-US</LANGDISP>
    <Active>TRUE</Active>
  </PageList>
  <PageList>
    <ID>41</ID>
    <LabelMstID>CRM_tbl_Account_Mst</LabelMstID>
    <FieldName>Ownership</FieldName>
    <LabelID>lblOwnership1s</LabelID>
    <LabelName>Propriété</LabelName>
    <LangID>3</LangID>
    <COUNTRYID>8</COUNTRYID>
    <LANGDISP>fr-FR</LANGDISP>
    <Active>TRUE</Active>
  </PageList>
  <PageList>
    <ID>42</ID>
    <LabelMstID>CRM_tbl_Account_Mst</LabelMstID>
    <FieldName>Ownership</FieldName>
    <LabelID>lblOwnership2h</LabelID>
    <LabelName>ملكية</LabelName>
    <LangID>2</LangID>
    <COUNTRYID>8</COUNTRYID>
    <LANGDISP>ar-KW</LANGDISP>
    <Active>TRUE</Active>
  </PageList>
  <PageList>
    <ID>43</ID>
    <LabelMstID>CRM_tbl_Account_Mst</LabelMstID>
    <FieldName>AccountType</FieldName>
    <LabelID>lblAccountType1s</LabelID>
    <LabelName>Account Type</LabelName>
    <LangID>1</LangID>
    <COUNTRYID>8</COUNTRYID>
    <LANGDISP>en-US</LANGDISP>
    <Active>TRUE</Active>
  </PageList>
  <PageList>
    <ID>44</ID>
    <LabelMstID>CRM_tbl_Account_Mst</LabelMstID>
    <FieldName>AccountType</FieldName>
    <LabelID>lblAccountType1s</LabelID>
    <LabelName>Type de compte</LabelName>
    <LangID>3</LangID>
    <COUNTRYID>8</COUNTRYID>
    <LANGDISP>fr-FR</LANGDISP>
    <Active>TRUE</Active>
  </PageList>
  <PageList>
    <ID>45</ID>
    <LabelMstID>CRM_tbl_Account_Mst</LabelMstID>
    <FieldName>AccountType</FieldName>
    <LabelID>lblAccountType2h</LabelID>
    <LabelName>نوع الحساب</LabelName>
    <LangID>2</LangID>
    <COUNTRYID>8</COUNTRYID>
    <LANGDISP>ar-KW</LANGDISP>
    <Active>TRUE</Active>
  </PageList>
  <PageList>
    <ID>46</ID>
    <LabelMstID>CRM_tbl_Account_Mst</LabelMstID>
    <FieldName>TickerSymbol</FieldName>
    <LabelID>lblTickerSymbol1s</LabelID>
    <LabelName>Ticker Symbol</LabelName>
    <LangID>1</LangID>
    <COUNTRYID>8</COUNTRYID>
    <LANGDISP>en-US</LANGDISP>
    <Active>TRUE</Active>
  </PageList>
  <PageList>
    <ID>47</ID>
    <LabelMstID>CRM_tbl_Account_Mst</LabelMstID>
    <FieldName>TickerSymbol</FieldName>
    <LabelID>lblTickerSymbol1s</LabelID>
    <LabelName>Symbole boursier</LabelName>
    <LangID>3</LangID>
    <COUNTRYID>8</COUNTRYID>
    <LANGDISP>fr-FR</LANGDISP>
    <Active>TRUE</Active>
  </PageList>
  <PageList>
    <ID>48</ID>
    <LabelMstID>CRM_tbl_Account_Mst</LabelMstID>
    <FieldName>TickerSymbol</FieldName>
    <LabelID>lblTickerSymbol2h</LabelID>
    <LabelName>رمز مؤشر الأسهم</LabelName>
    <LangID>2</LangID>
    <COUNTRYID>8</COUNTRYID>
    <LANGDISP>ar-KW</LANGDISP>
    <Active>TRUE</Active>
  </PageList>
  <PageList>
    <ID>49</ID>
    <LabelMstID>CRM_tbl_Account_Mst</LabelMstID>
    <FieldName>Rating</FieldName>
    <LabelID>lblRating1s</LabelID>
    <LabelName>Rating</LabelName>
    <LangID>1</LangID>
    <COUNTRYID>8</COUNTRYID>
    <LANGDISP>en-US</LANGDISP>
    <Active>TRUE</Active>
  </PageList>
  <PageList>
    <ID>50</ID>
    <LabelMstID>CRM_tbl_Account_Mst</LabelMstID>
    <FieldName>Rating</FieldName>
    <LabelID>lblRating1s</LabelID>
    <LabelName>De note</LabelName>
    <LangID>3</LangID>
    <COUNTRYID>8</COUNTRYID>
    <LANGDISP>fr-FR</LANGDISP>
    <Active>TRUE</Active>
  </PageList>
  <PageList>
    <ID>51</ID>
    <LabelMstID>CRM_tbl_Account_Mst</LabelMstID>
    <FieldName>Rating</FieldName>
    <LabelID>lblRating2h</LabelID>
    <LabelName>تصنيف</LabelName>
    <LangID>2</LangID>
    <COUNTRYID>8</COUNTRYID>
    <LANGDISP>ar-KW</LANGDISP>
    <Active>TRUE</Active>
  </PageList>
  <PageList>
    <ID>52</ID>
    <LabelMstID>CRM_tbl_Account_Mst</LabelMstID>
    <FieldName>SicCode</FieldName>
    <LabelID>lblSicCode1s</LabelID>
    <LabelName>Sic Code</LabelName>
    <LangID>1</LangID>
    <COUNTRYID>8</COUNTRYID>
    <LANGDISP>en-US</LANGDISP>
    <Active>TRUE</Active>
  </PageList>
  <PageList>
    <ID>53</ID>
    <LabelMstID>CRM_tbl_Account_Mst</LabelMstID>
    <FieldName>SicCode</FieldName>
    <LabelID>lblSicCode1s</LabelID>
    <LabelName>Code CTI</LabelName>
    <LangID>3</LangID>
    <COUNTRYID>8</COUNTRYID>
    <LANGDISP>fr-FR</LANGDISP>
    <Active>TRUE</Active>
  </PageList>
  <PageList>
    <ID>54</ID>
    <LabelMstID>CRM_tbl_Account_Mst</LabelMstID>
    <FieldName>SicCode</FieldName>
    <LabelID>lblSicCode2h</LabelID>
    <LabelName>هكذا التعليمات البرمجية</LabelName>
    <LangID>2</LangID>
    <COUNTRYID>8</COUNTRYID>
    <LANGDISP>ar-KW</LANGDISP>
    <Active>TRUE</Active>
  </PageList>
  <PageList>
    <ID>55</ID>
    <LabelMstID>CRM_tbl_Account_Mst</LabelMstID>
    <FieldName>Billing_Address_Street</FieldName>
    <LabelID>lblBilling_Address_Street1s</LabelID>
    <LabelName>Billing Address Street</LabelName>
    <LangID>1</LangID>
    <COUNTRYID>8</COUNTRYID>
    <LANGDISP>en-US</LANGDISP>
    <Active>TRUE</Active>
  </PageList>
  <PageList>
    <ID>56</ID>
    <LabelMstID>CRM_tbl_Account_Mst</LabelMstID>
    <FieldName>Billing_Address_Street</FieldName>
    <LabelID>lblBilling_Address_Street1s</LabelID>
    <LabelName>Adresse de facturation Street</LabelName>
    <LangID>3</LangID>
    <COUNTRYID>8</COUNTRYID>
    <LANGDISP>fr-FR</LANGDISP>
    <Active>TRUE</Active>
  </PageList>
  <PageList>
    <ID>57</ID>
    <LabelMstID>CRM_tbl_Account_Mst</LabelMstID>
    <FieldName>Billing_Address_Street</FieldName>
    <LabelID>lblBilling_Address_Street2h</LabelID>
    <LabelName>شارع عنوان الفوترة</LabelName>
    <LangID>2</LangID>
    <COUNTRYID>8</COUNTRYID>
    <LANGDISP>ar-KW</LANGDISP>
    <Active>TRUE</Active>
  </PageList>
  <PageList>
    <ID>58</ID>
    <LabelMstID>CRM_tbl_Account_Mst</LabelMstID>
    <FieldName>Billing_Address_City</FieldName>
    <LabelID>lblBilling_Address_City1s</LabelID>
    <LabelName>Billing Address City</LabelName>
    <LangID>1</LangID>
    <COUNTRYID>8</COUNTRYID>
    <LANGDISP>en-US</LANGDISP>
    <Active>TRUE</Active>
  </PageList>
  <PageList>
    <ID>59</ID>
    <LabelMstID>CRM_tbl_Account_Mst</LabelMstID>
    <FieldName>Billing_Address_City</FieldName>
    <LabelID>lblBilling_Address_City1s</LabelID>
    <LabelName>Facturation adresse ville</LabelName>
    <LangID>3</LangID>
    <COUNTRYID>8</COUNTRYID>
    <LANGDISP>fr-FR</LANGDISP>
    <Active>TRUE</Active>
  </PageList>
  <PageList>
    <ID>60</ID>
    <LabelMstID>CRM_tbl_Account_Mst</LabelMstID>
    <FieldName>Billing_Address_City</FieldName>
    <LabelID>lblBilling_Address_City2h</LabelID>
    <LabelName>مدينة عنوان الفوترة</LabelName>
    <LangID>2</LangID>
    <COUNTRYID>8</COUNTRYID>
    <LANGDISP>ar-KW</LANGDISP>
    <Active>TRUE</Active>
  </PageList>
  <PageList>
    <ID>61</ID>
    <LabelMstID>CRM_tbl_Account_Mst</LabelMstID>
    <FieldName>Billing_Address_State</FieldName>
    <LabelID>lblBilling_Address_State1s</LabelID>
    <LabelName>Billing Address State</LabelName>
    <LangID>1</LangID>
    <COUNTRYID>8</COUNTRYID>
    <LANGDISP>en-US</LANGDISP>
    <Active>TRUE</Active>
  </PageList>
  <PageList>
    <ID>62</ID>
    <LabelMstID>CRM_tbl_Account_Mst</LabelMstID>
    <FieldName>Billing_Address_State</FieldName>
    <LabelID>lblBilling_Address_State1s</LabelID>
    <LabelName>Adresse de facturation État</LabelName>
    <LangID>3</LangID>
    <COUNTRYID>8</COUNTRYID>
    <LANGDISP>fr-FR</LANGDISP>
    <Active>TRUE</Active>
  </PageList>
  <PageList>
    <ID>63</ID>
    <LabelMstID>CRM_tbl_Account_Mst</LabelMstID>
    <FieldName>Billing_Address_State</FieldName>
    <LabelID>lblBilling_Address_State2h</LabelID>
    <LabelName>الدولة عنوان الفوترة</LabelName>
    <LangID>2</LangID>
    <COUNTRYID>8</COUNTRYID>
    <LANGDISP>ar-KW</LANGDISP>
    <Active>TRUE</Active>
  </PageList>
  <PageList>
    <ID>64</ID>
    <LabelMstID>CRM_tbl_Account_Mst</LabelMstID>
    <FieldName>Billing_Address_Postalcode</FieldName>
    <LabelID>lblBilling_Address_Postalcode1s</LabelID>
    <LabelName>Billing Address Postalcode</LabelName>
    <LangID>1</LangID>
    <COUNTRYID>8</COUNTRYID>
    <LANGDISP>en-US</LANGDISP>
    <Active>TRUE</Active>
  </PageList>
  <PageList>
    <ID>65</ID>
    <LabelMstID>CRM_tbl_Account_Mst</LabelMstID>
    <FieldName>Billing_Address_Postalcode</FieldName>
    <LabelID>lblBilling_Address_Postalcode1s</LabelID>
    <LabelName>Code Postal de facturation adresse</LabelName>
    <LangID>3</LangID>
    <COUNTRYID>8</COUNTRYID>
    <LANGDISP>fr-FR</LANGDISP>
    <Active>TRUE</Active>
  </PageList>
  <PageList>
    <ID>66</ID>
    <LabelMstID>CRM_tbl_Account_Mst</LabelMstID>
    <FieldName>Billing_Address_Postalcode</FieldName>
    <LabelID>lblBilling_Address_Postalcode2h</LabelID>
    <LabelName>الرمز البريدي عنوان الفوترة</LabelName>
    <LangID>2</LangID>
    <COUNTRYID>8</COUNTRYID>
    <LANGDISP>ar-KW</LANGDISP>
    <Active>TRUE</Active>
  </PageList>
  <PageList>
    <ID>67</ID>
    <LabelMstID>CRM_tbl_Account_Mst</LabelMstID>
    <FieldName>Billing_Address_Country</FieldName>
    <LabelID>lblBilling_Address_Country1s</LabelID>
    <LabelName>Billing Address Country</LabelName>
    <LangID>1</LangID>
    <COUNTRYID>8</COUNTRYID>
    <LANGDISP>en-US</LANGDISP>
    <Active>TRUE</Active>
  </PageList>
  <PageList>
    <ID>68</ID>
    <LabelMstID>CRM_tbl_Account_Mst</LabelMstID>
    <FieldName>Billing_Address_Country</FieldName>
    <LabelID>lblBilling_Address_Country1s</LabelID>
    <LabelName>Pays adresse de facturation</LabelName>
    <LangID>3</LangID>
    <COUNTRYID>8</COUNTRYID>
    <LANGDISP>fr-FR</LANGDISP>
    <Active>TRUE</Active>
  </PageList>
  <PageList>
    <ID>69</ID>
    <LabelMstID>CRM_tbl_Account_Mst</LabelMstID>
    <FieldName>Billing_Address_Country</FieldName>
    <LabelID>lblBilling_Address_Country2h</LabelID>
    <LabelName>بلد عنوان الفوترة</LabelName>
    <LangID>2</LangID>
    <COUNTRYID>8</COUNTRYID>
    <LANGDISP>ar-KW</LANGDISP>
    <Active>TRUE</Active>
  </PageList>
  <PageList>
    <ID>70</ID>
    <LabelMstID>CRM_tbl_Account_Mst</LabelMstID>
    <FieldName>Shipping_Address_Street</FieldName>
    <LabelID>lblShipping_Address_Street1s</LabelID>
    <LabelName>Shipping Address Street</LabelName>
    <LangID>1</LangID>
    <COUNTRYID>8</COUNTRYID>
    <LANGDISP>en-US</LANGDISP>
    <Active>TRUE</Active>
  </PageList>
  <PageList>
    <ID>71</ID>
    <LabelMstID>CRM_tbl_Account_Mst</LabelMstID>
    <FieldName>Shipping_Address_Street</FieldName>
    <LabelID>lblShipping_Address_Street1s</LabelID>
    <LabelName>Rue de l'adresse d'expédition</LabelName>
    <LangID>3</LangID>
    <COUNTRYID>8</COUNTRYID>
    <LANGDISP>fr-FR</LANGDISP>
    <Active>TRUE</Active>
  </PageList>
  <PageList>
    <ID>72</ID>
    <LabelMstID>CRM_tbl_Account_Mst</LabelMstID>
    <FieldName>Shipping_Address_Street</FieldName>
    <LabelID>lblShipping_Address_Street2h</LabelID>
    <LabelName>شارع عنوان الشحن</LabelName>
    <LangID>2</LangID>
    <COUNTRYID>8</COUNTRYID>
    <LANGDISP>ar-KW</LANGDISP>
    <Active>TRUE</Active>
  </PageList>
  <PageList>
    <ID>73</ID>
    <LabelMstID>CRM_tbl_Account_Mst</LabelMstID>
    <FieldName>Shipping_Address_City</FieldName>
    <LabelID>lblShipping_Address_City1s</LabelID>
    <LabelName>Shipping Address City</LabelName>
    <LangID>1</LangID>
    <COUNTRYID>8</COUNTRYID>
    <LANGDISP>en-US</LANGDISP>
    <Active>TRUE</Active>
  </PageList>
  <PageList>
    <ID>74</ID>
    <LabelMstID>CRM_tbl_Account_Mst</LabelMstID>
    <FieldName>Shipping_Address_City</FieldName>
    <LabelID>lblShipping_Address_City1s</LabelID>
    <LabelName>Livraison adresse ville</LabelName>
    <LangID>3</LangID>
    <COUNTRYID>8</COUNTRYID>
    <LANGDISP>fr-FR</LANGDISP>
    <Active>TRUE</Active>
  </PageList>
  <PageList>
    <ID>75</ID>
    <LabelMstID>CRM_tbl_Account_Mst</LabelMstID>
    <FieldName>Shipping_Address_City</FieldName>
    <LabelID>lblShipping_Address_City2h</LabelID>
    <LabelName>مدينة عنوان الشحن</LabelName>
    <LangID>2</LangID>
    <COUNTRYID>8</COUNTRYID>
    <LANGDISP>ar-KW</LANGDISP>
    <Active>TRUE</Active>
  </PageList>
  <PageList>
    <ID>76</ID>
    <LabelMstID>CRM_tbl_Account_Mst</LabelMstID>
    <FieldName>Shipping_Address_State</FieldName>
    <LabelID>lblShipping_Address_State1s</LabelID>
    <LabelName>Shipping Address State</LabelName>
    <LangID>1</LangID>
    <COUNTRYID>8</COUNTRYID>
    <LANGDISP>en-US</LANGDISP>
    <Active>TRUE</Active>
  </PageList>
  <PageList>
    <ID>77</ID>
    <LabelMstID>CRM_tbl_Account_Mst</LabelMstID>
    <FieldName>Shipping_Address_State</FieldName>
    <LabelID>lblShipping_Address_State1s</LabelID>
    <LabelName>État de livraison adresse</LabelName>
    <LangID>3</LangID>
    <COUNTRYID>8</COUNTRYID>
    <LANGDISP>fr-FR</LANGDISP>
    <Active>TRUE</Active>
  </PageList>
  <PageList>
    <ID>78</ID>
    <LabelMstID>CRM_tbl_Account_Mst</LabelMstID>
    <FieldName>Shipping_Address_State</FieldName>
    <LabelID>lblShipping_Address_State2h</LabelID>
    <LabelName>الدولة عنوان الشحن</LabelName>
    <LangID>2</LangID>
    <COUNTRYID>8</COUNTRYID>
    <LANGDISP>ar-KW</LANGDISP>
    <Active>TRUE</Active>
  </PageList>
  <PageList>
    <ID>79</ID>
    <LabelMstID>CRM_tbl_Account_Mst</LabelMstID>
    <FieldName>Shipping_Address_Postalcode</FieldName>
    <LabelID>lblShipping_Address_Postalcode1s</LabelID>
    <LabelName>Shipping Address Postal Code</LabelName>
    <LangID>1</LangID>
    <COUNTRYID>8</COUNTRYID>
    <LANGDISP>en-US</LANGDISP>
    <Active>TRUE</Active>
  </PageList>
  <PageList>
    <ID>80</ID>
    <LabelMstID>CRM_tbl_Account_Mst</LabelMstID>
    <FieldName>Shipping_Address_Postalcode</FieldName>
    <LabelID>lblShipping_Address_Postalcode1s</LabelID>
    <LabelName>Code Postal de livraison adresse</LabelName>
    <LangID>3</LangID>
    <COUNTRYID>8</COUNTRYID>
    <LANGDISP>fr-FR</LANGDISP>
    <Active>TRUE</Active>
  </PageList>
  <PageList>
    <ID>81</ID>
    <LabelMstID>CRM_tbl_Account_Mst</LabelMstID>
    <FieldName>Shipping_Address_Postalcode</FieldName>
    <LabelID>lblShipping_Address_Postalcode2h</LabelID>
    <LabelName>الرمز البريدي عنوان الشحن</LabelName>
    <LangID>2</LangID>
    <COUNTRYID>8</COUNTRYID>
    <LANGDISP>ar-KW</LANGDISP>
    <Active>TRUE</Active>
  </PageList>
  <PageList>
    <ID>82</ID>
    <LabelMstID>CRM_tbl_Account_Mst</LabelMstID>
    <FieldName>Shipping_Address_Country</FieldName>
    <LabelID>lblShipping_Address_Country1s</LabelID>
    <LabelName>Shipping Address Country</LabelName>
    <LangID>1</LangID>
    <COUNTRYID>8</COUNTRYID>
    <LANGDISP>en-US</LANGDISP>
    <Active>TRUE</Active>
  </PageList>
  <PageList>
    <ID>83</ID>
    <LabelMstID>CRM_tbl_Account_Mst</LabelMstID>
    <FieldName>Shipping_Address_Country</FieldName>
    <LabelID>lblShipping_Address_Country1s</LabelID>
    <LabelName>Pays adresse de livraison</LabelName>
    <LangID>3</LangID>
    <COUNTRYID>8</COUNTRYID>
    <LANGDISP>fr-FR</LANGDISP>
    <Active>TRUE</Active>
  </PageList>
  <PageList>
    <ID>84</ID>
    <LabelMstID>CRM_tbl_Account_Mst</LabelMstID>
    <FieldName>Shipping_Address_Country</FieldName>
    <LabelID>lblShipping_Address_Country2h</LabelID>
    <LabelName>بلد عنوان الشحن</LabelName>
    <LangID>2</LangID>
    <COUNTRYID>8</COUNTRYID>
    <LANGDISP>ar-KW</LANGDISP>
    <Active>TRUE</Active>
  </PageList>
  <PageList>
    <ID>85</ID>
    <LabelMstID>CRM_tbl_Account_Mst</LabelMstID>
    <FieldName>ParentName</FieldName>
    <LabelID>lblParentName1s</LabelID>
    <LabelName>Parent Name</LabelName>
    <LangID>1</LangID>
    <COUNTRYID>8</COUNTRYID>
    <LANGDISP>en-US</LANGDISP>
    <Active>TRUE</Active>
  </PageList>
  <PageList>
    <ID>86</ID>
    <LabelMstID>CRM_tbl_Account_Mst</LabelMstID>
    <FieldName>ParentName</FieldName>
    <LabelID>lblParentName1s</LabelID>
    <LabelName>Nom du parent</LabelName>
    <LangID>3</LangID>
    <COUNTRYID>8</COUNTRYID>
    <LANGDISP>fr-FR</LANGDISP>
    <Active>TRUE</Active>
  </PageList>
  <PageList>
    <ID>87</ID>
    <LabelMstID>CRM_tbl_Account_Mst</LabelMstID>
    <FieldName>ParentName</FieldName>
    <LabelID>lblParentName2h</LabelID>
    <LabelName>اسم الأصل</LabelName>
    <LangID>2</LangID>
    <COUNTRYID>8</COUNTRYID>
    <LANGDISP>ar-KW</LANGDISP>
    <Active>TRUE</Active>
  </PageList>
  <PageList>
    <ID>88</ID>
    <LabelMstID>CRM_tbl_Account_Mst</LabelMstID>
    <FieldName>DateEntered</FieldName>
    <LabelID>lblDateEntered1s</LabelID>
    <LabelName>Date Entered</LabelName>
    <LangID>1</LangID>
    <COUNTRYID>8</COUNTRYID>
    <LANGDISP>en-US</LANGDISP>
    <Active>TRUE</Active>
  </PageList>
  <PageList>
    <ID>89</ID>
    <LabelMstID>CRM_tbl_Account_Mst</LabelMstID>
    <FieldName>DateEntered</FieldName>
    <LabelID>lblDateEntered1s</LabelID>
    <LabelName>Date d'entrée</LabelName>
    <LangID>3</LangID>
    <COUNTRYID>8</COUNTRYID>
    <LANGDISP>fr-FR</LANGDISP>
    <Active>TRUE</Active>
  </PageList>
  <PageList>
    <ID>90</ID>
    <LabelMstID>CRM_tbl_Account_Mst</LabelMstID>
    <FieldName>DateEntered</FieldName>
    <LabelID>lblDateEntered2h</LabelID>
    <LabelName>تاريخ إدخال</LabelName>
    <LangID>2</LangID>
    <COUNTRYID>8</COUNTRYID>
    <LANGDISP>ar-KW</LANGDISP>
    <Active>TRUE</Active>
  </PageList>
  <PageList>
    <ID>91</ID>
    <LabelMstID>CRM_tbl_Account_Mst</LabelMstID>
    <FieldName>DateModified</FieldName>
    <LabelID>lblDateModified1s</LabelID>
    <LabelName>Date Modified</LabelName>
    <LangID>1</LangID>
    <COUNTRYID>8</COUNTRYID>
    <LANGDISP>en-US</LANGDISP>
    <Active>TRUE</Active>
  </PageList>
  <PageList>
    <ID>92</ID>
    <LabelMstID>CRM_tbl_Account_Mst</LabelMstID>
    <FieldName>DateModified</FieldName>
    <LabelID>lblDateModified1s</LabelID>
    <LabelName>Date de modification</LabelName>
    <LangID>3</LangID>
    <COUNTRYID>8</COUNTRYID>
    <LANGDISP>fr-FR</LANGDISP>
    <Active>TRUE</Active>
  </PageList>
  <PageList>
    <ID>93</ID>
    <LabelMstID>CRM_tbl_Account_Mst</LabelMstID>
    <FieldName>DateModified</FieldName>
    <LabelID>lblDateModified2h</LabelID>
    <LabelName>تاريخ التعديل</LabelName>
    <LangID>2</LangID>
    <COUNTRYID>8</COUNTRYID>
    <LANGDISP>ar-KW</LANGDISP>
    <Active>TRUE</Active>
  </PageList>
  <PageList>
    <ID>94</ID>
    <LabelMstID>CRM_tbl_Account_Mst</LabelMstID>
    <FieldName>Description</FieldName>
    <LabelID>lblDescription1s</LabelID>
    <LabelName>Description</LabelName>
    <LangID>1</LangID>
    <COUNTRYID>8</COUNTRYID>
    <LANGDISP>en-US</LANGDISP>
    <Active>TRUE</Active>
  </PageList>
  <PageList>
    <ID>95</ID>
    <LabelMstID>CRM_tbl_Account_Mst</LabelMstID>
    <FieldName>Description</FieldName>
    <LabelID>lblDescription1s</LabelID>
    <LabelName>Description</LabelName>
    <LangID>3</LangID>
    <COUNTRYID>8</COUNTRYID>
    <LANGDISP>fr-FR</LANGDISP>
    <Active>TRUE</Active>
  </PageList>
  <PageList>
    <ID>96</ID>
    <LabelMstID>CRM_tbl_Account_Mst</LabelMstID>
    <FieldName>Description</FieldName>
    <LabelID>lblDescription2h</LabelID>
    <LabelName>الوصف</LabelName>
    <LangID>2</LangID>
    <COUNTRYID>8</COUNTRYID>
    <LANGDISP>ar-KW</LANGDISP>
    <Active>TRUE</Active>
  </PageList>
  <PageList>
    <ID>97</ID>
    <LabelMstID>CRM_tbl_Account_Mst</LabelMstID>
    <FieldName>TeamName</FieldName>
    <LabelID>lblTeamName1s</LabelID>
    <LabelName>Team Name</LabelName>
    <LangID>1</LangID>
    <COUNTRYID>8</COUNTRYID>
    <LANGDISP>en-US</LANGDISP>
    <Active>TRUE</Active>
  </PageList>
  <PageList>
    <ID>98</ID>
    <LabelMstID>CRM_tbl_Account_Mst</LabelMstID>
    <FieldName>TeamName</FieldName>
    <LabelID>lblTeamName1s</LabelID>
    <LabelName>Nom de l'équipe</LabelName>
    <LangID>3</LangID>
    <COUNTRYID>8</COUNTRYID>
    <LANGDISP>fr-FR</LANGDISP>
    <Active>TRUE</Active>
  </PageList>
  <PageList>
    <ID>99</ID>
    <LabelMstID>CRM_tbl_Account_Mst</LabelMstID>
    <FieldName>TeamName</FieldName>
    <LabelID>lblTeamName2h</LabelID>
    <LabelName>اسم الفريق</LabelName>
    <LangID>2</LangID>
    <COUNTRYID>8</COUNTRYID>
    <LANGDISP>ar-KW</LANGDISP>
    <Active>TRUE</Active>
  </PageList>
  <PageList>
    <ID>100</ID>
    <LabelMstID>CRM_tbl_Account_Mst</LabelMstID>
    <FieldName>Assigned_to_Name</FieldName>
    <LabelID>lblAssigned_to_Name1s</LabelID>
    <LabelName>Assigned To Name</LabelName>
    <LangID>1</LangID>
    <COUNTRYID>8</COUNTRYID>
    <LANGDISP>en-US</LANGDISP>
    <Active>TRUE</Active>
  </PageList>
  <PageList>
    <ID>101</ID>
    <LabelMstID>CRM_tbl_Account_Mst</LabelMstID>
    <FieldName>Assigned_to_Name</FieldName>
    <LabelID>lblAssigned_to_Name1s</LabelID>
    <LabelName>Affecté au nom de</LabelName>
    <LangID>3</LangID>
    <COUNTRYID>8</COUNTRYID>
    <LANGDISP>fr-FR</LANGDISP>
    <Active>TRUE</Active>
  </PageList>
  <PageList>
    <ID>102</ID>
    <LabelMstID>CRM_tbl_Account_Mst</LabelMstID>
    <FieldName>Assigned_to_Name</FieldName>
    <LabelID>lblAssigned_to_Name2h</LabelID>
    <LabelName>تعيين إلى اسم</LabelName>
    <LangID>2</LangID>
    <COUNTRYID>8</COUNTRYID>
    <LANGDISP>ar-KW</LANGDISP>
    <Active>TRUE</Active>
  </PageList>
  <PageList>
    <ID>103</ID>
    <LabelMstID>CRM_tbl_Account_Mst</LabelMstID>
    <FieldName>CreatedBy</FieldName>
    <LabelID>lblCreatedBy1s</LabelID>
    <LabelName>Created By</LabelName>
    <LangID>1</LangID>
    <COUNTRYID>8</COUNTRYID>
    <LANGDISP>en-US</LANGDISP>
    <Active>TRUE</Active>
  </PageList>
  <PageList>
    <ID>104</ID>
    <LabelMstID>CRM_tbl_Account_Mst</LabelMstID>
    <FieldName>CreatedBy</FieldName>
    <LabelID>lblCreatedBy1s</LabelID>
    <LabelName>Créé par</LabelName>
    <LangID>3</LangID>
    <COUNTRYID>8</COUNTRYID>
    <LANGDISP>fr-FR</LANGDISP>
    <Active>TRUE</Active>
  </PageList>
  <PageList>
    <ID>105</ID>
    <LabelMstID>CRM_tbl_Account_Mst</LabelMstID>
    <FieldName>CreatedBy</FieldName>
    <LabelID>lblCreatedBy2h</LabelID>
    <LabelName>تم إنشاؤها بواسطة</LabelName>
    <LangID>2</LangID>
    <COUNTRYID>8</COUNTRYID>
    <LANGDISP>ar-KW</LANGDISP>
    <Active>TRUE</Active>
  </PageList>
  <PageList>
    <ID>106</ID>
    <LabelMstID>CRM_tbl_Account_Mst</LabelMstID>
    <FieldName>ModifiedBy</FieldName>
    <LabelID>lblModifiedBy1s</LabelID>
    <LabelName>Modified By</LabelName>
    <LangID>1</LangID>
    <COUNTRYID>8</COUNTRYID>
    <LANGDISP>en-US</LANGDISP>
    <Active>TRUE</Active>
  </PageList>
  <PageList>
    <ID>107</ID>
    <LabelMstID>CRM_tbl_Account_Mst</LabelMstID>
    <FieldName>ModifiedBy</FieldName>
    <LabelID>lblModifiedBy1s</LabelID>
    <LabelName>Modifié par</LabelName>
    <LangID>3</LangID>
    <COUNTRYID>8</COUNTRYID>
    <LANGDISP>fr-FR</LANGDISP>
    <Active>TRUE</Active>
  </PageList>
  <PageList>
    <ID>108</ID>
    <LabelMstID>CRM_tbl_Account_Mst</LabelMstID>
    <FieldName>ModifiedBy</FieldName>
    <LabelID>lblModifiedBy2h</LabelID>
    <LabelName>تعديل بواسطة</LabelName>
    <LangID>2</LangID>
    <COUNTRYID>8</COUNTRYID>
    <LANGDISP>ar-KW</LANGDISP>
    <Active>TRUE</Active>
  </PageList>
  <PageList>
    <ID>109</ID>
    <LabelMstID>CRM_tbl_Account_Mst</LabelMstID>
    <FieldName>ContactName</FieldName>
    <LabelID>lblContactName1s</LabelID>
    <LabelName />
    <LangID>1</LangID>
    <COUNTRYID>8</COUNTRYID>
    <LANGDISP>en-US</LANGDISP>
    <Active>TRUE</Active>
  </PageList>
  <PageList>
    <ID>110</ID>
    <LabelMstID>CRM_tbl_Account_Mst</LabelMstID>
    <FieldName>ContactName</FieldName>
    <LabelID>lblContactName1s</LabelID>
    <LabelName>Personne-ressource</LabelName>
    <LangID>3</LangID>
    <COUNTRYID>8</COUNTRYID>
    <LANGDISP>fr-FR</LANGDISP>
    <Active>TRUE</Active>
  </PageList>
  <PageList>
    <ID>111</ID>
    <LabelMstID>CRM_tbl_Account_Mst</LabelMstID>
    <FieldName>ContactName</FieldName>
    <LabelID>lblContactName2h</LabelID>
    <LabelName>اسم جهة الاتصال</LabelName>
    <LangID>2</LangID>
    <COUNTRYID>8</COUNTRYID>
    <LANGDISP>ar-KW</LANGDISP>
    <Active>TRUE</Active>
  </PageList>
  <PageList>
    <ID>112</ID>
    <LabelMstID>CRM_tbl_Account_Mst</LabelMstID>
    <FieldName>Active</FieldName>
    <LabelID>lblActive1s</LabelID>
    <LabelName>Active</LabelName>
    <LangID>1</LangID>
    <COUNTRYID>8</COUNTRYID>
    <LANGDISP>en-US</LANGDISP>
    <Active>TRUE</Active>
  </PageList>
  <PageList>
    <ID>113</ID>
    <LabelMstID>CRM_tbl_Account_Mst</LabelMstID>
    <FieldName>Active</FieldName>
    <LabelID>lblActive1s</LabelID>
    <LabelName>Actif</LabelName>
    <LangID>3</LangID>
    <COUNTRYID>8</COUNTRYID>
    <LANGDISP>fr-FR</LANGDISP>
    <Active>TRUE</Active>
  </PageList>
  <PageList>
    <ID>114</ID>
    <LabelMstID>CRM_tbl_Account_Mst</LabelMstID>
    <FieldName>Active</FieldName>
    <LabelID>lblActive2h</LabelID>
    <LabelName>النشطة</LabelName>
    <LangID>2</LangID>
    <COUNTRYID>8</COUNTRYID>
    <LANGDISP>ar-KW</LANGDISP>
    <Active>TRUE</Active>
  </PageList>
  <PageList>
    <ID>115</ID>
    <LabelMstID>CRM_tbl_Account_Mst</LabelMstID>
    <FieldName>Deleted</FieldName>
    <LabelID>lblDeleted1s</LabelID>
    <LabelName>Deleted</LabelName>
    <LangID>1</LangID>
    <COUNTRYID>8</COUNTRYID>
    <LANGDISP>en-US</LANGDISP>
    <Active>TRUE</Active>
  </PageList>
  <PageList>
    <ID>116</ID>
    <LabelMstID>CRM_tbl_Account_Mst</LabelMstID>
    <FieldName>Deleted</FieldName>
    <LabelID>lblDeleted1s</LabelID>
    <LabelName>Supprimé</LabelName>
    <LangID>3</LangID>
    <COUNTRYID>8</COUNTRYID>
    <LANGDISP>fr-FR</LANGDISP>
    <Active>TRUE</Active>
  </PageList>
  <PageList>
    <ID>117</ID>
    <LabelMstID>CRM_tbl_Account_Mst</LabelMstID>
    <FieldName>Deleted</FieldName>
    <LabelID>lblDeleted2h</LabelID>
    <LabelName>حذف</LabelName>
    <LangID>2</LangID>
    <COUNTRYID>8</COUNTRYID>
    <LANGDISP>ar-KW</LANGDISP>
    <Active>TRUE</Active>
  </PageList>
  <PageList>
    <ID>118</ID>
    <LabelMstID>CRM_tbl_Account_Mst</LabelMstID>
    <FieldName>CRUP_ID</FieldName>
    <LabelID>lblCRUP_ID1s</LabelID>
    <LabelName>Crup Name</LabelName>
    <LangID>1</LangID>
    <COUNTRYID>8</COUNTRYID>
    <LANGDISP>en-US</LANGDISP>
    <Active>TRUE</Active>
  </PageList>
  <PageList>
    <ID>119</ID>
    <LabelMstID>CRM_tbl_Account_Mst</LabelMstID>
    <FieldName>CRUP_ID</FieldName>
    <LabelID>lblCRUP_ID1s</LabelID>
    <LabelName>Crup nom</LabelName>
    <LangID>3</LangID>
    <COUNTRYID>8</COUNTRYID>
    <LANGDISP>fr-FR</LANGDISP>
    <Active>TRUE</Active>
  </PageList>
  <PageList>
    <ID>120</ID>
    <LabelMstID>CRM_tbl_Account_Mst</LabelMstID>
    <FieldName>CRUP_ID</FieldName>
    <LabelID>lblCRUP_ID2h</LabelID>
    <LabelName>اسم Crup</LabelName>
    <LangID>2</LangID>
    <COUNTRYID>8</COUNTRYID>
    <LANGDISP>ar-KW</LANGDISP>
    <Active>TRUE</Active>
  </PageList>
  <PageList>
    <ID>121</ID>
    <LabelMstID>CRM_tbl_Account_Mst</LabelMstID>
    <FieldName>NULL</FieldName>
    <LabelID>lblHeader1s</LabelID>
    <LabelName>Account</LabelName>
    <LangID>1</LangID>
    <COUNTRYID>8</COUNTRYID>
    <LANGDISP>en-US</LANGDISP>
    <Active>TRUE</Active>
  </PageList>
  <PageList>
    <ID>122</ID>
    <LabelMstID>CRM_tbl_Account_Mst</LabelMstID>
    <FieldName>NULL</FieldName>
    <LabelID>lblHeader1s</LabelID>
    <LabelName>CRM_Account_Mst</LabelName>
    <LangID>3</LangID>
    <COUNTRYID>8</COUNTRYID>
    <LANGDISP>fr-FR</LANGDISP>
    <Active>TRUE</Active>
  </PageList>
  <PageList>
    <ID>123</ID>
    <LabelMstID>CRM_tbl_Account_Mst</LabelMstID>
    <FieldName>NULL</FieldName>
    <LabelID>lblHeader2h</LabelID>
    <LabelName>CRM_Account_Mst</LabelName>
    <LangID>2</LangID>
    <COUNTRYID>8</COUNTRYID>
    <LANGDISP>ar-KW</LANGDISP>
    <Active>TRUE</Active>
  </PageList>
</TBLLabelDTL>