<?xml version="1.0" standalone="yes"?>
<TBLLabelDTL>
  <PageList>
    <ID>1</ID>
    <LabelMstID>tbl_Opportunity_Mst</LabelMstID>
    <FieldName>TenantID</FieldName>
    <LabelID>lblTenantID1s</LabelID>
    <LabelName>Opportunity</LabelName>
    <LangID>1</LangID>
    <COUNTRYID>8</COUNTRYID>
    <LANGDISP>en-US</LANGDISP>
    <Active>TRUE</Active>
  </PageList>
  <PageList>
    <ID>2</ID>
    <LabelMstID>tbl_Opportunity_Mst</LabelMstID>
    <FieldName>TenantID</FieldName>
    <LabelID>lblTenantID1s</LabelID>
    <LabelName>Nom du locataire</LabelName>
    <LangID>3</LangID>
    <COUNTRYID>8</COUNTRYID>
    <LANGDISP>fr-FR</LANGDISP>
    <Active>TRUE</Active>
  </PageList>
  <PageList>
    <ID>3</ID>
    <LabelMstID>tbl_Opportunity_Mst</LabelMstID>
    <FieldName>TenantID</FieldName>
    <LabelID>lblTenantID2h</LabelID>
    <LabelName>اسم المستأجر</LabelName>
    <LangID>2</LangID>
    <COUNTRYID>8</COUNTRYID>
    <LANGDISP>ar-KW</LANGDISP>
    <Active>TRUE</Active>
  </PageList>
  <PageList>
    <ID>4</ID>
    <LabelMstID>tbl_Opportunity_Mst</LabelMstID>
    <FieldName>OpportID</FieldName>
    <LabelID>lblOpportID1s</LabelID>
    <LabelName>Opportunity</LabelName>
    <LangID>1</LangID>
    <COUNTRYID>8</COUNTRYID>
    <LANGDISP>en-US</LANGDISP>
    <Active>TRUE</Active>
  </PageList>
  <PageList>
    <ID>5</ID>
    <LabelMstID>tbl_Opportunity_Mst</LabelMstID>
    <FieldName>OpportID</FieldName>
    <LabelID>lblOpportID1s</LabelID>
    <LabelName>Nom de sur­</LabelName>
    <LangID>3</LangID>
    <COUNTRYID>8</COUNTRYID>
    <LANGDISP>fr-FR</LANGDISP>
    <Active>TRUE</Active>
  </PageList>
  <PageList>
    <ID>6</ID>
    <LabelMstID>tbl_Opportunity_Mst</LabelMstID>
    <FieldName>OpportID</FieldName>
    <LabelID>lblOpportID2h</LabelID>
    <LabelName>اسم أوبورت</LabelName>
    <LangID>2</LangID>
    <COUNTRYID>8</COUNTRYID>
    <LANGDISP>ar-KW</LANGDISP>
    <Active>TRUE</Active>
  </PageList>
  <PageList>
    <ID>7</ID>
    <LabelMstID>tbl_Opportunity_Mst</LabelMstID>
    <FieldName>Conact_id</FieldName>
    <LabelID>lblConact_id1s</LabelID>
    <LabelName>Contact Name</LabelName>
    <LangID>1</LangID>
    <COUNTRYID>8</COUNTRYID>
    <LANGDISP>en-US</LANGDISP>
    <Active>TRUE</Active>
  </PageList>
  <PageList>
    <ID>8</ID>
    <LabelMstID>tbl_Opportunity_Mst</LabelMstID>
    <FieldName>Conact_id</FieldName>
    <LabelID>lblConact_id1s</LabelID>
    <LabelName>Conact Id</LabelName>
    <LangID>3</LangID>
    <COUNTRYID>8</COUNTRYID>
    <LANGDISP>fr-FR</LANGDISP>
    <Active>TRUE</Active>
  </PageList>
  <PageList>
    <ID>9</ID>
    <LabelMstID>tbl_Opportunity_Mst</LabelMstID>
    <FieldName>Conact_id</FieldName>
    <LabelID>lblConact_id2h</LabelID>
    <LabelName>معرف اتصل</LabelName>
    <LangID>2</LangID>
    <COUNTRYID>8</COUNTRYID>
    <LANGDISP>ar-KW</LANGDISP>
    <Active>TRUE</Active>
  </PageList>
  <PageList>
    <ID>10</ID>
    <LabelMstID>tbl_Opportunity_Mst</LabelMstID>
    <FieldName>Customer_id</FieldName>
    <LabelID>lblCustomer_id1s</LabelID>
    <LabelName>Customer Name</LabelName>
    <LangID>1</LangID>
    <COUNTRYID>8</COUNTRYID>
    <LANGDISP>en-US</LANGDISP>
    <Active>TRUE</Active>
  </PageList>
  <PageList>
    <ID>11</ID>
    <LabelMstID>tbl_Opportunity_Mst</LabelMstID>
    <FieldName>Customer_id</FieldName>
    <LabelID>lblCustomer_id1s</LabelID>
    <LabelName>Id de client</LabelName>
    <LangID>3</LangID>
    <COUNTRYID>8</COUNTRYID>
    <LANGDISP>fr-FR</LANGDISP>
    <Active>TRUE</Active>
  </PageList>
  <PageList>
    <ID>12</ID>
    <LabelMstID>tbl_Opportunity_Mst</LabelMstID>
    <FieldName>Customer_id</FieldName>
    <LabelID>lblCustomer_id2h</LabelID>
    <LabelName>معرف العميل</LabelName>
    <LangID>2</LangID>
    <COUNTRYID>8</COUNTRYID>
    <LANGDISP>ar-KW</LANGDISP>
    <Active>TRUE</Active>
  </PageList>
  <PageList>
    <ID>13</ID>
    <LabelMstID>tbl_Opportunity_Mst</LabelMstID>
    <FieldName>Supplier_id</FieldName>
    <LabelID>lblSupplier_id1s</LabelID>
    <LabelName>Supplier Name</LabelName>
    <LangID>1</LangID>
    <COUNTRYID>8</COUNTRYID>
    <LANGDISP>en-US</LANGDISP>
    <Active>TRUE</Active>
  </PageList>
  <PageList>
    <ID>14</ID>
    <LabelMstID>tbl_Opportunity_Mst</LabelMstID>
    <FieldName>Supplier_id</FieldName>
    <LabelID>lblSupplier_id1s</LabelID>
    <LabelName>Réf fournisseur</LabelName>
    <LangID>3</LangID>
    <COUNTRYID>8</COUNTRYID>
    <LANGDISP>fr-FR</LANGDISP>
    <Active>TRUE</Active>
  </PageList>
  <PageList>
    <ID>15</ID>
    <LabelMstID>tbl_Opportunity_Mst</LabelMstID>
    <FieldName>Supplier_id</FieldName>
    <LabelID>lblSupplier_id2h</LabelID>
    <LabelName>معرف المورد</LabelName>
    <LangID>2</LangID>
    <COUNTRYID>8</COUNTRYID>
    <LANGDISP>ar-KW</LANGDISP>
    <Active>TRUE</Active>
  </PageList>
  <PageList>
    <ID>16</ID>
    <LabelMstID>tbl_Opportunity_Mst</LabelMstID>
    <FieldName>Project_id</FieldName>
    <LabelID>lblProject_id1s</LabelID>
    <LabelName>Project Name</LabelName>
    <LangID>1</LangID>
    <COUNTRYID>8</COUNTRYID>
    <LANGDISP>en-US</LANGDISP>
    <Active>TRUE</Active>
  </PageList>
  <PageList>
    <ID>17</ID>
    <LabelMstID>tbl_Opportunity_Mst</LabelMstID>
    <FieldName>Project_id</FieldName>
    <LabelID>lblProject_id1s</LabelID>
    <LabelName>Id de projet</LabelName>
    <LangID>3</LangID>
    <COUNTRYID>8</COUNTRYID>
    <LANGDISP>fr-FR</LANGDISP>
    <Active>TRUE</Active>
  </PageList>
  <PageList>
    <ID>18</ID>
    <LabelMstID>tbl_Opportunity_Mst</LabelMstID>
    <FieldName>Project_id</FieldName>
    <LabelID>lblProject_id2h</LabelID>
    <LabelName>معرف المشروع</LabelName>
    <LangID>2</LangID>
    <COUNTRYID>8</COUNTRYID>
    <LANGDISP>ar-KW</LANGDISP>
    <Active>TRUE</Active>
  </PageList>
  <PageList>
    <ID>19</ID>
    <LabelMstID>tbl_Opportunity_Mst</LabelMstID>
    <FieldName>Name</FieldName>
    <LabelID>lblName1s</LabelID>
    <LabelName>Name</LabelName>
    <LangID>1</LangID>
    <COUNTRYID>8</COUNTRYID>
    <LANGDISP>en-US</LANGDISP>
    <Active>TRUE</Active>
  </PageList>
  <PageList>
    <ID>20</ID>
    <LabelMstID>tbl_Opportunity_Mst</LabelMstID>
    <FieldName>Name</FieldName>
    <LabelID>lblName1s</LabelID>
    <LabelName>Nom</LabelName>
    <LangID>3</LangID>
    <COUNTRYID>8</COUNTRYID>
    <LANGDISP>fr-FR</LANGDISP>
    <Active>TRUE</Active>
  </PageList>
  <PageList>
    <ID>21</ID>
    <LabelMstID>tbl_Opportunity_Mst</LabelMstID>
    <FieldName>Name</FieldName>
    <LabelID>lblName2h</LabelID>
    <LabelName>الاسم</LabelName>
    <LangID>2</LangID>
    <COUNTRYID>8</COUNTRYID>
    <LANGDISP>ar-KW</LANGDISP>
    <Active>TRUE</Active>
  </PageList>
  <PageList>
    <ID>22</ID>
    <LabelMstID>tbl_Opportunity_Mst</LabelMstID>
    <FieldName>opportunity_type</FieldName>
    <LabelID>lblopportunity_type1s</LabelID>
    <LabelName>Opportunity Type</LabelName>
    <LangID>1</LangID>
    <COUNTRYID>8</COUNTRYID>
    <LANGDISP>en-US</LANGDISP>
    <Active>TRUE</Active>
  </PageList>
  <PageList>
    <ID>23</ID>
    <LabelMstID>tbl_Opportunity_Mst</LabelMstID>
    <FieldName>opportunity_type</FieldName>
    <LabelID>lblopportunity_type1s</LabelID>
    <LabelName>Type d'occasion</LabelName>
    <LangID>3</LangID>
    <COUNTRYID>8</COUNTRYID>
    <LANGDISP>fr-FR</LANGDISP>
    <Active>TRUE</Active>
  </PageList>
  <PageList>
    <ID>24</ID>
    <LabelMstID>tbl_Opportunity_Mst</LabelMstID>
    <FieldName>opportunity_type</FieldName>
    <LabelID>lblopportunity_type2h</LabelID>
    <LabelName>نوع الفرصة</LabelName>
    <LangID>2</LangID>
    <COUNTRYID>8</COUNTRYID>
    <LANGDISP>ar-KW</LANGDISP>
    <Active>TRUE</Active>
  </PageList>
  <PageList>
    <ID>25</ID>
    <LabelMstID>tbl_Opportunity_Mst</LabelMstID>
    <FieldName>lead_source</FieldName>
    <LabelID>lbllead_source1s</LabelID>
    <LabelName>Lead Source</LabelName>
    <LangID>1</LangID>
    <COUNTRYID>8</COUNTRYID>
    <LANGDISP>en-US</LANGDISP>
    <Active>TRUE</Active>
  </PageList>
  <PageList>
    <ID>26</ID>
    <LabelMstID>tbl_Opportunity_Mst</LabelMstID>
    <FieldName>lead_source</FieldName>
    <LabelID>lbllead_source1s</LabelID>
    <LabelName>Source de plomb</LabelName>
    <LangID>3</LangID>
    <COUNTRYID>8</COUNTRYID>
    <LANGDISP>fr-FR</LANGDISP>
    <Active>TRUE</Active>
  </PageList>
  <PageList>
    <ID>27</ID>
    <LabelMstID>tbl_Opportunity_Mst</LabelMstID>
    <FieldName>lead_source</FieldName>
    <LabelID>lbllead_source2h</LabelID>
    <LabelName>يؤدي المصدر</LabelName>
    <LangID>2</LangID>
    <COUNTRYID>8</COUNTRYID>
    <LANGDISP>ar-KW</LANGDISP>
    <Active>TRUE</Active>
  </PageList>
  <PageList>
    <ID>28</ID>
    <LabelMstID>tbl_Opportunity_Mst</LabelMstID>
    <FieldName>Amount</FieldName>
    <LabelID>lblAmount1s</LabelID>
    <LabelName>Amount</LabelName>
    <LangID>1</LangID>
    <COUNTRYID>8</COUNTRYID>
    <LANGDISP>en-US</LANGDISP>
    <Active>TRUE</Active>
  </PageList>
  <PageList>
    <ID>29</ID>
    <LabelMstID>tbl_Opportunity_Mst</LabelMstID>
    <FieldName>Amount</FieldName>
    <LabelID>lblAmount1s</LabelID>
    <LabelName>Montant</LabelName>
    <LangID>3</LangID>
    <COUNTRYID>8</COUNTRYID>
    <LANGDISP>fr-FR</LANGDISP>
    <Active>TRUE</Active>
  </PageList>
  <PageList>
    <ID>30</ID>
    <LabelMstID>tbl_Opportunity_Mst</LabelMstID>
    <FieldName>Amount</FieldName>
    <LabelID>lblAmount2h</LabelID>
    <LabelName>المبلغ</LabelName>
    <LangID>2</LangID>
    <COUNTRYID>8</COUNTRYID>
    <LANGDISP>ar-KW</LANGDISP>
    <Active>TRUE</Active>
  </PageList>
  <PageList>
    <ID>31</ID>
    <LabelMstID>tbl_Opportunity_Mst</LabelMstID>
    <FieldName>AmountBackup</FieldName>
    <LabelID>lblAmountBackup1s</LabelID>
    <LabelName>Amount Back Up</LabelName>
    <LangID>1</LangID>
    <COUNTRYID>8</COUNTRYID>
    <LANGDISP>en-US</LANGDISP>
    <Active>TRUE</Active>
  </PageList>
  <PageList>
    <ID>32</ID>
    <LabelMstID>tbl_Opportunity_Mst</LabelMstID>
    <FieldName>AmountBackup</FieldName>
    <LabelID>lblAmountBackup1s</LabelID>
    <LabelName>Montant de sauvegarder</LabelName>
    <LangID>3</LangID>
    <COUNTRYID>8</COUNTRYID>
    <LANGDISP>fr-FR</LANGDISP>
    <Active>TRUE</Active>
  </PageList>
  <PageList>
    <ID>33</ID>
    <LabelMstID>tbl_Opportunity_Mst</LabelMstID>
    <FieldName>AmountBackup</FieldName>
    <LabelID>lblAmountBackup2h</LabelID>
    <LabelName>مبلغ احتياطي</LabelName>
    <LangID>2</LangID>
    <COUNTRYID>8</COUNTRYID>
    <LANGDISP>ar-KW</LANGDISP>
    <Active>TRUE</Active>
  </PageList>
  <PageList>
    <ID>34</ID>
    <LabelMstID>tbl_Opportunity_Mst</LabelMstID>
    <FieldName>AmountUSdollar</FieldName>
    <LabelID>lblAmountUSdollar1s</LabelID>
    <LabelName>Amount in US$</LabelName>
    <LangID>1</LangID>
    <COUNTRYID>8</COUNTRYID>
    <LANGDISP>en-US</LANGDISP>
    <Active>TRUE</Active>
  </PageList>
  <PageList>
    <ID>35</ID>
    <LabelMstID>tbl_Opportunity_Mst</LabelMstID>
    <FieldName>AmountUSdollar</FieldName>
    <LabelID>lblAmountUSdollar1s</LabelID>
    <LabelName>Nous élèvent Dollar</LabelName>
    <LangID>3</LangID>
    <COUNTRYID>8</COUNTRYID>
    <LANGDISP>fr-FR</LANGDISP>
    <Active>TRUE</Active>
  </PageList>
  <PageList>
    <ID>36</ID>
    <LabelMstID>tbl_Opportunity_Mst</LabelMstID>
    <FieldName>AmountUSdollar</FieldName>
    <LabelID>lblAmountUSdollar2h</LabelID>
    <LabelName>مبلغ الدولار الأمريكي</LabelName>
    <LangID>2</LangID>
    <COUNTRYID>8</COUNTRYID>
    <LANGDISP>ar-KW</LANGDISP>
    <Active>TRUE</Active>
  </PageList>
  <PageList>
    <ID>37</ID>
    <LabelMstID>tbl_Opportunity_Mst</LabelMstID>
    <FieldName>DateClosed</FieldName>
    <LabelID>lblDateClosed1s</LabelID>
    <LabelName>Close Date</LabelName>
    <LangID>1</LangID>
    <COUNTRYID>8</COUNTRYID>
    <LANGDISP>en-US</LANGDISP>
    <Active>TRUE</Active>
  </PageList>
  <PageList>
    <ID>38</ID>
    <LabelMstID>tbl_Opportunity_Mst</LabelMstID>
    <FieldName>DateClosed</FieldName>
    <LabelID>lblDateClosed1s</LabelID>
    <LabelName>Date de fermeture</LabelName>
    <LangID>3</LangID>
    <COUNTRYID>8</COUNTRYID>
    <LANGDISP>fr-FR</LANGDISP>
    <Active>TRUE</Active>
  </PageList>
  <PageList>
    <ID>39</ID>
    <LabelMstID>tbl_Opportunity_Mst</LabelMstID>
    <FieldName>DateClosed</FieldName>
    <LabelID>lblDateClosed2h</LabelID>
    <LabelName>تاريخ إغلاق</LabelName>
    <LangID>2</LangID>
    <COUNTRYID>8</COUNTRYID>
    <LANGDISP>ar-KW</LANGDISP>
    <Active>TRUE</Active>
  </PageList>
  <PageList>
    <ID>40</ID>
    <LabelMstID>tbl_Opportunity_Mst</LabelMstID>
    <FieldName>NextStep</FieldName>
    <LabelID>lblNextStep1s</LabelID>
    <LabelName>Next Step</LabelName>
    <LangID>1</LangID>
    <COUNTRYID>8</COUNTRYID>
    <LANGDISP>en-US</LANGDISP>
    <Active>TRUE</Active>
  </PageList>
  <PageList>
    <ID>41</ID>
    <LabelMstID>tbl_Opportunity_Mst</LabelMstID>
    <FieldName>NextStep</FieldName>
    <LabelID>lblNextStep1s</LabelID>
    <LabelName>Prochaine étape</LabelName>
    <LangID>3</LangID>
    <COUNTRYID>8</COUNTRYID>
    <LANGDISP>fr-FR</LANGDISP>
    <Active>TRUE</Active>
  </PageList>
  <PageList>
    <ID>42</ID>
    <LabelMstID>tbl_Opportunity_Mst</LabelMstID>
    <FieldName>NextStep</FieldName>
    <LabelID>lblNextStep2h</LabelID>
    <LabelName>والخطوة التالية</LabelName>
    <LangID>2</LangID>
    <COUNTRYID>8</COUNTRYID>
    <LANGDISP>ar-KW</LANGDISP>
    <Active>TRUE</Active>
  </PageList>
  <PageList>
    <ID>43</ID>
    <LabelMstID>tbl_Opportunity_Mst</LabelMstID>
    <FieldName>SalesStage</FieldName>
    <LabelID>lblSalesStage1s</LabelID>
    <LabelName>Sales Stage</LabelName>
    <LangID>1</LangID>
    <COUNTRYID>8</COUNTRYID>
    <LANGDISP>en-US</LANGDISP>
    <Active>TRUE</Active>
  </PageList>
  <PageList>
    <ID>44</ID>
    <LabelMstID>tbl_Opportunity_Mst</LabelMstID>
    <FieldName>SalesStage</FieldName>
    <LabelID>lblSalesStage1s</LabelID>
    <LabelName>Étape de vente</LabelName>
    <LangID>3</LangID>
    <COUNTRYID>8</COUNTRYID>
    <LANGDISP>fr-FR</LANGDISP>
    <Active>TRUE</Active>
  </PageList>
  <PageList>
    <ID>45</ID>
    <LabelMstID>tbl_Opportunity_Mst</LabelMstID>
    <FieldName>SalesStage</FieldName>
    <LabelID>lblSalesStage2h</LabelID>
    <LabelName>مرحلة المبيعات</LabelName>
    <LangID>2</LangID>
    <COUNTRYID>8</COUNTRYID>
    <LANGDISP>ar-KW</LANGDISP>
    <Active>TRUE</Active>
  </PageList>
  <PageList>
    <ID>46</ID>
    <LabelMstID>tbl_Opportunity_Mst</LabelMstID>
    <FieldName>Probability</FieldName>
    <LabelID>lblProbability1s</LabelID>
    <LabelName>Probability</LabelName>
    <LangID>1</LangID>
    <COUNTRYID>8</COUNTRYID>
    <LANGDISP>en-US</LANGDISP>
    <Active>TRUE</Active>
  </PageList>
  <PageList>
    <ID>47</ID>
    <LabelMstID>tbl_Opportunity_Mst</LabelMstID>
    <FieldName>Probability</FieldName>
    <LabelID>lblProbability1s</LabelID>
    <LabelName>Probabilité</LabelName>
    <LangID>3</LangID>
    <COUNTRYID>8</COUNTRYID>
    <LANGDISP>fr-FR</LANGDISP>
    <Active>TRUE</Active>
  </PageList>
  <PageList>
    <ID>48</ID>
    <LabelMstID>tbl_Opportunity_Mst</LabelMstID>
    <FieldName>Probability</FieldName>
    <LabelID>lblProbability2h</LabelID>
    <LabelName>الاحتمال</LabelName>
    <LangID>2</LangID>
    <COUNTRYID>8</COUNTRYID>
    <LANGDISP>ar-KW</LANGDISP>
    <Active>TRUE</Active>
  </PageList>
  <PageList>
    <ID>49</ID>
    <LabelMstID>tbl_Opportunity_Mst</LabelMstID>
    <FieldName>DateEntered</FieldName>
    <LabelID>lblDateEntered1s</LabelID>
    <LabelName>Date Entered</LabelName>
    <LangID>1</LangID>
    <COUNTRYID>8</COUNTRYID>
    <LANGDISP>en-US</LANGDISP>
    <Active>TRUE</Active>
  </PageList>
  <PageList>
    <ID>50</ID>
    <LabelMstID>tbl_Opportunity_Mst</LabelMstID>
    <FieldName>DateEntered</FieldName>
    <LabelID>lblDateEntered1s</LabelID>
    <LabelName>Date d'entrée</LabelName>
    <LangID>3</LangID>
    <COUNTRYID>8</COUNTRYID>
    <LANGDISP>fr-FR</LANGDISP>
    <Active>TRUE</Active>
  </PageList>
  <PageList>
    <ID>51</ID>
    <LabelMstID>tbl_Opportunity_Mst</LabelMstID>
    <FieldName>DateEntered</FieldName>
    <LabelID>lblDateEntered2h</LabelID>
    <LabelName>تاريخ إدخال</LabelName>
    <LangID>2</LangID>
    <COUNTRYID>8</COUNTRYID>
    <LANGDISP>ar-KW</LANGDISP>
    <Active>TRUE</Active>
  </PageList>
  <PageList>
    <ID>52</ID>
    <LabelMstID>tbl_Opportunity_Mst</LabelMstID>
    <FieldName>DateModified</FieldName>
    <LabelID>lblDateModified1s</LabelID>
    <LabelName>Date Modified</LabelName>
    <LangID>1</LangID>
    <COUNTRYID>8</COUNTRYID>
    <LANGDISP>en-US</LANGDISP>
    <Active>TRUE</Active>
  </PageList>
  <PageList>
    <ID>53</ID>
    <LabelMstID>tbl_Opportunity_Mst</LabelMstID>
    <FieldName>DateModified</FieldName>
    <LabelID>lblDateModified1s</LabelID>
    <LabelName>Date de modification</LabelName>
    <LangID>3</LangID>
    <COUNTRYID>8</COUNTRYID>
    <LANGDISP>fr-FR</LANGDISP>
    <Active>TRUE</Active>
  </PageList>
  <PageList>
    <ID>54</ID>
    <LabelMstID>tbl_Opportunity_Mst</LabelMstID>
    <FieldName>DateModified</FieldName>
    <LabelID>lblDateModified2h</LabelID>
    <LabelName>تاريخ التعديل</LabelName>
    <LangID>2</LangID>
    <COUNTRYID>8</COUNTRYID>
    <LANGDISP>ar-KW</LANGDISP>
    <Active>TRUE</Active>
  </PageList>
  <PageList>
    <ID>55</ID>
    <LabelMstID>tbl_Opportunity_Mst</LabelMstID>
    <FieldName>CampaignName</FieldName>
    <LabelID>lblCampaignName1s</LabelID>
    <LabelName>Campaign Name</LabelName>
    <LangID>1</LangID>
    <COUNTRYID>8</COUNTRYID>
    <LANGDISP>en-US</LANGDISP>
    <Active>TRUE</Active>
  </PageList>
  <PageList>
    <ID>56</ID>
    <LabelMstID>tbl_Opportunity_Mst</LabelMstID>
    <FieldName>CampaignName</FieldName>
    <LabelID>lblCampaignName1s</LabelID>
    <LabelName>Nom de la campagne</LabelName>
    <LangID>3</LangID>
    <COUNTRYID>8</COUNTRYID>
    <LANGDISP>fr-FR</LANGDISP>
    <Active>TRUE</Active>
  </PageList>
  <PageList>
    <ID>57</ID>
    <LabelMstID>tbl_Opportunity_Mst</LabelMstID>
    <FieldName>CampaignName</FieldName>
    <LabelID>lblCampaignName2h</LabelID>
    <LabelName>اسم الحملة</LabelName>
    <LangID>2</LangID>
    <COUNTRYID>8</COUNTRYID>
    <LANGDISP>ar-KW</LANGDISP>
    <Active>TRUE</Active>
  </PageList>
  <PageList>
    <ID>58</ID>
    <LabelMstID>tbl_Opportunity_Mst</LabelMstID>
    <FieldName>Description</FieldName>
    <LabelID>lblDescription1s</LabelID>
    <LabelName>Description</LabelName>
    <LangID>1</LangID>
    <COUNTRYID>8</COUNTRYID>
    <LANGDISP>en-US</LANGDISP>
    <Active>TRUE</Active>
  </PageList>
  <PageList>
    <ID>59</ID>
    <LabelMstID>tbl_Opportunity_Mst</LabelMstID>
    <FieldName>Description</FieldName>
    <LabelID>lblDescription1s</LabelID>
    <LabelName>Description</LabelName>
    <LangID>3</LangID>
    <COUNTRYID>8</COUNTRYID>
    <LANGDISP>fr-FR</LANGDISP>
    <Active>TRUE</Active>
  </PageList>
  <PageList>
    <ID>60</ID>
    <LabelMstID>tbl_Opportunity_Mst</LabelMstID>
    <FieldName>Description</FieldName>
    <LabelID>lblDescription2h</LabelID>
    <LabelName>الوصف</LabelName>
    <LangID>2</LangID>
    <COUNTRYID>8</COUNTRYID>
    <LANGDISP>ar-KW</LANGDISP>
    <Active>TRUE</Active>
  </PageList>
  <PageList>
    <ID>61</ID>
    <LabelMstID>tbl_Opportunity_Mst</LabelMstID>
    <FieldName>AccountName</FieldName>
    <LabelID>lblAccountName1s</LabelID>
    <LabelName>Account Name</LabelName>
    <LangID>1</LangID>
    <COUNTRYID>8</COUNTRYID>
    <LANGDISP>en-US</LANGDISP>
    <Active>TRUE</Active>
  </PageList>
  <PageList>
    <ID>62</ID>
    <LabelMstID>tbl_Opportunity_Mst</LabelMstID>
    <FieldName>AccountName</FieldName>
    <LabelID>lblAccountName1s</LabelID>
    <LabelName>Nom de compte</LabelName>
    <LangID>3</LangID>
    <COUNTRYID>8</COUNTRYID>
    <LANGDISP>fr-FR</LANGDISP>
    <Active>TRUE</Active>
  </PageList>
  <PageList>
    <ID>63</ID>
    <LabelMstID>tbl_Opportunity_Mst</LabelMstID>
    <FieldName>AccountName</FieldName>
    <LabelID>lblAccountName2h</LabelID>
    <LabelName>اسم الحساب</LabelName>
    <LangID>2</LangID>
    <COUNTRYID>8</COUNTRYID>
    <LANGDISP>ar-KW</LANGDISP>
    <Active>TRUE</Active>
  </PageList>
  <PageList>
    <ID>64</ID>
    <LabelMstID>tbl_Opportunity_Mst</LabelMstID>
    <FieldName>TeamName</FieldName>
    <LabelID>lblTeamName1s</LabelID>
    <LabelName>Team Name</LabelName>
    <LangID>1</LangID>
    <COUNTRYID>8</COUNTRYID>
    <LANGDISP>en-US</LANGDISP>
    <Active>TRUE</Active>
  </PageList>
  <PageList>
    <ID>65</ID>
    <LabelMstID>tbl_Opportunity_Mst</LabelMstID>
    <FieldName>TeamName</FieldName>
    <LabelID>lblTeamName1s</LabelID>
    <LabelName>Nom de l'équipe</LabelName>
    <LangID>3</LangID>
    <COUNTRYID>8</COUNTRYID>
    <LANGDISP>fr-FR</LANGDISP>
    <Active>TRUE</Active>
  </PageList>
  <PageList>
    <ID>66</ID>
    <LabelMstID>tbl_Opportunity_Mst</LabelMstID>
    <FieldName>TeamName</FieldName>
    <LabelID>lblTeamName2h</LabelID>
    <LabelName>اسم الفريق</LabelName>
    <LangID>2</LangID>
    <COUNTRYID>8</COUNTRYID>
    <LANGDISP>ar-KW</LANGDISP>
    <Active>TRUE</Active>
  </PageList>
  <PageList>
    <ID>67</ID>
    <LabelMstID>tbl_Opportunity_Mst</LabelMstID>
    <FieldName>AssignedName</FieldName>
    <LabelID>lblAssignedName1s</LabelID>
    <LabelName>Assigned Name</LabelName>
    <LangID>1</LangID>
    <COUNTRYID>8</COUNTRYID>
    <LANGDISP>en-US</LANGDISP>
    <Active>TRUE</Active>
  </PageList>
  <PageList>
    <ID>68</ID>
    <LabelMstID>tbl_Opportunity_Mst</LabelMstID>
    <FieldName>AssignedName</FieldName>
    <LabelID>lblAssignedName1s</LabelID>
    <LabelName>Nom attribué</LabelName>
    <LangID>3</LangID>
    <COUNTRYID>8</COUNTRYID>
    <LANGDISP>fr-FR</LANGDISP>
    <Active>TRUE</Active>
  </PageList>
  <PageList>
    <ID>69</ID>
    <LabelMstID>tbl_Opportunity_Mst</LabelMstID>
    <FieldName>AssignedName</FieldName>
    <LabelID>lblAssignedName2h</LabelID>
    <LabelName>الاسم المعين</LabelName>
    <LangID>2</LangID>
    <COUNTRYID>8</COUNTRYID>
    <LANGDISP>ar-KW</LANGDISP>
    <Active>TRUE</Active>
  </PageList>
  <PageList>
    <ID>70</ID>
    <LabelMstID>tbl_Opportunity_Mst</LabelMstID>
    <FieldName>CreatedBy</FieldName>
    <LabelID>lblCreatedBy1s</LabelID>
    <LabelName>Opportunity</LabelName>
    <LangID>1</LangID>
    <COUNTRYID>8</COUNTRYID>
    <LANGDISP>en-US</LANGDISP>
    <Active>TRUE</Active>
  </PageList>
  <PageList>
    <ID>71</ID>
    <LabelMstID>tbl_Opportunity_Mst</LabelMstID>
    <FieldName>CreatedBy</FieldName>
    <LabelID>lblCreatedBy1s</LabelID>
    <LabelName>Créé par</LabelName>
    <LangID>3</LangID>
    <COUNTRYID>8</COUNTRYID>
    <LANGDISP>fr-FR</LANGDISP>
    <Active>TRUE</Active>
  </PageList>
  <PageList>
    <ID>72</ID>
    <LabelMstID>tbl_Opportunity_Mst</LabelMstID>
    <FieldName>CreatedBy</FieldName>
    <LabelID>lblCreatedBy2h</LabelID>
    <LabelName>تم إنشاؤها بواسطة</LabelName>
    <LangID>2</LangID>
    <COUNTRYID>8</COUNTRYID>
    <LANGDISP>ar-KW</LANGDISP>
    <Active>TRUE</Active>
  </PageList>
  <PageList>
    <ID>73</ID>
    <LabelMstID>tbl_Opportunity_Mst</LabelMstID>
    <FieldName>ModifiedBy</FieldName>
    <LabelID>lblModifiedBy1s</LabelID>
    <LabelName>Opportunity</LabelName>
    <LangID>1</LangID>
    <COUNTRYID>8</COUNTRYID>
    <LANGDISP>en-US</LANGDISP>
    <Active>TRUE</Active>
  </PageList>
  <PageList>
    <ID>74</ID>
    <LabelMstID>tbl_Opportunity_Mst</LabelMstID>
    <FieldName>ModifiedBy</FieldName>
    <LabelID>lblModifiedBy1s</LabelID>
    <LabelName>Modifié par</LabelName>
    <LangID>3</LangID>
    <COUNTRYID>8</COUNTRYID>
    <LANGDISP>fr-FR</LANGDISP>
    <Active>TRUE</Active>
  </PageList>
  <PageList>
    <ID>75</ID>
    <LabelMstID>tbl_Opportunity_Mst</LabelMstID>
    <FieldName>ModifiedBy</FieldName>
    <LabelID>lblModifiedBy2h</LabelID>
    <LabelName>تعديل بواسطة</LabelName>
    <LangID>2</LangID>
    <COUNTRYID>8</COUNTRYID>
    <LANGDISP>ar-KW</LANGDISP>
    <Active>TRUE</Active>
  </PageList>
  <PageList>
    <ID>76</ID>
    <LabelMstID>tbl_Opportunity_Mst</LabelMstID>
    <FieldName>Active</FieldName>
    <LabelID>lblActive1s</LabelID>
    <LabelName />
    <LangID>1</LangID>
    <COUNTRYID>8</COUNTRYID>
    <LANGDISP>en-US</LANGDISP>
    <Active>TRUE</Active>
  </PageList>
  <PageList>
    <ID>77</ID>
    <LabelMstID>tbl_Opportunity_Mst</LabelMstID>
    <FieldName>Active</FieldName>
    <LabelID>lblActive1s</LabelID>
    <LabelName>Actif</LabelName>
    <LangID>3</LangID>
    <COUNTRYID>8</COUNTRYID>
    <LANGDISP>fr-FR</LANGDISP>
    <Active>TRUE</Active>
  </PageList>
  <PageList>
    <ID>78</ID>
    <LabelMstID>tbl_Opportunity_Mst</LabelMstID>
    <FieldName>Active</FieldName>
    <LabelID>lblActive2h</LabelID>
    <LabelName>النشطة</LabelName>
    <LangID>2</LangID>
    <COUNTRYID>8</COUNTRYID>
    <LANGDISP>ar-KW</LANGDISP>
    <Active>TRUE</Active>
  </PageList>
  <PageList>
    <ID>79</ID>
    <LabelMstID>tbl_Opportunity_Mst</LabelMstID>
    <FieldName>Deleted</FieldName>
    <LabelID>lblDeleted1s</LabelID>
    <LabelName>Opportunity</LabelName>
    <LangID>1</LangID>
    <COUNTRYID>8</COUNTRYID>
    <LANGDISP>en-US</LANGDISP>
    <Active>TRUE</Active>
  </PageList>
  <PageList>
    <ID>80</ID>
    <LabelMstID>tbl_Opportunity_Mst</LabelMstID>
    <FieldName>Deleted</FieldName>
    <LabelID>lblDeleted1s</LabelID>
    <LabelName>Supprimé</LabelName>
    <LangID>3</LangID>
    <COUNTRYID>8</COUNTRYID>
    <LANGDISP>fr-FR</LANGDISP>
    <Active>TRUE</Active>
  </PageList>
  <PageList>
    <ID>81</ID>
    <LabelMstID>tbl_Opportunity_Mst</LabelMstID>
    <FieldName>Deleted</FieldName>
    <LabelID>lblDeleted2h</LabelID>
    <LabelName>حذف</LabelName>
    <LangID>2</LangID>
    <COUNTRYID>8</COUNTRYID>
    <LANGDISP>ar-KW</LANGDISP>
    <Active>TRUE</Active>
  </PageList>
  <PageList>
    <ID>82</ID>
    <LabelMstID>tbl_Opportunity_Mst</LabelMstID>
    <FieldName>CRUP_ID</FieldName>
    <LabelID>lblCRUP_ID1s</LabelID>
    <LabelName>Opportunity</LabelName>
    <LangID>1</LangID>
    <COUNTRYID>8</COUNTRYID>
    <LANGDISP>en-US</LANGDISP>
    <Active>TRUE</Active>
  </PageList>
  <PageList>
    <ID>83</ID>
    <LabelMstID>tbl_Opportunity_Mst</LabelMstID>
    <FieldName>CRUP_ID</FieldName>
    <LabelID>lblCRUP_ID1s</LabelID>
    <LabelName>Crup nom</LabelName>
    <LangID>3</LangID>
    <COUNTRYID>8</COUNTRYID>
    <LANGDISP>fr-FR</LANGDISP>
    <Active>TRUE</Active>
  </PageList>
  <PageList>
    <ID>84</ID>
    <LabelMstID>tbl_Opportunity_Mst</LabelMstID>
    <FieldName>CRUP_ID</FieldName>
    <LabelID>lblCRUP_ID2h</LabelID>
    <LabelName>اسم Crup</LabelName>
    <LangID>2</LangID>
    <COUNTRYID>8</COUNTRYID>
    <LANGDISP>ar-KW</LANGDISP>
    <Active>TRUE</Active>
  </PageList>
  <PageList>
    <ID>85</ID>
    <LabelMstID>tbl_Opportunity_Mst</LabelMstID>
    <FieldName>NULL</FieldName>
    <LabelID>lblHeader1s</LabelID>
    <LabelName>Opportunity</LabelName>
    <LangID>1</LangID>
    <COUNTRYID>8</COUNTRYID>
    <LANGDISP>en-US</LANGDISP>
    <Active>TRUE</Active>
  </PageList>
  <PageList>
    <ID>86</ID>
    <LabelMstID>tbl_Opportunity_Mst</LabelMstID>
    <FieldName>NULL</FieldName>
    <LabelID>lblHeader1s</LabelID>
    <LabelName>CRM_Opportunity_Mst</LabelName>
    <LangID>3</LangID>
    <COUNTRYID>8</COUNTRYID>
    <LANGDISP>fr-FR</LANGDISP>
    <Active>TRUE</Active>
  </PageList>
  <PageList>
    <ID>87</ID>
    <LabelMstID>tbl_Opportunity_Mst</LabelMstID>
    <FieldName>NULL</FieldName>
    <LabelID>lblHeader2h</LabelID>
    <LabelName>CRM_Opportunity_Mst</LabelName>
    <LangID>2</LangID>
    <COUNTRYID>8</COUNTRYID>
    <LANGDISP>ar-KW</LANGDISP>
    <Active>TRUE</Active>
  </PageList>
</TBLLabelDTL>