<?xml version="1.0" standalone="yes"?>
<TBLLabelDTL>
  <PageList>
    <ID>1</ID>
    <LabelMstID>tbl_Campaign_Mst</LabelMstID>
    <FieldName>TenantID</FieldName>
    <LabelID>lblTenantID1s</LabelID>
    <LabelName>Campaign</LabelName>
    <LangID>1</LangID>
    <COUNTRYID>8</COUNTRYID>
    <LANGDISP>en-US</LANGDISP>
    <Active>TRUE</Active>
  </PageList>
  <PageList>
    <ID>2</ID>
    <LabelMstID>tbl_Campaign_Mst</LabelMstID>
    <FieldName>TenantID</FieldName>
    <LabelID>lblTenantID1s</LabelID>
    <LabelName>Nom du locataire</LabelName>
    <LangID>3</LangID>
    <COUNTRYID>8</COUNTRYID>
    <LANGDISP>fr-FR</LANGDISP>
    <Active>TRUE</Active>
  </PageList>
  <PageList>
    <ID>3</ID>
    <LabelMstID>tbl_Campaign_Mst</LabelMstID>
    <FieldName>TenantID</FieldName>
    <LabelID>lblTenantID2h</LabelID>
    <LabelName>اسم المستأجر</LabelName>
    <LangID>2</LangID>
    <COUNTRYID>8</COUNTRYID>
    <LANGDISP>ar-KW</LANGDISP>
    <Active>TRUE</Active>
  </PageList>
  <PageList>
    <ID>4</ID>
    <LabelMstID>tbl_Campaign_Mst</LabelMstID>
    <FieldName>ID</FieldName>
    <LabelID>lblID1s</LabelID>
    <LabelName>Campaign</LabelName>
    <LangID>1</LangID>
    <COUNTRYID>8</COUNTRYID>
    <LANGDISP>en-US</LANGDISP>
    <Active>TRUE</Active>
  </PageList>
  <PageList>
    <ID>5</ID>
    <LabelMstID>tbl_Campaign_Mst</LabelMstID>
    <FieldName>ID</FieldName>
    <LabelID>lblID1s</LabelID>
    <LabelName>Nom</LabelName>
    <LangID>3</LangID>
    <COUNTRYID>8</COUNTRYID>
    <LANGDISP>fr-FR</LANGDISP>
    <Active>TRUE</Active>
  </PageList>
  <PageList>
    <ID>6</ID>
    <LabelMstID>tbl_Campaign_Mst</LabelMstID>
    <FieldName>ID</FieldName>
    <LabelID>lblID2h</LabelID>
    <LabelName>الاسم</LabelName>
    <LangID>2</LangID>
    <COUNTRYID>8</COUNTRYID>
    <LANGDISP>ar-KW</LANGDISP>
    <Active>TRUE</Active>
  </PageList>
  <PageList>
    <ID>7</ID>
    <LabelMstID>tbl_Campaign_Mst</LabelMstID>
    <FieldName>Tenet</FieldName>
    <LabelID>lblTenet1s</LabelID>
    <LabelName>Campaign</LabelName>
    <LangID>1</LangID>
    <COUNTRYID>8</COUNTRYID>
    <LANGDISP>en-US</LANGDISP>
    <Active>TRUE</Active>
  </PageList>
  <PageList>
    <ID>8</ID>
    <LabelMstID>tbl_Campaign_Mst</LabelMstID>
    <FieldName>Tenet</FieldName>
    <LabelID>lblTenet1s</LabelID>
    <LabelName>Tenet</LabelName>
    <LangID>3</LangID>
    <COUNTRYID>8</COUNTRYID>
    <LANGDISP>fr-FR</LANGDISP>
    <Active>TRUE</Active>
  </PageList>
  <PageList>
    <ID>9</ID>
    <LabelMstID>tbl_Campaign_Mst</LabelMstID>
    <FieldName>Tenet</FieldName>
    <LabelID>lblTenet2h</LabelID>
    <LabelName>تينيت</LabelName>
    <LangID>2</LangID>
    <COUNTRYID>8</COUNTRYID>
    <LANGDISP>ar-KW</LANGDISP>
    <Active>TRUE</Active>
  </PageList>
  <PageList>
    <ID>10</ID>
    <LabelMstID>tbl_Campaign_Mst</LabelMstID>
    <FieldName>Name</FieldName>
    <LabelID>lblName1s</LabelID>
    <LabelName>Name in Lang#1</LabelName>
    <LangID>1</LangID>
    <COUNTRYID>8</COUNTRYID>
    <LANGDISP>en-US</LANGDISP>
    <Active>TRUE</Active>
  </PageList>
  <PageList>
    <ID>11</ID>
    <LabelMstID>tbl_Campaign_Mst</LabelMstID>
    <FieldName>Name</FieldName>
    <LabelID>lblName1s</LabelID>
    <LabelName>Nom</LabelName>
    <LangID>3</LangID>
    <COUNTRYID>8</COUNTRYID>
    <LANGDISP>fr-FR</LANGDISP>
    <Active>TRUE</Active>
  </PageList>
  <PageList>
    <ID>12</ID>
    <LabelMstID>tbl_Campaign_Mst</LabelMstID>
    <FieldName>Name</FieldName>
    <LabelID>lblName2h</LabelID>
    <LabelName>الاسم</LabelName>
    <LangID>2</LangID>
    <COUNTRYID>8</COUNTRYID>
    <LANGDISP>ar-KW</LANGDISP>
    <Active>TRUE</Active>
  </PageList>
  <PageList>
    <ID>13</ID>
    <LabelMstID>tbl_Campaign_Mst</LabelMstID>
    <FieldName>MyFavorite</FieldName>
    <LabelID>lblMyFavorite1s</LabelID>
    <LabelName>My Favorite</LabelName>
    <LangID>1</LangID>
    <COUNTRYID>8</COUNTRYID>
    <LANGDISP>en-US</LANGDISP>
    <Active>TRUE</Active>
  </PageList>
  <PageList>
    <ID>14</ID>
    <LabelMstID>tbl_Campaign_Mst</LabelMstID>
    <FieldName>MyFavorite</FieldName>
    <LabelID>lblMyFavorite1s</LabelID>
    <LabelName>Mon préféré</LabelName>
    <LangID>3</LangID>
    <COUNTRYID>8</COUNTRYID>
    <LANGDISP>fr-FR</LANGDISP>
    <Active>TRUE</Active>
  </PageList>
  <PageList>
    <ID>15</ID>
    <LabelMstID>tbl_Campaign_Mst</LabelMstID>
    <FieldName>MyFavorite</FieldName>
    <LabelID>lblMyFavorite2h</LabelID>
    <LabelName>المفضلة</LabelName>
    <LangID>2</LangID>
    <COUNTRYID>8</COUNTRYID>
    <LANGDISP>ar-KW</LANGDISP>
    <Active>TRUE</Active>
  </PageList>
  <PageList>
    <ID>16</ID>
    <LabelMstID>tbl_Campaign_Mst</LabelMstID>
    <FieldName>MyItems</FieldName>
    <LabelID>lblMyItems1s</LabelID>
    <LabelName>My Items</LabelName>
    <LangID>1</LangID>
    <COUNTRYID>8</COUNTRYID>
    <LANGDISP>en-US</LANGDISP>
    <Active>TRUE</Active>
  </PageList>
  <PageList>
    <ID>17</ID>
    <LabelMstID>tbl_Campaign_Mst</LabelMstID>
    <FieldName>MyItems</FieldName>
    <LabelID>lblMyItems1s</LabelID>
    <LabelName>Mes Articles</LabelName>
    <LangID>3</LangID>
    <COUNTRYID>8</COUNTRYID>
    <LANGDISP>fr-FR</LANGDISP>
    <Active>TRUE</Active>
  </PageList>
  <PageList>
    <ID>18</ID>
    <LabelMstID>tbl_Campaign_Mst</LabelMstID>
    <FieldName>MyItems</FieldName>
    <LabelID>lblMyItems2h</LabelID>
    <LabelName>العناصر الخاصة بي</LabelName>
    <LangID>2</LangID>
    <COUNTRYID>8</COUNTRYID>
    <LANGDISP>ar-KW</LANGDISP>
    <Active>TRUE</Active>
  </PageList>
  <PageList>
    <ID>19</ID>
    <LabelMstID>tbl_Campaign_Mst</LabelMstID>
    <FieldName>Compaigntype</FieldName>
    <LabelID>lblCompaigntype1s</LabelID>
    <LabelName>Campaign Type</LabelName>
    <LangID>1</LangID>
    <COUNTRYID>8</COUNTRYID>
    <LANGDISP>en-US</LANGDISP>
    <Active>TRUE</Active>
  </PageList>
  <PageList>
    <ID>20</ID>
    <LabelMstID>tbl_Campaign_Mst</LabelMstID>
    <FieldName>Compaigntype</FieldName>
    <LabelID>lblCompaigntype1s</LabelID>
    <LabelName>Type de campagne</LabelName>
    <LangID>3</LangID>
    <COUNTRYID>8</COUNTRYID>
    <LANGDISP>fr-FR</LANGDISP>
    <Active>TRUE</Active>
  </PageList>
  <PageList>
    <ID>21</ID>
    <LabelMstID>tbl_Campaign_Mst</LabelMstID>
    <FieldName>Compaigntype</FieldName>
    <LabelID>lblCompaigntype2h</LabelID>
    <LabelName>نوع حملة</LabelName>
    <LangID>2</LangID>
    <COUNTRYID>8</COUNTRYID>
    <LANGDISP>ar-KW</LANGDISP>
    <Active>TRUE</Active>
  </PageList>
  <PageList>
    <ID>22</ID>
    <LabelMstID>tbl_Campaign_Mst</LabelMstID>
    <FieldName>Status</FieldName>
    <LabelID>lblStatus1s</LabelID>
    <LabelName>Status</LabelName>
    <LangID>1</LangID>
    <COUNTRYID>8</COUNTRYID>
    <LANGDISP>en-US</LANGDISP>
    <Active>TRUE</Active>
  </PageList>
  <PageList>
    <ID>23</ID>
    <LabelMstID>tbl_Campaign_Mst</LabelMstID>
    <FieldName>Status</FieldName>
    <LabelID>lblStatus1s</LabelID>
    <LabelName>Statut</LabelName>
    <LangID>3</LangID>
    <COUNTRYID>8</COUNTRYID>
    <LANGDISP>fr-FR</LANGDISP>
    <Active>TRUE</Active>
  </PageList>
  <PageList>
    <ID>24</ID>
    <LabelMstID>tbl_Campaign_Mst</LabelMstID>
    <FieldName>Status</FieldName>
    <LabelID>lblStatus2h</LabelID>
    <LabelName>مركز</LabelName>
    <LangID>2</LangID>
    <COUNTRYID>8</COUNTRYID>
    <LANGDISP>ar-KW</LANGDISP>
    <Active>TRUE</Active>
  </PageList>
  <PageList>
    <ID>25</ID>
    <LabelMstID>tbl_Campaign_Mst</LabelMstID>
    <FieldName>TypeID</FieldName>
    <LabelID>lblTypeID1s</LabelID>
    <LabelName>Type Name</LabelName>
    <LangID>1</LangID>
    <COUNTRYID>8</COUNTRYID>
    <LANGDISP>en-US</LANGDISP>
    <Active>TRUE</Active>
  </PageList>
  <PageList>
    <ID>26</ID>
    <LabelMstID>tbl_Campaign_Mst</LabelMstID>
    <FieldName>TypeID</FieldName>
    <LabelID>lblTypeID1s</LabelID>
    <LabelName>Nom du type</LabelName>
    <LangID>3</LangID>
    <COUNTRYID>8</COUNTRYID>
    <LANGDISP>fr-FR</LANGDISP>
    <Active>TRUE</Active>
  </PageList>
  <PageList>
    <ID>27</ID>
    <LabelMstID>tbl_Campaign_Mst</LabelMstID>
    <FieldName>TypeID</FieldName>
    <LabelID>lblTypeID2h</LabelID>
    <LabelName>اسم النوع</LabelName>
    <LangID>2</LangID>
    <COUNTRYID>8</COUNTRYID>
    <LANGDISP>ar-KW</LANGDISP>
    <Active>TRUE</Active>
  </PageList>
  <PageList>
    <ID>28</ID>
    <LabelMstID>tbl_Campaign_Mst</LabelMstID>
    <FieldName>Budget</FieldName>
    <LabelID>lblBudget1s</LabelID>
    <LabelName>Budget</LabelName>
    <LangID>1</LangID>
    <COUNTRYID>8</COUNTRYID>
    <LANGDISP>en-US</LANGDISP>
    <Active>TRUE</Active>
  </PageList>
  <PageList>
    <ID>29</ID>
    <LabelMstID>tbl_Campaign_Mst</LabelMstID>
    <FieldName>Budget</FieldName>
    <LabelID>lblBudget1s</LabelID>
    <LabelName>Bud Get</LabelName>
    <LangID>3</LangID>
    <COUNTRYID>8</COUNTRYID>
    <LANGDISP>fr-FR</LANGDISP>
    <Active>TRUE</Active>
  </PageList>
  <PageList>
    <ID>30</ID>
    <LabelMstID>tbl_Campaign_Mst</LabelMstID>
    <FieldName>Budget</FieldName>
    <LabelID>lblBudget2h</LabelID>
    <LabelName>الحصول على براعم</LabelName>
    <LangID>2</LangID>
    <COUNTRYID>8</COUNTRYID>
    <LANGDISP>ar-KW</LANGDISP>
    <Active>TRUE</Active>
  </PageList>
  <PageList>
    <ID>31</ID>
    <LabelMstID>tbl_Campaign_Mst</LabelMstID>
    <FieldName>Revenue</FieldName>
    <LabelID>lblRevenue1s</LabelID>
    <LabelName>Revenue</LabelName>
    <LangID>1</LangID>
    <COUNTRYID>8</COUNTRYID>
    <LANGDISP>en-US</LANGDISP>
    <Active>TRUE</Active>
  </PageList>
  <PageList>
    <ID>32</ID>
    <LabelMstID>tbl_Campaign_Mst</LabelMstID>
    <FieldName>Revenue</FieldName>
    <LabelID>lblRevenue1s</LabelID>
    <LabelName>Recettes</LabelName>
    <LangID>3</LangID>
    <COUNTRYID>8</COUNTRYID>
    <LANGDISP>fr-FR</LANGDISP>
    <Active>TRUE</Active>
  </PageList>
  <PageList>
    <ID>33</ID>
    <LabelMstID>tbl_Campaign_Mst</LabelMstID>
    <FieldName>Revenue</FieldName>
    <LabelID>lblRevenue2h</LabelID>
    <LabelName>الإيرادات</LabelName>
    <LangID>2</LangID>
    <COUNTRYID>8</COUNTRYID>
    <LANGDISP>ar-KW</LANGDISP>
    <Active>TRUE</Active>
  </PageList>
  <PageList>
    <ID>34</ID>
    <LabelMstID>tbl_Campaign_Mst</LabelMstID>
    <FieldName>TrackerText</FieldName>
    <LabelID>lblTrackerText1s</LabelID>
    <LabelName />
    <LangID>1</LangID>
    <COUNTRYID>8</COUNTRYID>
    <LANGDISP>en-US</LANGDISP>
    <Active>TRUE</Active>
  </PageList>
  <PageList>
    <ID>35</ID>
    <LabelMstID>tbl_Campaign_Mst</LabelMstID>
    <FieldName>TrackerText</FieldName>
    <LabelID>lblTrackerText1s</LabelID>
    <LabelName>Texte de traqueur</LabelName>
    <LangID>3</LangID>
    <COUNTRYID>8</COUNTRYID>
    <LANGDISP>fr-FR</LANGDISP>
    <Active>TRUE</Active>
  </PageList>
  <PageList>
    <ID>36</ID>
    <LabelMstID>tbl_Campaign_Mst</LabelMstID>
    <FieldName>TrackerText</FieldName>
    <LabelID>lblTrackerText2h</LabelID>
    <LabelName>نص المقتفي</LabelName>
    <LangID>2</LangID>
    <COUNTRYID>8</COUNTRYID>
    <LANGDISP>ar-KW</LANGDISP>
    <Active>TRUE</Active>
  </PageList>
  <PageList>
    <ID>37</ID>
    <LabelMstID>tbl_Campaign_Mst</LabelMstID>
    <FieldName>ReferURL</FieldName>
    <LabelID>lblReferURL1s</LabelID>
    <LabelName>Refer URL</LabelName>
    <LangID>1</LangID>
    <COUNTRYID>8</COUNTRYID>
    <LANGDISP>en-US</LANGDISP>
    <Active>TRUE</Active>
  </PageList>
  <PageList>
    <ID>38</ID>
    <LabelMstID>tbl_Campaign_Mst</LabelMstID>
    <FieldName>ReferURL</FieldName>
    <LabelID>lblReferURL1s</LabelID>
    <LabelName>Url de référence</LabelName>
    <LangID>3</LangID>
    <COUNTRYID>8</COUNTRYID>
    <LANGDISP>fr-FR</LANGDISP>
    <Active>TRUE</Active>
  </PageList>
  <PageList>
    <ID>39</ID>
    <LabelMstID>tbl_Campaign_Mst</LabelMstID>
    <FieldName>ReferURL</FieldName>
    <LabelID>lblReferURL2h</LabelID>
    <LabelName>يشير محدد موقع المعلومات</LabelName>
    <LangID>2</LangID>
    <COUNTRYID>8</COUNTRYID>
    <LANGDISP>ar-KW</LANGDISP>
    <Active>TRUE</Active>
  </PageList>
  <PageList>
    <ID>40</ID>
    <LabelMstID>tbl_Campaign_Mst</LabelMstID>
    <FieldName>Contents</FieldName>
    <LabelID>lblContents1s</LabelID>
    <LabelName>Contents of the Campaign Language 1</LabelName>
    <LangID>1</LangID>
    <COUNTRYID>8</COUNTRYID>
    <LANGDISP>en-US</LANGDISP>
    <Active>TRUE</Active>
  </PageList>
  <PageList>
    <ID>41</ID>
    <LabelMstID>tbl_Campaign_Mst</LabelMstID>
    <FieldName>Contents</FieldName>
    <LabelID>lblContents1s</LabelID>
    <LabelName>Contenu</LabelName>
    <LangID>3</LangID>
    <COUNTRYID>8</COUNTRYID>
    <LANGDISP>fr-FR</LANGDISP>
    <Active>TRUE</Active>
  </PageList>
  <PageList>
    <ID>42</ID>
    <LabelMstID>tbl_Campaign_Mst</LabelMstID>
    <FieldName>Contents</FieldName>
    <LabelID>lblContents2h</LabelID>
    <LabelName>المحتويات</LabelName>
    <LangID>2</LangID>
    <COUNTRYID>8</COUNTRYID>
    <LANGDISP>ar-KW</LANGDISP>
    <Active>TRUE</Active>
  </PageList>
  <PageList>
    <ID>43</ID>
    <LabelMstID>tbl_Campaign_Mst</LabelMstID>
    <FieldName>Impressions</FieldName>
    <LabelID>lblImpressions1s</LabelID>
    <LabelName>Impressions</LabelName>
    <LangID>1</LangID>
    <COUNTRYID>8</COUNTRYID>
    <LANGDISP>en-US</LANGDISP>
    <Active>TRUE</Active>
  </PageList>
  <PageList>
    <ID>44</ID>
    <LabelMstID>tbl_Campaign_Mst</LabelMstID>
    <FieldName>Impressions</FieldName>
    <LabelID>lblImpressions1s</LabelID>
    <LabelName>Impressions</LabelName>
    <LangID>3</LangID>
    <COUNTRYID>8</COUNTRYID>
    <LANGDISP>fr-FR</LANGDISP>
    <Active>TRUE</Active>
  </PageList>
  <PageList>
    <ID>45</ID>
    <LabelMstID>tbl_Campaign_Mst</LabelMstID>
    <FieldName>Impressions</FieldName>
    <LabelID>lblImpressions2h</LabelID>
    <LabelName>الظهور</LabelName>
    <LangID>2</LangID>
    <COUNTRYID>8</COUNTRYID>
    <LANGDISP>ar-KW</LANGDISP>
    <Active>TRUE</Active>
  </PageList>
  <PageList>
    <ID>46</ID>
    <LabelMstID>tbl_Campaign_Mst</LabelMstID>
    <FieldName>ActualCost</FieldName>
    <LabelID>lblActualCost1s</LabelID>
    <LabelName>Actual Cost</LabelName>
    <LangID>1</LangID>
    <COUNTRYID>8</COUNTRYID>
    <LANGDISP>en-US</LANGDISP>
    <Active>TRUE</Active>
  </PageList>
  <PageList>
    <ID>47</ID>
    <LabelMstID>tbl_Campaign_Mst</LabelMstID>
    <FieldName>ActualCost</FieldName>
    <LabelID>lblActualCost1s</LabelID>
    <LabelName>Coût réel</LabelName>
    <LangID>3</LangID>
    <COUNTRYID>8</COUNTRYID>
    <LANGDISP>fr-FR</LANGDISP>
    <Active>TRUE</Active>
  </PageList>
  <PageList>
    <ID>48</ID>
    <LabelMstID>tbl_Campaign_Mst</LabelMstID>
    <FieldName>ActualCost</FieldName>
    <LabelID>lblActualCost2h</LabelID>
    <LabelName>التكلفة الفعلية</LabelName>
    <LangID>2</LangID>
    <COUNTRYID>8</COUNTRYID>
    <LANGDISP>ar-KW</LANGDISP>
    <Active>TRUE</Active>
  </PageList>
  <PageList>
    <ID>49</ID>
    <LabelMstID>tbl_Campaign_Mst</LabelMstID>
    <FieldName>ExpectedCost</FieldName>
    <LabelID>lblExpectedCost1s</LabelID>
    <LabelName>Expected Cost</LabelName>
    <LangID>1</LangID>
    <COUNTRYID>8</COUNTRYID>
    <LANGDISP>en-US</LANGDISP>
    <Active>TRUE</Active>
  </PageList>
  <PageList>
    <ID>50</ID>
    <LabelMstID>tbl_Campaign_Mst</LabelMstID>
    <FieldName>ExpectedCost</FieldName>
    <LabelID>lblExpectedCost1s</LabelID>
    <LabelName>Coût prévu</LabelName>
    <LangID>3</LangID>
    <COUNTRYID>8</COUNTRYID>
    <LANGDISP>fr-FR</LANGDISP>
    <Active>TRUE</Active>
  </PageList>
  <PageList>
    <ID>51</ID>
    <LabelMstID>tbl_Campaign_Mst</LabelMstID>
    <FieldName>ExpectedCost</FieldName>
    <LabelID>lblExpectedCost2h</LabelID>
    <LabelName>التكلفة المتوقعة</LabelName>
    <LangID>2</LangID>
    <COUNTRYID>8</COUNTRYID>
    <LANGDISP>ar-KW</LANGDISP>
    <Active>TRUE</Active>
  </PageList>
  <PageList>
    <ID>52</ID>
    <LabelMstID>tbl_Campaign_Mst</LabelMstID>
    <FieldName>Objective</FieldName>
    <LabelID>lblObjective1s</LabelID>
    <LabelName>Objective</LabelName>
    <LangID>1</LangID>
    <COUNTRYID>8</COUNTRYID>
    <LANGDISP>en-US</LANGDISP>
    <Active>TRUE</Active>
  </PageList>
  <PageList>
    <ID>53</ID>
    <LabelMstID>tbl_Campaign_Mst</LabelMstID>
    <FieldName>Objective</FieldName>
    <LabelID>lblObjective1s</LabelID>
    <LabelName>Objectif</LabelName>
    <LangID>3</LangID>
    <COUNTRYID>8</COUNTRYID>
    <LANGDISP>fr-FR</LANGDISP>
    <Active>TRUE</Active>
  </PageList>
  <PageList>
    <ID>54</ID>
    <LabelMstID>tbl_Campaign_Mst</LabelMstID>
    <FieldName>Objective</FieldName>
    <LabelID>lblObjective2h</LabelID>
    <LabelName>والهدف</LabelName>
    <LangID>2</LangID>
    <COUNTRYID>8</COUNTRYID>
    <LANGDISP>ar-KW</LANGDISP>
    <Active>TRUE</Active>
  </PageList>
  <PageList>
    <ID>55</ID>
    <LabelMstID>tbl_Campaign_Mst</LabelMstID>
    <FieldName>Currency</FieldName>
    <LabelID>lblCurrency1s</LabelID>
    <LabelName />
    <LangID>1</LangID>
    <COUNTRYID>8</COUNTRYID>
    <LANGDISP>en-US</LANGDISP>
    <Active>TRUE</Active>
  </PageList>
  <PageList>
    <ID>56</ID>
    <LabelMstID>tbl_Campaign_Mst</LabelMstID>
    <FieldName>Currency</FieldName>
    <LabelID>lblCurrency1s</LabelID>
    <LabelName>Devise</LabelName>
    <LangID>3</LangID>
    <COUNTRYID>8</COUNTRYID>
    <LANGDISP>fr-FR</LANGDISP>
    <Active>TRUE</Active>
  </PageList>
  <PageList>
    <ID>57</ID>
    <LabelMstID>tbl_Campaign_Mst</LabelMstID>
    <FieldName>Currency</FieldName>
    <LabelID>lblCurrency2h</LabelID>
    <LabelName>تحويل العملات</LabelName>
    <LangID>2</LangID>
    <COUNTRYID>8</COUNTRYID>
    <LANGDISP>ar-KW</LANGDISP>
    <Active>TRUE</Active>
  </PageList>
  <PageList>
    <ID>58</ID>
    <LabelMstID>tbl_Campaign_Mst</LabelMstID>
    <FieldName>StartDate</FieldName>
    <LabelID>lblStartDate1s</LabelID>
    <LabelName>Start Date</LabelName>
    <LangID>1</LangID>
    <COUNTRYID>8</COUNTRYID>
    <LANGDISP>en-US</LANGDISP>
    <Active>TRUE</Active>
  </PageList>
  <PageList>
    <ID>59</ID>
    <LabelMstID>tbl_Campaign_Mst</LabelMstID>
    <FieldName>StartDate</FieldName>
    <LabelID>lblStartDate1s</LabelID>
    <LabelName>Date de début</LabelName>
    <LangID>3</LangID>
    <COUNTRYID>8</COUNTRYID>
    <LANGDISP>fr-FR</LANGDISP>
    <Active>TRUE</Active>
  </PageList>
  <PageList>
    <ID>60</ID>
    <LabelMstID>tbl_Campaign_Mst</LabelMstID>
    <FieldName>StartDate</FieldName>
    <LabelID>lblStartDate2h</LabelID>
    <LabelName>تاريخ البدء</LabelName>
    <LangID>2</LangID>
    <COUNTRYID>8</COUNTRYID>
    <LANGDISP>ar-KW</LANGDISP>
    <Active>TRUE</Active>
  </PageList>
  <PageList>
    <ID>61</ID>
    <LabelMstID>tbl_Campaign_Mst</LabelMstID>
    <FieldName>EndDate</FieldName>
    <LabelID>lblEndDate1s</LabelID>
    <LabelName>End Date</LabelName>
    <LangID>1</LangID>
    <COUNTRYID>8</COUNTRYID>
    <LANGDISP>en-US</LANGDISP>
    <Active>TRUE</Active>
  </PageList>
  <PageList>
    <ID>62</ID>
    <LabelMstID>tbl_Campaign_Mst</LabelMstID>
    <FieldName>EndDate</FieldName>
    <LabelID>lblEndDate1s</LabelID>
    <LabelName>Date de fin</LabelName>
    <LangID>3</LangID>
    <COUNTRYID>8</COUNTRYID>
    <LANGDISP>fr-FR</LANGDISP>
    <Active>TRUE</Active>
  </PageList>
  <PageList>
    <ID>63</ID>
    <LabelMstID>tbl_Campaign_Mst</LabelMstID>
    <FieldName>EndDate</FieldName>
    <LabelID>lblEndDate2h</LabelID>
    <LabelName>تاريخ الانتهاء</LabelName>
    <LangID>2</LangID>
    <COUNTRYID>8</COUNTRYID>
    <LANGDISP>ar-KW</LANGDISP>
    <Active>TRUE</Active>
  </PageList>
  <PageList>
    <ID>64</ID>
    <LabelMstID>tbl_Campaign_Mst</LabelMstID>
    <FieldName>TeamName</FieldName>
    <LabelID>lblTeamName1s</LabelID>
    <LabelName>Team Name</LabelName>
    <LangID>1</LangID>
    <COUNTRYID>8</COUNTRYID>
    <LANGDISP>en-US</LANGDISP>
    <Active>TRUE</Active>
  </PageList>
  <PageList>
    <ID>65</ID>
    <LabelMstID>tbl_Campaign_Mst</LabelMstID>
    <FieldName>TeamName</FieldName>
    <LabelID>lblTeamName1s</LabelID>
    <LabelName>Nom de l'équipe</LabelName>
    <LangID>3</LangID>
    <COUNTRYID>8</COUNTRYID>
    <LANGDISP>fr-FR</LANGDISP>
    <Active>TRUE</Active>
  </PageList>
  <PageList>
    <ID>66</ID>
    <LabelMstID>tbl_Campaign_Mst</LabelMstID>
    <FieldName>TeamName</FieldName>
    <LabelID>lblTeamName2h</LabelID>
    <LabelName>اسم الفريق</LabelName>
    <LangID>2</LangID>
    <COUNTRYID>8</COUNTRYID>
    <LANGDISP>ar-KW</LANGDISP>
    <Active>TRUE</Active>
  </PageList>
  <PageList>
    <ID>67</ID>
    <LabelMstID>tbl_Campaign_Mst</LabelMstID>
    <FieldName>AssignedUser</FieldName>
    <LabelID>lblAssignedUser1s</LabelID>
    <LabelName />
    <LangID>1</LangID>
    <COUNTRYID>8</COUNTRYID>
    <LANGDISP>en-US</LANGDISP>
    <Active>TRUE</Active>
  </PageList>
  <PageList>
    <ID>68</ID>
    <LabelMstID>tbl_Campaign_Mst</LabelMstID>
    <FieldName>AssignedUser</FieldName>
    <LabelID>lblAssignedUser1s</LabelID>
    <LabelName>Utilisateur affecté</LabelName>
    <LangID>3</LangID>
    <COUNTRYID>8</COUNTRYID>
    <LANGDISP>fr-FR</LANGDISP>
    <Active>TRUE</Active>
  </PageList>
  <PageList>
    <ID>69</ID>
    <LabelMstID>tbl_Campaign_Mst</LabelMstID>
    <FieldName>AssignedUser</FieldName>
    <LabelID>lblAssignedUser2h</LabelID>
    <LabelName>المستخدم الذي تم تعيينه</LabelName>
    <LangID>2</LangID>
    <COUNTRYID>8</COUNTRYID>
    <LANGDISP>ar-KW</LANGDISP>
    <Active>TRUE</Active>
  </PageList>
  <PageList>
    <ID>70</ID>
    <LabelMstID>tbl_Campaign_Mst</LabelMstID>
    <FieldName>CreatedDate</FieldName>
    <LabelID>lblCreatedDate1s</LabelID>
    <LabelName>Created Date</LabelName>
    <LangID>1</LangID>
    <COUNTRYID>8</COUNTRYID>
    <LANGDISP>en-US</LANGDISP>
    <Active>TRUE</Active>
  </PageList>
  <PageList>
    <ID>71</ID>
    <LabelMstID>tbl_Campaign_Mst</LabelMstID>
    <FieldName>CreatedDate</FieldName>
    <LabelID>lblCreatedDate1s</LabelID>
    <LabelName>Date de création</LabelName>
    <LangID>3</LangID>
    <COUNTRYID>8</COUNTRYID>
    <LANGDISP>fr-FR</LANGDISP>
    <Active>TRUE</Active>
  </PageList>
  <PageList>
    <ID>72</ID>
    <LabelMstID>tbl_Campaign_Mst</LabelMstID>
    <FieldName>CreatedDate</FieldName>
    <LabelID>lblCreatedDate2h</LabelID>
    <LabelName>تاريخ الإنشاء</LabelName>
    <LangID>2</LangID>
    <COUNTRYID>8</COUNTRYID>
    <LANGDISP>ar-KW</LANGDISP>
    <Active>TRUE</Active>
  </PageList>
  <PageList>
    <ID>73</ID>
    <LabelMstID>tbl_Campaign_Mst</LabelMstID>
    <FieldName>Active</FieldName>
    <LabelID>lblActive1s</LabelID>
    <LabelName>Active</LabelName>
    <LangID>1</LangID>
    <COUNTRYID>8</COUNTRYID>
    <LANGDISP>en-US</LANGDISP>
    <Active>TRUE</Active>
  </PageList>
  <PageList>
    <ID>74</ID>
    <LabelMstID>tbl_Campaign_Mst</LabelMstID>
    <FieldName>Active</FieldName>
    <LabelID>lblActive1s</LabelID>
    <LabelName>Actif</LabelName>
    <LangID>3</LangID>
    <COUNTRYID>8</COUNTRYID>
    <LANGDISP>fr-FR</LANGDISP>
    <Active>TRUE</Active>
  </PageList>
  <PageList>
    <ID>75</ID>
    <LabelMstID>tbl_Campaign_Mst</LabelMstID>
    <FieldName>Active</FieldName>
    <LabelID>lblActive2h</LabelID>
    <LabelName>النشطة</LabelName>
    <LangID>2</LangID>
    <COUNTRYID>8</COUNTRYID>
    <LANGDISP>ar-KW</LANGDISP>
    <Active>TRUE</Active>
  </PageList>
  <PageList>
    <ID>76</ID>
    <LabelMstID>tbl_Campaign_Mst</LabelMstID>
    <FieldName>Deleted</FieldName>
    <LabelID>lblDeleted1s</LabelID>
    <LabelName>Deleted</LabelName>
    <LangID>1</LangID>
    <COUNTRYID>8</COUNTRYID>
    <LANGDISP>en-US</LANGDISP>
    <Active>TRUE</Active>
  </PageList>
  <PageList>
    <ID>77</ID>
    <LabelMstID>tbl_Campaign_Mst</LabelMstID>
    <FieldName>Deleted</FieldName>
    <LabelID>lblDeleted1s</LabelID>
    <LabelName>Supprimé</LabelName>
    <LangID>3</LangID>
    <COUNTRYID>8</COUNTRYID>
    <LANGDISP>fr-FR</LANGDISP>
    <Active>TRUE</Active>
  </PageList>
  <PageList>
    <ID>78</ID>
    <LabelMstID>tbl_Campaign_Mst</LabelMstID>
    <FieldName>Deleted</FieldName>
    <LabelID>lblDeleted2h</LabelID>
    <LabelName>حذف</LabelName>
    <LangID>2</LangID>
    <COUNTRYID>8</COUNTRYID>
    <LANGDISP>ar-KW</LANGDISP>
    <Active>TRUE</Active>
  </PageList>
  <PageList>
    <ID>79</ID>
    <LabelMstID>tbl_Campaign_Mst</LabelMstID>
    <FieldName>CRUP_ID</FieldName>
    <LabelID>lblCRUP_ID1s</LabelID>
    <LabelName>Crup Name</LabelName>
    <LangID>1</LangID>
    <COUNTRYID>8</COUNTRYID>
    <LANGDISP>en-US</LANGDISP>
    <Active>TRUE</Active>
  </PageList>
  <PageList>
    <ID>80</ID>
    <LabelMstID>tbl_Campaign_Mst</LabelMstID>
    <FieldName>CRUP_ID</FieldName>
    <LabelID>lblCRUP_ID1s</LabelID>
    <LabelName>Crup nom</LabelName>
    <LangID>3</LangID>
    <COUNTRYID>8</COUNTRYID>
    <LANGDISP>fr-FR</LANGDISP>
    <Active>TRUE</Active>
  </PageList>
  <PageList>
    <ID>81</ID>
    <LabelMstID>tbl_Campaign_Mst</LabelMstID>
    <FieldName>CRUP_ID</FieldName>
    <LabelID>lblCRUP_ID2h</LabelID>
    <LabelName>اسم Crup</LabelName>
    <LangID>2</LangID>
    <COUNTRYID>8</COUNTRYID>
    <LANGDISP>ar-KW</LANGDISP>
    <Active>TRUE</Active>
  </PageList>
  <PageList>
    <ID>82</ID>
    <LabelMstID>tbl_Campaign_Mst</LabelMstID>
    <FieldName>NULL</FieldName>
    <LabelID>lblHeader1s</LabelID>
    <LabelName>Campaign</LabelName>
    <LangID>1</LangID>
    <COUNTRYID>8</COUNTRYID>
    <LANGDISP>en-US</LANGDISP>
    <Active>TRUE</Active>
  </PageList>
  <PageList>
    <ID>83</ID>
    <LabelMstID>tbl_Campaign_Mst</LabelMstID>
    <FieldName>NULL</FieldName>
    <LabelID>lblHeader1s</LabelID>
    <LabelName>CRM_Campaign_Mst</LabelName>
    <LangID>3</LangID>
    <COUNTRYID>8</COUNTRYID>
    <LANGDISP>fr-FR</LANGDISP>
    <Active>TRUE</Active>
  </PageList>
  <PageList>
    <ID>84</ID>
    <LabelMstID>tbl_Campaign_Mst</LabelMstID>
    <FieldName>NULL</FieldName>
    <LabelID>lblHeader2h</LabelID>
    <LabelName />
    <LangID>2</LangID>
    <COUNTRYID>8</COUNTRYID>
    <LANGDISP>ar-KW</LANGDISP>
    <Active>TRUE</Active>
  </PageList>
</TBLLabelDTL>