<?xml version="1.0" standalone="yes"?>
<TBLLabelDTL>
<PageList><ID>1</ID><LabelMstID>CRM_tbl_Contact_Mst</LabelMstID><FieldName>TenantID</FieldName><LabelID>lblTenantID1s</LabelID><LabelName>Tenant Name</LabelName><LangID>1</LangID><COUNTRYID>8</COUNTRYID><LANGDISP>en-US</LANGDISP><Active>TRUE</Active></PageList> 
<PageList><ID>2</ID><LabelMstID>CRM_tbl_Contact_Mst</LabelMstID><FieldName>TenantID</FieldName><LabelID>lblTenantID1s</LabelID><LabelName> Nom locataire</LabelName><LangID>3</LangID><COUNTRYID>8</COUNTRYID><LANGDISP>fr-FR</LANGDISP><Active>TRUE</Active></PageList> 
<PageList><ID>3</ID><LabelMstID>CRM_tbl_Contact_Mst</LabelMstID><FieldName>TenantID</FieldName><LabelID>lblTenantID2h</LabelID><LabelName>اسم المستأجر</LabelName><LangID>2</LangID><COUNTRYID>8</COUNTRYID><LANGDISP>ar-KW</LANGDISP><Active>TRUE</Active></PageList> 
<PageList><ID>4</ID><LabelMstID>CRM_tbl_Contact_Mst</LabelMstID><FieldName>ID</FieldName><LabelID>lblID1s</LabelID><LabelName>Name</LabelName><LangID>1</LangID><COUNTRYID>8</COUNTRYID><LANGDISP>en-US</LANGDISP><Active>TRUE</Active></PageList> 
<PageList><ID>5</ID><LabelMstID>CRM_tbl_Contact_Mst</LabelMstID><FieldName>ID</FieldName><LabelID>lblID1s</LabelID><LabelName>prénom</LabelName><LangID>3</LangID><COUNTRYID>8</COUNTRYID><LANGDISP>fr-FR</LANGDISP><Active>TRUE</Active></PageList> 
<PageList><ID>6</ID><LabelMstID>CRM_tbl_Contact_Mst</LabelMstID><FieldName>ID</FieldName><LabelID>lblID2h</LabelID><LabelName>الاسم</LabelName><LangID>2</LangID><COUNTRYID>8</COUNTRYID><LANGDISP>ar-KW</LANGDISP><Active>TRUE</Active></PageList> 
<PageList><ID>7</ID><LabelMstID>CRM_tbl_Contact_Mst</LabelMstID><FieldName>FirstName</FieldName><LabelID>lblFirstName1s</LabelID><LabelName>First Name</LabelName><LangID>1</LangID><COUNTRYID>8</COUNTRYID><LANGDISP>en-US</LANGDISP><Active>TRUE</Active></PageList> 
<PageList><ID>8</ID><LabelMstID>CRM_tbl_Contact_Mst</LabelMstID><FieldName>FirstName</FieldName><LabelID>lblFirstName1s</LabelID><LabelName>Prénom</LabelName><LangID>3</LangID><COUNTRYID>8</COUNTRYID><LANGDISP>fr-FR</LANGDISP><Active>TRUE</Active></PageList> 
<PageList><ID>9</ID><LabelMstID>CRM_tbl_Contact_Mst</LabelMstID><FieldName>FirstName</FieldName><LabelID>lblFirstName2h</LabelID><LabelName>الاسم الأول</LabelName><LangID>2</LangID><COUNTRYID>8</COUNTRYID><LANGDISP>ar-KW</LANGDISP><Active>TRUE</Active></PageList> 
<PageList><ID>10</ID><LabelMstID>CRM_tbl_Contact_Mst</LabelMstID><FieldName>LastName</FieldName><LabelID>lblLastName1s</LabelID><LabelName>Last Name</LabelName><LangID>1</LangID><COUNTRYID>8</COUNTRYID><LANGDISP>en-US</LANGDISP><Active>TRUE</Active></PageList> 
<PageList><ID>11</ID><LabelMstID>CRM_tbl_Contact_Mst</LabelMstID><FieldName>LastName</FieldName><LabelID>lblLastName1s</LabelID><LabelName>Nom de famille</LabelName><LangID>3</LangID><COUNTRYID>8</COUNTRYID><LANGDISP>fr-FR</LANGDISP><Active>TRUE</Active></PageList> 
<PageList><ID>12</ID><LabelMstID>CRM_tbl_Contact_Mst</LabelMstID><FieldName>LastName</FieldName><LabelID>lblLastName2h</LabelID><LabelName>الاسم الأخير</LabelName><LangID>2</LangID><COUNTRYID>8</COUNTRYID><LANGDISP>ar-KW</LANGDISP><Active>TRUE</Active></PageList> 
<PageList><ID>13</ID><LabelMstID>CRM_tbl_Contact_Mst</LabelMstID><FieldName>AccountName</FieldName><LabelID>lblAccountName1s</LabelID><LabelName>Account Name</LabelName><LangID>1</LangID><COUNTRYID>8</COUNTRYID><LANGDISP>en-US</LANGDISP><Active>TRUE</Active></PageList> 
<PageList><ID>14</ID><LabelMstID>CRM_tbl_Contact_Mst</LabelMstID><FieldName>AccountName</FieldName><LabelID>lblAccountName1s</LabelID><LabelName>Nom du compte</LabelName><LangID>3</LangID><COUNTRYID>8</COUNTRYID><LANGDISP>fr-FR</LANGDISP><Active>TRUE</Active></PageList> 
<PageList><ID>15</ID><LabelMstID>CRM_tbl_Contact_Mst</LabelMstID><FieldName>AccountName</FieldName><LabelID>lblAccountName2h</LabelID><LabelName>اسم الحساب</LabelName><LangID>2</LangID><COUNTRYID>8</COUNTRYID><LANGDISP>ar-KW</LANGDISP><Active>TRUE</Active></PageList> 
<PageList><ID>16</ID><LabelMstID>CRM_tbl_Contact_Mst</LabelMstID><FieldName>TeamName</FieldName><LabelID>lblTeamName1s</LabelID><LabelName>Team Name</LabelName><LangID>1</LangID><COUNTRYID>8</COUNTRYID><LANGDISP>en-US</LANGDISP><Active>TRUE</Active></PageList> 
<PageList><ID>17</ID><LabelMstID>CRM_tbl_Contact_Mst</LabelMstID><FieldName>TeamName</FieldName><LabelID>lblTeamName1s</LabelID><LabelName>Nom de l'équipe</LabelName><LangID>3</LangID><COUNTRYID>8</COUNTRYID><LANGDISP>fr-FR</LANGDISP><Active>TRUE</Active></PageList> 
<PageList><ID>18</ID><LabelMstID>CRM_tbl_Contact_Mst</LabelMstID><FieldName>TeamName</FieldName><LabelID>lblTeamName2h</LabelID><LabelName>اسم الفريق</LabelName><LangID>2</LangID><COUNTRYID>8</COUNTRYID><LANGDISP>ar-KW</LANGDISP><Active>TRUE</Active></PageList> 
<PageList><ID>19</ID><LabelMstID>CRM_tbl_Contact_Mst</LabelMstID><FieldName>LeadSourceID</FieldName><LabelID>lblLeadSourceID1s</LabelID><LabelName>Lead Source Name</LabelName><LangID>1</LangID><COUNTRYID>8</COUNTRYID><LANGDISP>en-US</LANGDISP><Active>TRUE</Active></PageList> 
<PageList><ID>20</ID><LabelMstID>CRM_tbl_Contact_Mst</LabelMstID><FieldName>LeadSourceID</FieldName><LabelID>lblLeadSourceID1s</LabelID><LabelName>Nom de plomb Source</LabelName><LangID>3</LangID><COUNTRYID>8</COUNTRYID><LANGDISP>fr-FR</LANGDISP><Active>TRUE</Active></PageList> 
<PageList><ID>21</ID><LabelMstID>CRM_tbl_Contact_Mst</LabelMstID><FieldName>LeadSourceID</FieldName><LabelID>lblLeadSourceID2h</LabelID><LabelName>يؤدي اسم المصدر</LabelName><LangID>2</LangID><COUNTRYID>8</COUNTRYID><LANGDISP>ar-KW</LANGDISP><Active>TRUE</Active></PageList> 
<PageList><ID>22</ID><LabelMstID>CRM_tbl_Contact_Mst</LabelMstID><FieldName>TwitterScreenName</FieldName><LabelID>lblTwitterScreenName1s</LabelID><LabelName>Twitter Screen Name</LabelName><LangID>1</LangID><COUNTRYID>8</COUNTRYID><LANGDISP>en-US</LANGDISP><Active>TRUE</Active></PageList> 
<PageList><ID>23</ID><LabelMstID>CRM_tbl_Contact_Mst</LabelMstID><FieldName>TwitterScreenName</FieldName><LabelID>lblTwitterScreenName1s</LabelID><LabelName>Twitter Nom d'écran</LabelName><LangID>3</LangID><COUNTRYID>8</COUNTRYID><LANGDISP>fr-FR</LANGDISP><Active>TRUE</Active></PageList> 
<PageList><ID>24</ID><LabelMstID>CRM_tbl_Contact_Mst</LabelMstID><FieldName>TwitterScreenName</FieldName><LabelID>lblTwitterScreenName2h</LabelID><LabelName>اسم الشاشة التغريد</LabelName><LangID>2</LangID><COUNTRYID>8</COUNTRYID><LANGDISP>ar-KW</LANGDISP><Active>TRUE</Active></PageList> 
<PageList><ID>25</ID><LabelMstID>CRM_tbl_Contact_Mst</LabelMstID><FieldName>Title</FieldName><LabelID>lblTitle1s</LabelID><LabelName>Title</LabelName><LangID>1</LangID><COUNTRYID>8</COUNTRYID><LANGDISP>en-US</LANGDISP><Active>TRUE</Active></PageList> 
<PageList><ID>26</ID><LabelMstID>CRM_tbl_Contact_Mst</LabelMstID><FieldName>Title</FieldName><LabelID>lblTitle1s</LabelID><LabelName>Titre</LabelName><LangID>3</LangID><COUNTRYID>8</COUNTRYID><LANGDISP>fr-FR</LANGDISP><Active>TRUE</Active></PageList> 
<PageList><ID>27</ID><LabelMstID>CRM_tbl_Contact_Mst</LabelMstID><FieldName>Title</FieldName><LabelID>lblTitle2h</LabelID><LabelName>العنوان</LabelName><LangID>2</LangID><COUNTRYID>8</COUNTRYID><LANGDISP>ar-KW</LANGDISP><Active>TRUE</Active></PageList> 
<PageList><ID>28</ID><LabelMstID>CRM_tbl_Contact_Mst</LabelMstID><FieldName>Department</FieldName><LabelID>lblDepartment1s</LabelID><LabelName>Department</LabelName><LangID>1</LangID><COUNTRYID>8</COUNTRYID><LANGDISP>en-US</LANGDISP><Active>TRUE</Active></PageList> 
<PageList><ID>29</ID><LabelMstID>CRM_tbl_Contact_Mst</LabelMstID><FieldName>Department</FieldName><LabelID>lblDepartment1s</LabelID><LabelName>Département</LabelName><LangID>3</LangID><COUNTRYID>8</COUNTRYID><LANGDISP>fr-FR</LANGDISP><Active>TRUE</Active></PageList> 
<PageList><ID>30</ID><LabelMstID>CRM_tbl_Contact_Mst</LabelMstID><FieldName>Department</FieldName><LabelID>lblDepartment2h</LabelID><LabelName>إدارة</LabelName><LangID>2</LangID><COUNTRYID>8</COUNTRYID><LANGDISP>ar-KW</LANGDISP><Active>TRUE</Active></PageList> 
<PageList><ID>31</ID><LabelMstID>CRM_tbl_Contact_Mst</LabelMstID><FieldName>BirthDate</FieldName><LabelID>lblBirthDate1s</LabelID><LabelName>Birth Date</LabelName><LangID>1</LangID><COUNTRYID>8</COUNTRYID><LANGDISP>en-US</LANGDISP><Active>TRUE</Active></PageList> 
<PageList><ID>32</ID><LabelMstID>CRM_tbl_Contact_Mst</LabelMstID><FieldName>BirthDate</FieldName><LabelID>lblBirthDate1s</LabelID><LabelName>Date d'anniversaire</LabelName><LangID>3</LangID><COUNTRYID>8</COUNTRYID><LANGDISP>fr-FR</LANGDISP><Active>TRUE</Active></PageList> 
<PageList><ID>33</ID><LabelMstID>CRM_tbl_Contact_Mst</LabelMstID><FieldName>BirthDate</FieldName><LabelID>lblBirthDate2h</LabelID><LabelName>تاريخ الميلاد</LabelName><LangID>2</LangID><COUNTRYID>8</COUNTRYID><LANGDISP>ar-KW</LANGDISP><Active>TRUE</Active></PageList> 
<PageList><ID>34</ID><LabelMstID>CRM_tbl_Contact_Mst</LabelMstID><FieldName>ReportTo</FieldName><LabelID>lblReportTo1s</LabelID><LabelName>Report To</LabelName><LangID>1</LangID><COUNTRYID>8</COUNTRYID><LANGDISP>en-US</LANGDISP><Active>TRUE</Active></PageList> 
<PageList><ID>35</ID><LabelMstID>CRM_tbl_Contact_Mst</LabelMstID><FieldName>ReportTo</FieldName><LabelID>lblReportTo1s</LabelID><LabelName>Reporte a</LabelName><LangID>3</LangID><COUNTRYID>8</COUNTRYID><LANGDISP>fr-FR</LANGDISP><Active>TRUE</Active></PageList> 
<PageList><ID>36</ID><LabelMstID>CRM_tbl_Contact_Mst</LabelMstID><FieldName>ReportTo</FieldName><LabelID>lblReportTo2h</LabelID><LabelName>تقرير إلى</LabelName><LangID>2</LangID><COUNTRYID>8</COUNTRYID><LANGDISP>ar-KW</LANGDISP><Active>TRUE</Active></PageList> 
<PageList><ID>37</ID><LabelMstID>CRM_tbl_Contact_Mst</LabelMstID><FieldName>Sync_Contact</FieldName><LabelID>lblSync_Contact1s</LabelID><LabelName>Sync Contact</LabelName><LangID>1</LangID><COUNTRYID>8</COUNTRYID><LANGDISP>en-US</LANGDISP><Active>TRUE</Active></PageList> 
<PageList><ID>38</ID><LabelMstID>CRM_tbl_Contact_Mst</LabelMstID><FieldName>Sync_Contact</FieldName><LabelID>lblSync_Contact1s</LabelID><LabelName>contact synchronisation</LabelName><LangID>3</LangID><COUNTRYID>8</COUNTRYID><LANGDISP>fr-FR</LANGDISP><Active>TRUE</Active></PageList> 
<PageList><ID>39</ID><LabelMstID>CRM_tbl_Contact_Mst</LabelMstID><FieldName>Sync_Contact</FieldName><LabelID>lblSync_Contact2h</LabelID><LabelName>مزامنة جهات الاتصال</LabelName><LangID>2</LangID><COUNTRYID>8</COUNTRYID><LANGDISP>ar-KW</LANGDISP><Active>TRUE</Active></PageList> 
<PageList><ID>40</ID><LabelMstID>CRM_tbl_Contact_Mst</LabelMstID><FieldName>DoNotCall</FieldName><LabelID>lblDoNotCall1s</LabelID><LabelName>Do Not Call</LabelName><LangID>1</LangID><COUNTRYID>8</COUNTRYID><LANGDISP>en-US</LANGDISP><Active>TRUE</Active></PageList> 
<PageList><ID>41</ID><LabelMstID>CRM_tbl_Contact_Mst</LabelMstID><FieldName>DoNotCall</FieldName><LabelID>lblDoNotCall1s</LabelID><LabelName>Ne pas appeler</LabelName><LangID>3</LangID><COUNTRYID>8</COUNTRYID><LANGDISP>fr-FR</LANGDISP><Active>TRUE</Active></PageList> 
<PageList><ID>42</ID><LabelMstID>CRM_tbl_Contact_Mst</LabelMstID><FieldName>DoNotCall</FieldName><LabelID>lblDoNotCall2h</LabelID><LabelName>لا تستدعي</LabelName><LangID>2</LangID><COUNTRYID>8</COUNTRYID><LANGDISP>ar-KW</LANGDISP><Active>TRUE</Active></PageList> 
<PageList><ID>43</ID><LabelMstID>CRM_tbl_Contact_Mst</LabelMstID><FieldName>AssignedTo</FieldName><LabelID>lblAssignedTo1s</LabelID><LabelName>Assigned To</LabelName><LangID>1</LangID><COUNTRYID>8</COUNTRYID><LANGDISP>en-US</LANGDISP><Active>TRUE</Active></PageList> 
<PageList><ID>44</ID><LabelMstID>CRM_tbl_Contact_Mst</LabelMstID><FieldName>AssignedTo</FieldName><LabelID>lblAssignedTo1s</LabelID><LabelName>Assigné à</LabelName><LangID>3</LangID><COUNTRYID>8</COUNTRYID><LANGDISP>fr-FR</LANGDISP><Active>TRUE</Active></PageList> 
<PageList><ID>45</ID><LabelMstID>CRM_tbl_Contact_Mst</LabelMstID><FieldName>AssignedTo</FieldName><LabelID>lblAssignedTo2h</LabelID><LabelName>تعيين إلى</LabelName><LangID>2</LangID><COUNTRYID>8</COUNTRYID><LANGDISP>ar-KW</LANGDISP><Active>TRUE</Active></PageList> 
<PageList><ID>46</ID><LabelMstID>CRM_tbl_Contact_Mst</LabelMstID><FieldName>SMS_Opt_In</FieldName><LabelID>lblSMS_Opt_In1s</LabelID><LabelName>Sms Opt In</LabelName><LangID>1</LangID><COUNTRYID>8</COUNTRYID><LANGDISP>en-US</LANGDISP><Active>TRUE</Active></PageList> 
<PageList><ID>47</ID><LabelMstID>CRM_tbl_Contact_Mst</LabelMstID><FieldName>SMS_Opt_In</FieldName><LabelID>lblSMS_Opt_In1s</LabelID><LabelName>Sms Opt In</LabelName><LangID>3</LangID><COUNTRYID>8</COUNTRYID><LANGDISP>fr-FR</LANGDISP><Active>TRUE</Active></PageList> 
<PageList><ID>48</ID><LabelMstID>CRM_tbl_Contact_Mst</LabelMstID><FieldName>SMS_Opt_In</FieldName><LabelID>lblSMS_Opt_In2h</LabelID><LabelName>في اختيار الرسائل القصيرة</LabelName><LangID>2</LangID><COUNTRYID>8</COUNTRYID><LANGDISP>ar-KW</LANGDISP><Active>TRUE</Active></PageList> 
<PageList><ID>49</ID><LabelMstID>CRM_tbl_Contact_Mst</LabelMstID><FieldName>OfficePhone</FieldName><LabelID>lblOfficePhone1s</LabelID><LabelName>Office Phone</LabelName><LangID>1</LangID><COUNTRYID>8</COUNTRYID><LANGDISP>en-US</LANGDISP><Active>TRUE</Active></PageList> 
<PageList><ID>50</ID><LabelMstID>CRM_tbl_Contact_Mst</LabelMstID><FieldName>OfficePhone</FieldName><LabelID>lblOfficePhone1s</LabelID><LabelName>Téléphone de bureau</LabelName><LangID>3</LangID><COUNTRYID>8</COUNTRYID><LANGDISP>fr-FR</LANGDISP><Active>TRUE</Active></PageList> 
<PageList><ID>51</ID><LabelMstID>CRM_tbl_Contact_Mst</LabelMstID><FieldName>OfficePhone</FieldName><LabelID>lblOfficePhone2h</LabelID><LabelName>هاتف المكتب</LabelName><LangID>2</LangID><COUNTRYID>8</COUNTRYID><LANGDISP>ar-KW</LANGDISP><Active>TRUE</Active></PageList> 
<PageList><ID>52</ID><LabelMstID>CRM_tbl_Contact_Mst</LabelMstID><FieldName>MobilePhone</FieldName><LabelID>lblMobilePhone1s</LabelID><LabelName>Mobile Phone</LabelName><LangID>1</LangID><COUNTRYID>8</COUNTRYID><LANGDISP>en-US</LANGDISP><Active>TRUE</Active></PageList> 
<PageList><ID>53</ID><LabelMstID>CRM_tbl_Contact_Mst</LabelMstID><FieldName>MobilePhone</FieldName><LabelID>lblMobilePhone1s</LabelID><LabelName>Portable</LabelName><LangID>3</LangID><COUNTRYID>8</COUNTRYID><LANGDISP>fr-FR</LANGDISP><Active>TRUE</Active></PageList> 
<PageList><ID>54</ID><LabelMstID>CRM_tbl_Contact_Mst</LabelMstID><FieldName>MobilePhone</FieldName><LabelID>lblMobilePhone2h</LabelID><LabelName>الهاتف المحمول</LabelName><LangID>2</LangID><COUNTRYID>8</COUNTRYID><LANGDISP>ar-KW</LANGDISP><Active>TRUE</Active></PageList> 
<PageList><ID>55</ID><LabelMstID>CRM_tbl_Contact_Mst</LabelMstID><FieldName>HomePhone</FieldName><LabelID>lblHomePhone1s</LabelID><LabelName>Home Phone</LabelName><LangID>1</LangID><COUNTRYID>8</COUNTRYID><LANGDISP>en-US</LANGDISP><Active>TRUE</Active></PageList> 
<PageList><ID>56</ID><LabelMstID>CRM_tbl_Contact_Mst</LabelMstID><FieldName>HomePhone</FieldName><LabelID>lblHomePhone1s</LabelID><LabelName>Téléphone fixe</LabelName><LangID>3</LangID><COUNTRYID>8</COUNTRYID><LANGDISP>fr-FR</LANGDISP><Active>TRUE</Active></PageList> 
<PageList><ID>57</ID><LabelMstID>CRM_tbl_Contact_Mst</LabelMstID><FieldName>HomePhone</FieldName><LabelID>lblHomePhone2h</LabelID><LabelName>هاتف المنزل</LabelName><LangID>2</LangID><COUNTRYID>8</COUNTRYID><LANGDISP>ar-KW</LANGDISP><Active>TRUE</Active></PageList> 
<PageList><ID>58</ID><LabelMstID>CRM_tbl_Contact_Mst</LabelMstID><FieldName>OtherPhone</FieldName><LabelID>lblOtherPhone1s</LabelID><LabelName>Other Phone</LabelName><LangID>1</LangID><COUNTRYID>8</COUNTRYID><LANGDISP>en-US</LANGDISP><Active>TRUE</Active></PageList> 
<PageList><ID>59</ID><LabelMstID>CRM_tbl_Contact_Mst</LabelMstID><FieldName>OtherPhone</FieldName><LabelID>lblOtherPhone1s</LabelID><LabelName> autre téléphone</LabelName><LangID>3</LangID><COUNTRYID>8</COUNTRYID><LANGDISP>fr-FR</LANGDISP><Active>TRUE</Active></PageList> 
<PageList><ID>60</ID><LabelMstID>CRM_tbl_Contact_Mst</LabelMstID><FieldName>OtherPhone</FieldName><LabelID>lblOtherPhone2h</LabelID><LabelName>هاتف آخر</LabelName><LangID>2</LangID><COUNTRYID>8</COUNTRYID><LANGDISP>ar-KW</LANGDISP><Active>TRUE</Active></PageList> 
<PageList><ID>61</ID><LabelMstID>CRM_tbl_Contact_Mst</LabelMstID><FieldName>Fax</FieldName><LabelID>lblFax1s</LabelID><LabelName>Fax</LabelName><LangID>1</LangID><COUNTRYID>8</COUNTRYID><LANGDISP>en-US</LANGDISP><Active>TRUE</Active></PageList> 
<PageList><ID>62</ID><LabelMstID>CRM_tbl_Contact_Mst</LabelMstID><FieldName>Fax</FieldName><LabelID>lblFax1s</LabelID><LabelName>Fax</LabelName><LangID>3</LangID><COUNTRYID>8</COUNTRYID><LANGDISP>fr-FR</LANGDISP><Active>TRUE</Active></PageList> 
<PageList><ID>63</ID><LabelMstID>CRM_tbl_Contact_Mst</LabelMstID><FieldName>Fax</FieldName><LabelID>lblFax2h</LabelID><LabelName>فاكس</LabelName><LangID>2</LangID><COUNTRYID>8</COUNTRYID><LANGDISP>ar-KW</LANGDISP><Active>TRUE</Active></PageList> 
<PageList><ID>64</ID><LabelMstID>CRM_tbl_Contact_Mst</LabelMstID><FieldName>Email1</FieldName><LabelID>lblEmail11s</LabelID><LabelName>Email 1</LabelName><LangID>1</LangID><COUNTRYID>8</COUNTRYID><LANGDISP>en-US</LANGDISP><Active>TRUE</Active></PageList> 
<PageList><ID>65</ID><LabelMstID>CRM_tbl_Contact_Mst</LabelMstID><FieldName>Email1</FieldName><LabelID>lblEmail11s</LabelID><LabelName>email 1</LabelName><LangID>3</LangID><COUNTRYID>8</COUNTRYID><LANGDISP>fr-FR</LANGDISP><Active>TRUE</Active></PageList> 
<PageList><ID>66</ID><LabelMstID>CRM_tbl_Contact_Mst</LabelMstID><FieldName>Email1</FieldName><LabelID>lblEmail12h</LabelID><LabelName>البريد الإلكتروني 1</LabelName><LangID>2</LangID><COUNTRYID>8</COUNTRYID><LANGDISP>ar-KW</LANGDISP><Active>TRUE</Active></PageList> 
<PageList><ID>67</ID><LabelMstID>CRM_tbl_Contact_Mst</LabelMstID><FieldName>Email2</FieldName><LabelID>lblEmail21s</LabelID><LabelName>Email 2</LabelName><LangID>1</LangID><COUNTRYID>8</COUNTRYID><LANGDISP>en-US</LANGDISP><Active>TRUE</Active></PageList> 
<PageList><ID>68</ID><LabelMstID>CRM_tbl_Contact_Mst</LabelMstID><FieldName>Email2</FieldName><LabelID>lblEmail21s</LabelID><LabelName>email 2</LabelName><LangID>3</LangID><COUNTRYID>8</COUNTRYID><LANGDISP>fr-FR</LANGDISP><Active>TRUE</Active></PageList> 
<PageList><ID>69</ID><LabelMstID>CRM_tbl_Contact_Mst</LabelMstID><FieldName>Email2</FieldName><LabelID>lblEmail22h</LabelID><LabelName>البريد الإلكتروني 2</LabelName><LangID>2</LangID><COUNTRYID>8</COUNTRYID><LANGDISP>ar-KW</LANGDISP><Active>TRUE</Active></PageList> 
<PageList><ID>70</ID><LabelMstID>CRM_tbl_Contact_Mst</LabelMstID><FieldName>Assistant</FieldName><LabelID>lblAssistant1s</LabelID><LabelName>Assistant</LabelName><LangID>1</LangID><COUNTRYID>8</COUNTRYID><LANGDISP>en-US</LANGDISP><Active>TRUE</Active></PageList> 
<PageList><ID>71</ID><LabelMstID>CRM_tbl_Contact_Mst</LabelMstID><FieldName>Assistant</FieldName><LabelID>lblAssistant1s</LabelID><LabelName>Assistant</LabelName><LangID>3</LangID><COUNTRYID>8</COUNTRYID><LANGDISP>fr-FR</LANGDISP><Active>TRUE</Active></PageList> 
<PageList><ID>72</ID><LabelMstID>CRM_tbl_Contact_Mst</LabelMstID><FieldName>Assistant</FieldName><LabelID>lblAssistant2h</LabelID><LabelName>مساعد</LabelName><LangID>2</LangID><COUNTRYID>8</COUNTRYID><LANGDISP>ar-KW</LANGDISP><Active>TRUE</Active></PageList> 
<PageList><ID>73</ID><LabelMstID>CRM_tbl_Contact_Mst</LabelMstID><FieldName>Assistant_Phone</FieldName><LabelID>lblAssistant_Phone1s</LabelID><LabelName>Assistant Phone</LabelName><LangID>1</LangID><COUNTRYID>8</COUNTRYID><LANGDISP>en-US</LANGDISP><Active>TRUE</Active></PageList> 
<PageList><ID>74</ID><LabelMstID>CRM_tbl_Contact_Mst</LabelMstID><FieldName>Assistant_Phone</FieldName><LabelID>lblAssistant_Phone1s</LabelID><LabelName>téléphone adjoint</LabelName><LangID>3</LangID><COUNTRYID>8</COUNTRYID><LANGDISP>fr-FR</LANGDISP><Active>TRUE</Active></PageList> 
<PageList><ID>75</ID><LabelMstID>CRM_tbl_Contact_Mst</LabelMstID><FieldName>Assistant_Phone</FieldName><LabelID>lblAssistant_Phone2h</LabelID><LabelName>الهاتف المساعد</LabelName><LangID>2</LangID><COUNTRYID>8</COUNTRYID><LANGDISP>ar-KW</LANGDISP><Active>TRUE</Active></PageList> 
<PageList><ID>76</ID><LabelMstID>CRM_tbl_Contact_Mst</LabelMstID><FieldName>Email_Opt_Out</FieldName><LabelID>lblEmail_Opt_Out1s</LabelID><LabelName>Email Opt Out</LabelName><LangID>1</LangID><COUNTRYID>8</COUNTRYID><LANGDISP>en-US</LANGDISP><Active>TRUE</Active></PageList> 
<PageList><ID>77</ID><LabelMstID>CRM_tbl_Contact_Mst</LabelMstID><FieldName>Email_Opt_Out</FieldName><LabelID>lblEmail_Opt_Out1s</LabelID><LabelName>Email Opt Out</LabelName><LangID>3</LangID><COUNTRYID>8</COUNTRYID><LANGDISP>fr-FR</LANGDISP><Active>TRUE</Active></PageList> 
<PageList><ID>78</ID><LabelMstID>CRM_tbl_Contact_Mst</LabelMstID><FieldName>Email_Opt_Out</FieldName><LabelID>lblEmail_Opt_Out2h</LabelID><LabelName>تعطيل البريد الإلكتروني</LabelName><LangID>2</LangID><COUNTRYID>8</COUNTRYID><LANGDISP>ar-KW</LANGDISP><Active>TRUE</Active></PageList> 
<PageList><ID>79</ID><LabelMstID>CRM_tbl_Contact_Mst</LabelMstID><FieldName>Invalid_Email</FieldName><LabelID>lblInvalid_Email1s</LabelID><LabelName>Invalid Email</LabelName><LangID>1</LangID><COUNTRYID>8</COUNTRYID><LANGDISP>en-US</LANGDISP><Active>TRUE</Active></PageList> 
<PageList><ID>80</ID><LabelMstID>CRM_tbl_Contact_Mst</LabelMstID><FieldName>Invalid_Email</FieldName><LabelID>lblInvalid_Email1s</LabelID><LabelName>Email invalide</LabelName><LangID>3</LangID><COUNTRYID>8</COUNTRYID><LANGDISP>fr-FR</LANGDISP><Active>TRUE</Active></PageList> 
<PageList><ID>81</ID><LabelMstID>CRM_tbl_Contact_Mst</LabelMstID><FieldName>Invalid_Email</FieldName><LabelID>lblInvalid_Email2h</LabelID><LabelName>بريد إلكتروني غير صالح</LabelName><LangID>2</LangID><COUNTRYID>8</COUNTRYID><LANGDISP>ar-KW</LANGDISP><Active>TRUE</Active></PageList> 
<PageList><ID>82</ID><LabelMstID>CRM_tbl_Contact_Mst</LabelMstID><FieldName>PrimaryAddress</FieldName><LabelID>lblPrimaryAddress1s</LabelID><LabelName>Primary Address</LabelName><LangID>1</LangID><COUNTRYID>8</COUNTRYID><LANGDISP>en-US</LANGDISP><Active>TRUE</Active></PageList> 
<PageList><ID>83</ID><LabelMstID>CRM_tbl_Contact_Mst</LabelMstID><FieldName>PrimaryAddress</FieldName><LabelID>lblPrimaryAddress1s</LabelID><LabelName>Adresse principale</LabelName><LangID>3</LangID><COUNTRYID>8</COUNTRYID><LANGDISP>fr-FR</LANGDISP><Active>TRUE</Active></PageList> 
<PageList><ID>84</ID><LabelMstID>CRM_tbl_Contact_Mst</LabelMstID><FieldName>PrimaryAddress</FieldName><LabelID>lblPrimaryAddress2h</LabelID><LabelName>العنوان الرئيسي</LabelName><LangID>2</LangID><COUNTRYID>8</COUNTRYID><LANGDISP>ar-KW</LANGDISP><Active>TRUE</Active></PageList> 
<PageList><ID>85</ID><LabelMstID>CRM_tbl_Contact_Mst</LabelMstID><FieldName>PrimaryCity</FieldName><LabelID>lblPrimaryCity1s</LabelID><LabelName>Primary City</LabelName><LangID>1</LangID><COUNTRYID>8</COUNTRYID><LANGDISP>en-US</LANGDISP><Active>TRUE</Active></PageList> 
<PageList><ID>86</ID><LabelMstID>CRM_tbl_Contact_Mst</LabelMstID><FieldName>PrimaryCity</FieldName><LabelID>lblPrimaryCity1s</LabelID><LabelName>Ville primaire</LabelName><LangID>3</LangID><COUNTRYID>8</COUNTRYID><LANGDISP>fr-FR</LANGDISP><Active>TRUE</Active></PageList> 
<PageList><ID>87</ID><LabelMstID>CRM_tbl_Contact_Mst</LabelMstID><FieldName>PrimaryCity</FieldName><LabelID>lblPrimaryCity2h</LabelID><LabelName>مدينة الابتدائية</LabelName><LangID>2</LangID><COUNTRYID>8</COUNTRYID><LANGDISP>ar-KW</LANGDISP><Active>TRUE</Active></PageList> 
<PageList><ID>88</ID><LabelMstID>CRM_tbl_Contact_Mst</LabelMstID><FieldName>PrimaryState</FieldName><LabelID>lblPrimaryState1s</LabelID><LabelName>Primary State</LabelName><LangID>1</LangID><COUNTRYID>8</COUNTRYID><LANGDISP>en-US</LANGDISP><Active>TRUE</Active></PageList> 
<PageList><ID>89</ID><LabelMstID>CRM_tbl_Contact_Mst</LabelMstID><FieldName>PrimaryState</FieldName><LabelID>lblPrimaryState1s</LabelID><LabelName>Etat primaire</LabelName><LangID>3</LangID><COUNTRYID>8</COUNTRYID><LANGDISP>fr-FR</LANGDISP><Active>TRUE</Active></PageList> 
<PageList><ID>90</ID><LabelMstID>CRM_tbl_Contact_Mst</LabelMstID><FieldName>PrimaryState</FieldName><LabelID>lblPrimaryState2h</LabelID><LabelName>الدولة الابتدائية</LabelName><LangID>2</LangID><COUNTRYID>8</COUNTRYID><LANGDISP>ar-KW</LANGDISP><Active>TRUE</Active></PageList> 
<PageList><ID>91</ID><LabelMstID>CRM_tbl_Contact_Mst</LabelMstID><FieldName>PrimaryPostcode</FieldName><LabelID>lblPrimaryPostcode1s</LabelID><LabelName>Primary Post Code</LabelName><LangID>1</LangID><COUNTRYID>8</COUNTRYID><LANGDISP>en-US</LANGDISP><Active>TRUE</Active></PageList> 
<PageList><ID>92</ID><LabelMstID>CRM_tbl_Contact_Mst</LabelMstID><FieldName>PrimaryPostcode</FieldName><LabelID>lblPrimaryPostcode1s</LabelID><LabelName>Primaire code postal</LabelName><LangID>3</LangID><COUNTRYID>8</COUNTRYID><LANGDISP>fr-FR</LANGDISP><Active>TRUE</Active></PageList> 
<PageList><ID>93</ID><LabelMstID>CRM_tbl_Contact_Mst</LabelMstID><FieldName>PrimaryPostcode</FieldName><LabelID>lblPrimaryPostcode2h</LabelID><LabelName>رمز البريد الرئيسي</LabelName><LangID>2</LangID><COUNTRYID>8</COUNTRYID><LANGDISP>ar-KW</LANGDISP><Active>TRUE</Active></PageList> 
<PageList><ID>94</ID><LabelMstID>CRM_tbl_Contact_Mst</LabelMstID><FieldName>PrimaryCountry</FieldName><LabelID>lblPrimaryCountry1s</LabelID><LabelName>Primary Country</LabelName><LangID>1</LangID><COUNTRYID>8</COUNTRYID><LANGDISP>en-US</LANGDISP><Active>TRUE</Active></PageList> 
<PageList><ID>95</ID><LabelMstID>CRM_tbl_Contact_Mst</LabelMstID><FieldName>PrimaryCountry</FieldName><LabelID>lblPrimaryCountry1s</LabelID><LabelName>Pays primaire</LabelName><LangID>3</LangID><COUNTRYID>8</COUNTRYID><LANGDISP>fr-FR</LANGDISP><Active>TRUE</Active></PageList> 
<PageList><ID>96</ID><LabelMstID>CRM_tbl_Contact_Mst</LabelMstID><FieldName>PrimaryCountry</FieldName><LabelID>lblPrimaryCountry2h</LabelID><LabelName>البلد الابتدائية</LabelName><LangID>2</LangID><COUNTRYID>8</COUNTRYID><LANGDISP>ar-KW</LANGDISP><Active>TRUE</Active></PageList> 
<PageList><ID>97</ID><LabelMstID>CRM_tbl_Contact_Mst</LabelMstID><FieldName>AlternateAddress</FieldName><LabelID>lblAlternateAddress1s</LabelID><LabelName>Alternate Address</LabelName><LangID>1</LangID><COUNTRYID>8</COUNTRYID><LANGDISP>en-US</LANGDISP><Active>TRUE</Active></PageList> 
<PageList><ID>98</ID><LabelMstID>CRM_tbl_Contact_Mst</LabelMstID><FieldName>AlternateAddress</FieldName><LabelID>lblAlternateAddress1s</LabelID><LabelName>Autre adresse</LabelName><LangID>3</LangID><COUNTRYID>8</COUNTRYID><LANGDISP>fr-FR</LANGDISP><Active>TRUE</Active></PageList> 
<PageList><ID>99</ID><LabelMstID>CRM_tbl_Contact_Mst</LabelMstID><FieldName>AlternateAddress</FieldName><LabelID>lblAlternateAddress2h</LabelID><LabelName>العنوان البديل</LabelName><LangID>2</LangID><COUNTRYID>8</COUNTRYID><LANGDISP>ar-KW</LANGDISP><Active>TRUE</Active></PageList> 
<PageList><ID>100</ID><LabelMstID>CRM_tbl_Contact_Mst</LabelMstID><FieldName>AlternateCity</FieldName><LabelID>lblAlternateCity1s</LabelID><LabelName>Alternate City</LabelName><LangID>1</LangID><COUNTRYID>8</COUNTRYID><LANGDISP>en-US</LANGDISP><Active>TRUE</Active></PageList> 
<PageList><ID>101</ID><LabelMstID>CRM_tbl_Contact_Mst</LabelMstID><FieldName>AlternateCity</FieldName><LabelID>lblAlternateCity1s</LabelID><LabelName>Ville suppléant</LabelName><LangID>3</LangID><COUNTRYID>8</COUNTRYID><LANGDISP>fr-FR</LANGDISP><Active>TRUE</Active></PageList> 
<PageList><ID>102</ID><LabelMstID>CRM_tbl_Contact_Mst</LabelMstID><FieldName>AlternateCity</FieldName><LabelID>lblAlternateCity2h</LabelID><LabelName>مدينة المناوب</LabelName><LangID>2</LangID><COUNTRYID>8</COUNTRYID><LANGDISP>ar-KW</LANGDISP><Active>TRUE</Active></PageList> 
<PageList><ID>103</ID><LabelMstID>CRM_tbl_Contact_Mst</LabelMstID><FieldName>AlternateState</FieldName><LabelID>lblAlternateState1s</LabelID><LabelName>Alternate State</LabelName><LangID>1</LangID><COUNTRYID>8</COUNTRYID><LANGDISP>en-US</LANGDISP><Active>TRUE</Active></PageList> 
<PageList><ID>104</ID><LabelMstID>CRM_tbl_Contact_Mst</LabelMstID><FieldName>AlternateState</FieldName><LabelID>lblAlternateState1s</LabelID><LabelName>État suppléant</LabelName><LangID>3</LangID><COUNTRYID>8</COUNTRYID><LANGDISP>fr-FR</LANGDISP><Active>TRUE</Active></PageList> 
<PageList><ID>105</ID><LabelMstID>CRM_tbl_Contact_Mst</LabelMstID><FieldName>AlternateState</FieldName><LabelID>lblAlternateState2h</LabelID><LabelName>الدولة المناوب</LabelName><LangID>2</LangID><COUNTRYID>8</COUNTRYID><LANGDISP>ar-KW</LANGDISP><Active>TRUE</Active></PageList> 
<PageList><ID>106</ID><LabelMstID>CRM_tbl_Contact_Mst</LabelMstID><FieldName>AlternatePostcode</FieldName><LabelID>lblAlternatePostcode1s</LabelID><LabelName>Alternate Post Code</LabelName><LangID>1</LangID><COUNTRYID>8</COUNTRYID><LANGDISP>en-US</LANGDISP><Active>TRUE</Active></PageList> 
<PageList><ID>107</ID><LabelMstID>CRM_tbl_Contact_Mst</LabelMstID><FieldName>AlternatePostcode</FieldName><LabelID>lblAlternatePostcode1s</LabelID><LabelName>Autre code postal</LabelName><LangID>3</LangID><COUNTRYID>8</COUNTRYID><LANGDISP>fr-FR</LANGDISP><Active>TRUE</Active></PageList> 
<PageList><ID>108</ID><LabelMstID>CRM_tbl_Contact_Mst</LabelMstID><FieldName>AlternatePostcode</FieldName><LabelID>lblAlternatePostcode2h</LabelID><LabelName>رمز البريد البديل</LabelName><LangID>2</LangID><COUNTRYID>8</COUNTRYID><LANGDISP>ar-KW</LANGDISP><Active>TRUE</Active></PageList> 
<PageList><ID>109</ID><LabelMstID>CRM_tbl_Contact_Mst</LabelMstID><FieldName>AlternateCountry</FieldName><LabelID>lblAlternateCountry1s</LabelID><LabelName>Alternate Country</LabelName><LangID>1</LangID><COUNTRYID>8</COUNTRYID><LANGDISP>en-US</LANGDISP><Active>TRUE</Active></PageList> 
<PageList><ID>110</ID><LabelMstID>CRM_tbl_Contact_Mst</LabelMstID><FieldName>AlternateCountry</FieldName><LabelID>lblAlternateCountry1s</LabelID><LabelName>Alternative Country</LabelName><LangID>3</LangID><COUNTRYID>8</COUNTRYID><LANGDISP>fr-FR</LANGDISP><Active>TRUE</Active></PageList> 
<PageList><ID>111</ID><LabelMstID>CRM_tbl_Contact_Mst</LabelMstID><FieldName>AlternateCountry</FieldName><LabelID>lblAlternateCountry2h</LabelID><LabelName>البلد البديل</LabelName><LangID>2</LangID><COUNTRYID>8</COUNTRYID><LANGDISP>ar-KW</LANGDISP><Active>TRUE</Active></PageList> 
<PageList><ID>112</ID><LabelMstID>CRM_tbl_Contact_Mst</LabelMstID><FieldName>PortalName</FieldName><LabelID>lblPortalName1s</LabelID><LabelName>Portal Name</LabelName><LangID>1</LangID><COUNTRYID>8</COUNTRYID><LANGDISP>en-US</LANGDISP><Active>TRUE</Active></PageList> 
<PageList><ID>113</ID><LabelMstID>CRM_tbl_Contact_Mst</LabelMstID><FieldName>PortalName</FieldName><LabelID>lblPortalName1s</LabelID><LabelName>Nom Portal</LabelName><LangID>3</LangID><COUNTRYID>8</COUNTRYID><LANGDISP>fr-FR</LANGDISP><Active>TRUE</Active></PageList> 
<PageList><ID>114</ID><LabelMstID>CRM_tbl_Contact_Mst</LabelMstID><FieldName>PortalName</FieldName><LabelID>lblPortalName2h</LabelID><LabelName>اسم البوابة</LabelName><LangID>2</LangID><COUNTRYID>8</COUNTRYID><LANGDISP>ar-KW</LANGDISP><Active>TRUE</Active></PageList> 
<PageList><ID>115</ID><LabelMstID>CRM_tbl_Contact_Mst</LabelMstID><FieldName>PortalActive</FieldName><LabelID>lblPortalActive1s</LabelID><LabelName>Portal Active</LabelName><LangID>1</LangID><COUNTRYID>8</COUNTRYID><LANGDISP>en-US</LANGDISP><Active>TRUE</Active></PageList> 
<PageList><ID>116</ID><LabelMstID>CRM_tbl_Contact_Mst</LabelMstID><FieldName>PortalActive</FieldName><LabelID>lblPortalActive1s</LabelID><LabelName>portail active</LabelName><LangID>3</LangID><COUNTRYID>8</COUNTRYID><LANGDISP>fr-FR</LANGDISP><Active>TRUE</Active></PageList> 
<PageList><ID>117</ID><LabelMstID>CRM_tbl_Contact_Mst</LabelMstID><FieldName>PortalActive</FieldName><LabelID>lblPortalActive2h</LabelID><LabelName> بوابة نشط</LabelName><LangID>2</LangID><COUNTRYID>8</COUNTRYID><LANGDISP>ar-KW</LANGDISP><Active>TRUE</Active></PageList> 
<PageList><ID>118</ID><LabelMstID>CRM_tbl_Contact_Mst</LabelMstID><FieldName>PortalApp</FieldName><LabelID>lblPortalApp1s</LabelID><LabelName>Portal App</LabelName><LangID>1</LangID><COUNTRYID>8</COUNTRYID><LANGDISP>en-US</LANGDISP><Active>TRUE</Active></PageList> 
<PageList><ID>119</ID><LabelMstID>CRM_tbl_Contact_Mst</LabelMstID><FieldName>PortalApp</FieldName><LabelID>lblPortalApp1s</LabelID><LabelName>portail App</LabelName><LangID>3</LangID><COUNTRYID>8</COUNTRYID><LANGDISP>fr-FR</LANGDISP><Active>TRUE</Active></PageList> 
<PageList><ID>120</ID><LabelMstID>CRM_tbl_Contact_Mst</LabelMstID><FieldName>PortalApp</FieldName><LabelID>lblPortalApp2h</LabelID><LabelName> بوابة التطبيق</LabelName><LangID>2</LangID><COUNTRYID>8</COUNTRYID><LANGDISP>ar-KW</LANGDISP><Active>TRUE</Active></PageList> 
<PageList><ID>121</ID><LabelMstID>CRM_tbl_Contact_Mst</LabelMstID><FieldName>Description</FieldName><LabelID>lblDescription1s</LabelID><LabelName>Description</LabelName><LangID>1</LangID><COUNTRYID>8</COUNTRYID><LANGDISP>en-US</LANGDISP><Active>TRUE</Active></PageList> 
<PageList><ID>122</ID><LabelMstID>CRM_tbl_Contact_Mst</LabelMstID><FieldName>Description</FieldName><LabelID>lblDescription1s</LabelID><LabelName>Description</LabelName><LangID>3</LangID><COUNTRYID>8</COUNTRYID><LANGDISP>fr-FR</LANGDISP><Active>TRUE</Active></PageList> 
<PageList><ID>123</ID><LabelMstID>CRM_tbl_Contact_Mst</LabelMstID><FieldName>Description</FieldName><LabelID>lblDescription2h</LabelID><LabelName>الوصف</LabelName><LangID>2</LangID><COUNTRYID>8</COUNTRYID><LANGDISP>ar-KW</LANGDISP><Active>TRUE</Active></PageList> 
<PageList><ID>124</ID><LabelMstID>CRM_tbl_Contact_Mst</LabelMstID><FieldName>CreatedBy</FieldName><LabelID>lblCreatedBy1s</LabelID><LabelName>Created By</LabelName><LangID>1</LangID><COUNTRYID>8</COUNTRYID><LANGDISP>en-US</LANGDISP><Active>TRUE</Active></PageList> 
<PageList><ID>125</ID><LabelMstID>CRM_tbl_Contact_Mst</LabelMstID><FieldName>CreatedBy</FieldName><LabelID>lblCreatedBy1s</LabelID><LabelName>Créé par</LabelName><LangID>3</LangID><COUNTRYID>8</COUNTRYID><LANGDISP>fr-FR</LANGDISP><Active>TRUE</Active></PageList> 
<PageList><ID>126</ID><LabelMstID>CRM_tbl_Contact_Mst</LabelMstID><FieldName>CreatedBy</FieldName><LabelID>lblCreatedBy2h</LabelID><LabelName> تم إنشاؤها بواسطة</LabelName><LangID>2</LangID><COUNTRYID>8</COUNTRYID><LANGDISP>ar-KW</LANGDISP><Active>TRUE</Active></PageList> 
<PageList><ID>127</ID><LabelMstID>CRM_tbl_Contact_Mst</LabelMstID><FieldName>Datetime</FieldName><LabelID>lblDatetime1s</LabelID><LabelName>Date Time</LabelName><LangID>1</LangID><COUNTRYID>8</COUNTRYID><LANGDISP>en-US</LANGDISP><Active>TRUE</Active></PageList> 
<PageList><ID>128</ID><LabelMstID>CRM_tbl_Contact_Mst</LabelMstID><FieldName>Datetime</FieldName><LabelID>lblDatetime1s</LabelID><LabelName>Date Heure</LabelName><LangID>3</LangID><COUNTRYID>8</COUNTRYID><LANGDISP>fr-FR</LANGDISP><Active>TRUE</Active></PageList> 
<PageList><ID>129</ID><LabelMstID>CRM_tbl_Contact_Mst</LabelMstID><FieldName>Datetime</FieldName><LabelID>lblDatetime2h</LabelID><LabelName> التاريخ الوقت</LabelName><LangID>2</LangID><COUNTRYID>8</COUNTRYID><LANGDISP>ar-KW</LANGDISP><Active>TRUE</Active></PageList> 
<PageList><ID>130</ID><LabelMstID>CRM_tbl_Contact_Mst</LabelMstID><FieldName>Active</FieldName><LabelID>lblActive1s</LabelID><LabelName>Active</LabelName><LangID>1</LangID><COUNTRYID>8</COUNTRYID><LANGDISP>en-US</LANGDISP><Active>TRUE</Active></PageList> 
<PageList><ID>131</ID><LabelMstID>CRM_tbl_Contact_Mst</LabelMstID><FieldName>Active</FieldName><LabelID>lblActive1s</LabelID><LabelName> actif</LabelName><LangID>3</LangID><COUNTRYID>8</COUNTRYID><LANGDISP>fr-FR</LANGDISP><Active>TRUE</Active></PageList> 
<PageList><ID>132</ID><LabelMstID>CRM_tbl_Contact_Mst</LabelMstID><FieldName>Active</FieldName><LabelID>lblActive2h</LabelID><LabelName>نشط</LabelName><LangID>2</LangID><COUNTRYID>8</COUNTRYID><LANGDISP>ar-KW</LANGDISP><Active>TRUE</Active></PageList> 
<PageList><ID>133</ID><LabelMstID>CRM_tbl_Contact_Mst</LabelMstID><FieldName>Deleted</FieldName><LabelID>lblDeleted1s</LabelID><LabelName>Deleted</LabelName><LangID>1</LangID><COUNTRYID>8</COUNTRYID><LANGDISP>en-US</LANGDISP><Active>TRUE</Active></PageList> 
<PageList><ID>134</ID><LabelMstID>CRM_tbl_Contact_Mst</LabelMstID><FieldName>Deleted</FieldName><LabelID>lblDeleted1s</LabelID><LabelName>supprimé</LabelName><LangID>3</LangID><COUNTRYID>8</COUNTRYID><LANGDISP>fr-FR</LANGDISP><Active>TRUE</Active></PageList> 
<PageList><ID>135</ID><LabelMstID>CRM_tbl_Contact_Mst</LabelMstID><FieldName>Deleted</FieldName><LabelID>lblDeleted2h</LabelID><LabelName> تم الحذف</LabelName><LangID>2</LangID><COUNTRYID>8</COUNTRYID><LANGDISP>ar-KW</LANGDISP><Active>TRUE</Active></PageList> 
<PageList><ID>136</ID><LabelMstID>CRM_tbl_Contact_Mst</LabelMstID><FieldName>CRUP_ID</FieldName><LabelID>lblCRUP_ID1s</LabelID><LabelName>Crup Name</LabelName><LangID>1</LangID><COUNTRYID>8</COUNTRYID><LANGDISP>en-US</LANGDISP><Active>TRUE</Active></PageList> 
<PageList><ID>137</ID><LabelMstID>CRM_tbl_Contact_Mst</LabelMstID><FieldName>CRUP_ID</FieldName><LabelID>lblCRUP_ID1s</LabelID><LabelName>Nom crup</LabelName><LangID>3</LangID><COUNTRYID>8</COUNTRYID><LANGDISP>fr-FR</LANGDISP><Active>TRUE</Active></PageList> 
<PageList><ID>138</ID><LabelMstID>CRM_tbl_Contact_Mst</LabelMstID><FieldName>CRUP_ID</FieldName><LabelID>lblCRUP_ID2h</LabelID><LabelName>اسم Crup</LabelName><LangID>2</LangID><COUNTRYID>8</COUNTRYID><LANGDISP>ar-KW</LANGDISP><Active>TRUE</Active></PageList> 
<PageList><ID>139</ID><LabelMstID>CRM_tbl_Contact_Mst</LabelMstID><FieldName>NULL</FieldName><LabelID>lblHeader1s</LabelID><LabelName>CRM_Contact_Mst</LabelName><LangID>1</LangID><COUNTRYID>8</COUNTRYID><LANGDISP>en-US</LANGDISP><Active>TRUE</Active></PageList> 
<PageList><ID>140</ID><LabelMstID>CRM_tbl_Contact_Mst</LabelMstID><FieldName>NULL</FieldName><LabelID>lblHeader1s</LabelID><LabelName>CRM_Contact_Mst</LabelName><LangID>3</LangID><COUNTRYID>8</COUNTRYID><LANGDISP>fr-FR</LANGDISP><Active>TRUE</Active></PageList> 
<PageList><ID>141</ID><LabelMstID>CRM_tbl_Contact_Mst</LabelMstID><FieldName>NULL</FieldName><LabelID>lblHeader2h</LabelID><LabelName>CRM_Contact_Mst</LabelName><LangID>2</LangID><COUNTRYID>8</COUNTRYID><LANGDISP>ar-KW</LANGDISP><Active>TRUE</Active></PageList> 

</TBLLabelDTL>