<?xml version="1.0" standalone="yes"?>
<TBLLabelDTL>
<PageList><ID>1</ID><LabelMstID>CRMMainActivityRole</LabelMstID><FieldName>TenantID</FieldName><LabelID>lblTenantID1s</LabelID><LabelName>Tenant name</LabelName><LangID>1</LangID><COUNTRYID>8</COUNTRYID><LANGDISP>en-US</LANGDISP><Active>TRUE</Active></PageList> 
<PageList><ID>2</ID><LabelMstID>CRMMainActivityRole</LabelMstID><FieldName>TenantID</FieldName><LabelID>lblTenantID1s</LabelID><LabelName>Nom du locataire</LabelName><LangID>3</LangID><COUNTRYID>8</COUNTRYID><LANGDISP>fr-FR</LANGDISP><Active>TRUE</Active></PageList> 
<PageList><ID>3</ID><LabelMstID>CRMMainActivityRole</LabelMstID><FieldName>TenantID</FieldName><LabelID>lblTenantID2h</LabelID><LabelName>اسم المستأجر</LabelName><LangID>2</LangID><COUNTRYID>8</COUNTRYID><LANGDISP>ar-KW</LANGDISP><Active>TRUE</Active></PageList> 
<PageList><ID>4</ID><LabelMstID>CRMMainActivityRole</LabelMstID><FieldName>COMPID</FieldName><LabelID>lblCOMPID1s</LabelID><LabelName>Comp name</LabelName><LangID>1</LangID><COUNTRYID>8</COUNTRYID><LANGDISP>en-US</LANGDISP><Active>TRUE</Active></PageList> 
<PageList><ID>5</ID><LabelMstID>CRMMainActivityRole</LabelMstID><FieldName>COMPID</FieldName><LabelID>lblCOMPID1s</LabelID><LabelName>Nom de l’ordi</LabelName><LangID>3</LangID><COUNTRYID>8</COUNTRYID><LANGDISP>fr-FR</LANGDISP><Active>TRUE</Active></PageList> 
<PageList><ID>6</ID><LabelMstID>CRMMainActivityRole</LabelMstID><FieldName>COMPID</FieldName><LabelID>lblCOMPID2h</LabelID><LabelName>اسم تراكب</LabelName><LangID>2</LangID><COUNTRYID>8</COUNTRYID><LANGDISP>ar-KW</LANGDISP><Active>TRUE</Active></PageList> 
<PageList><ID>7</ID><LabelMstID>CRMMainActivityRole</LabelMstID><FieldName>MasterCODE</FieldName><LabelID>lblMasterCODE1s</LabelID><LabelName>Mastercode</LabelName><LangID>1</LangID><COUNTRYID>8</COUNTRYID><LANGDISP>en-US</LANGDISP><Active>TRUE</Active></PageList> 
<PageList><ID>8</ID><LabelMstID>CRMMainActivityRole</LabelMstID><FieldName>MasterCODE</FieldName><LabelID>lblMasterCODE1s</LabelID><LabelName>Mastercode</LabelName><LangID>3</LangID><COUNTRYID>8</COUNTRYID><LANGDISP>fr-FR</LANGDISP><Active>TRUE</Active></PageList> 
<PageList><ID>9</ID><LabelMstID>CRMMainActivityRole</LabelMstID><FieldName>MasterCODE</FieldName><LabelID>lblMasterCODE2h</LabelID><LabelName>Mastercode</LabelName><LangID>2</LangID><COUNTRYID>8</COUNTRYID><LANGDISP>ar-KW</LANGDISP><Active>TRUE</Active></PageList> 
<PageList><ID>10</ID><LabelMstID>CRMMainActivityRole</LabelMstID><FieldName>RoleID</FieldName><LabelID>lblRoleID1s</LabelID><LabelName>Role name</LabelName><LangID>1</LangID><COUNTRYID>8</COUNTRYID><LANGDISP>en-US</LANGDISP><Active>TRUE</Active></PageList> 
<PageList><ID>11</ID><LabelMstID>CRMMainActivityRole</LabelMstID><FieldName>RoleID</FieldName><LabelID>lblRoleID1s</LabelID><LabelName>Nom de rôle</LabelName><LangID>3</LangID><COUNTRYID>8</COUNTRYID><LANGDISP>fr-FR</LANGDISP><Active>TRUE</Active></PageList> 
<PageList><ID>12</ID><LabelMstID>CRMMainActivityRole</LabelMstID><FieldName>RoleID</FieldName><LabelID>lblRoleID2h</LabelID><LabelName>اسم الدور</LabelName><LangID>2</LangID><COUNTRYID>8</COUNTRYID><LANGDISP>ar-KW</LANGDISP><Active>TRUE</Active></PageList> 
<PageList><ID>13</ID><LabelMstID>CRMMainActivityRole</LabelMstID><FieldName>SystemID</FieldName><LabelID>lblSystemID1s</LabelID><LabelName>System name</LabelName><LangID>1</LangID><COUNTRYID>8</COUNTRYID><LANGDISP>en-US</LANGDISP><Active>TRUE</Active></PageList> 
<PageList><ID>14</ID><LabelMstID>CRMMainActivityRole</LabelMstID><FieldName>SystemID</FieldName><LabelID>lblSystemID1s</LabelID><LabelName>Nom du système</LabelName><LangID>3</LangID><COUNTRYID>8</COUNTRYID><LANGDISP>fr-FR</LANGDISP><Active>TRUE</Active></PageList> 
<PageList><ID>15</ID><LabelMstID>CRMMainActivityRole</LabelMstID><FieldName>SystemID</FieldName><LabelID>lblSystemID2h</LabelID><LabelName>اسم النظام</LabelName><LangID>2</LangID><COUNTRYID>8</COUNTRYID><LANGDISP>ar-KW</LANGDISP><Active>TRUE</Active></PageList> 
<PageList><ID>16</ID><LabelMstID>CRMMainActivityRole</LabelMstID><FieldName>MenuID</FieldName><LabelID>lblMenuID1s</LabelID><LabelName>Menu name</LabelName><LangID>1</LangID><COUNTRYID>8</COUNTRYID><LANGDISP>en-US</LANGDISP><Active>TRUE</Active></PageList> 
<PageList><ID>17</ID><LabelMstID>CRMMainActivityRole</LabelMstID><FieldName>MenuID</FieldName><LabelID>lblMenuID1s</LabelID><LabelName>Nom de menu</LabelName><LangID>3</LangID><COUNTRYID>8</COUNTRYID><LANGDISP>fr-FR</LANGDISP><Active>TRUE</Active></PageList> 
<PageList><ID>18</ID><LabelMstID>CRMMainActivityRole</LabelMstID><FieldName>MenuID</FieldName><LabelID>lblMenuID2h</LabelID><LabelName>اسم القائمة</LabelName><LangID>2</LangID><COUNTRYID>8</COUNTRYID><LANGDISP>ar-KW</LANGDISP><Active>TRUE</Active></PageList> 
<PageList><ID>19</ID><LabelMstID>CRMMainActivityRole</LabelMstID><FieldName>Datetime</FieldName><LabelID>lblDatetime1s</LabelID><LabelName>Datetime</LabelName><LangID>1</LangID><COUNTRYID>8</COUNTRYID><LANGDISP>en-US</LANGDISP><Active>TRUE</Active></PageList> 
<PageList><ID>20</ID><LabelMstID>CRMMainActivityRole</LabelMstID><FieldName>Datetime</FieldName><LabelID>lblDatetime1s</LabelID><LabelName>DateTime</LabelName><LangID>3</LangID><COUNTRYID>8</COUNTRYID><LANGDISP>fr-FR</LANGDISP><Active>TRUE</Active></PageList> 
<PageList><ID>21</ID><LabelMstID>CRMMainActivityRole</LabelMstID><FieldName>Datetime</FieldName><LabelID>lblDatetime2h</LabelID><LabelName>التاريخ والوقت</LabelName><LangID>2</LangID><COUNTRYID>8</COUNTRYID><LANGDISP>ar-KW</LANGDISP><Active>TRUE</Active></PageList> 
<PageList><ID>22</ID><LabelMstID>CRMMainActivityRole</LabelMstID><FieldName>Active</FieldName><LabelID>lblActive1s</LabelID><LabelName>Active</LabelName><LangID>1</LangID><COUNTRYID>8</COUNTRYID><LANGDISP>en-US</LANGDISP><Active>TRUE</Active></PageList> 
<PageList><ID>23</ID><LabelMstID>CRMMainActivityRole</LabelMstID><FieldName>Active</FieldName><LabelID>lblActive1s</LabelID><LabelName>Actif</LabelName><LangID>3</LangID><COUNTRYID>8</COUNTRYID><LANGDISP>fr-FR</LANGDISP><Active>TRUE</Active></PageList> 
<PageList><ID>24</ID><LabelMstID>CRMMainActivityRole</LabelMstID><FieldName>Active</FieldName><LabelID>lblActive2h</LabelID><LabelName>النشطة</LabelName><LangID>2</LangID><COUNTRYID>8</COUNTRYID><LANGDISP>ar-KW</LANGDISP><Active>TRUE</Active></PageList> 
<PageList><ID>25</ID><LabelMstID>CRMMainActivityRole</LabelMstID><FieldName>NULL</FieldName><LabelID>lblHeader1s</LabelID><LabelName>CRMMainActivityRole</LabelName><LangID>1</LangID><COUNTRYID>8</COUNTRYID><LANGDISP>en-US</LANGDISP><Active>TRUE</Active></PageList> 
<PageList><ID>26</ID><LabelMstID>CRMMainActivityRole</LabelMstID><FieldName>NULL</FieldName><LabelID>lblHeader1s</LabelID><LabelName>CRMMainActivityRole</LabelName><LangID>3</LangID><COUNTRYID>8</COUNTRYID><LANGDISP>fr-FR</LANGDISP><Active>TRUE</Active></PageList> 
<PageList><ID>27</ID><LabelMstID>CRMMainActivityRole</LabelMstID><FieldName>NULL</FieldName><LabelID>lblHeader2h</LabelID><LabelName>كرممايناكتيفيتيرولي</LabelName><LangID>2</LangID><COUNTRYID>8</COUNTRYID><LANGDISP>ar-KW</LANGDISP><Active>TRUE</Active></PageList> 

</TBLLabelDTL>