<?xml version="1.0" standalone="yes"?>
<TBLLabelDTL>
<PageList><ID>1</ID><LabelMstID>ERP_OPINION_SURVEY_MST</LabelMstID><FieldName>OPINION_SURVEY_ID</FieldName><LabelID>lblOPINION_SURVEY_ID1s</LabelID><LabelName>Opinion Survey  Name</LabelName><LangID>1</LangID><COUNTRYID>8</COUNTRYID><LANGDISP>en-US</LANGDISP><Active>TRUE</Active></PageList> 
<PageList><ID>2</ID><LabelMstID>ERP_OPINION_SURVEY_MST</LabelMstID><FieldName>OPINION_SURVEY_ID</FieldName><LabelID>lblOPINION_SURVEY_ID1s</LabelID><LabelName>Nom de sondage d'opinion</LabelName><LangID>3</LangID><COUNTRYID>8</COUNTRYID><LANGDISP>fr-FR</LANGDISP><Active>TRUE</Active></PageList> 
<PageList><ID>3</ID><LabelMstID>ERP_OPINION_SURVEY_MST</LabelMstID><FieldName>OPINION_SURVEY_ID</FieldName><LabelID>lblOPINION_SURVEY_ID2h</LabelID><LabelName>اسم استقصاء الرأي</LabelName><LangID>2</LangID><COUNTRYID>8</COUNTRYID><LANGDISP>ar-KW</LANGDISP><Active>TRUE</Active></PageList> 
<PageList><ID>4</ID><LabelMstID>ERP_OPINION_SURVEY_MST</LabelMstID><FieldName>TenantId</FieldName><LabelID>lblTenantId1s</LabelID><LabelName>Tenant Id</LabelName><LangID>1</LangID><COUNTRYID>8</COUNTRYID><LANGDISP>en-US</LANGDISP><Active>TRUE</Active></PageList> 
<PageList><ID>5</ID><LabelMstID>ERP_OPINION_SURVEY_MST</LabelMstID><FieldName>TenantId</FieldName><LabelID>lblTenantId1s</LabelID><LabelName>Id du locataire</LabelName><LangID>3</LangID><COUNTRYID>8</COUNTRYID><LANGDISP>fr-FR</LANGDISP><Active>TRUE</Active></PageList> 
<PageList><ID>6</ID><LabelMstID>ERP_OPINION_SURVEY_MST</LabelMstID><FieldName>TenantId</FieldName><LabelID>lblTenantId2h</LabelID><LabelName>معرف المستأجر</LabelName><LangID>2</LangID><COUNTRYID>8</COUNTRYID><LANGDISP>ar-KW</LANGDISP><Active>TRUE</Active></PageList> 
<PageList><ID>7</ID><LabelMstID>ERP_OPINION_SURVEY_MST</LabelMstID><FieldName>TYPE</FieldName><LabelID>lblTYPE1s</LabelID><LabelName>Type</LabelName><LangID>1</LangID><COUNTRYID>8</COUNTRYID><LANGDISP>en-US</LANGDISP><Active>TRUE</Active></PageList> 
<PageList><ID>8</ID><LabelMstID>ERP_OPINION_SURVEY_MST</LabelMstID><FieldName>TYPE</FieldName><LabelID>lblTYPE1s</LabelID><LabelName>Type de</LabelName><LangID>3</LangID><COUNTRYID>8</COUNTRYID><LANGDISP>fr-FR</LANGDISP><Active>TRUE</Active></PageList> 
<PageList><ID>9</ID><LabelMstID>ERP_OPINION_SURVEY_MST</LabelMstID><FieldName>TYPE</FieldName><LabelID>lblTYPE2h</LabelID><LabelName>نوع</LabelName><LangID>2</LangID><COUNTRYID>8</COUNTRYID><LANGDISP>ar-KW</LANGDISP><Active>TRUE</Active></PageList> 
<PageList><ID>10</ID><LabelMstID>ERP_OPINION_SURVEY_MST</LabelMstID><FieldName>NAME</FieldName><LabelID>lblNAME1s</LabelID><LabelName>Name</LabelName><LangID>1</LangID><COUNTRYID>8</COUNTRYID><LANGDISP>en-US</LANGDISP><Active>TRUE</Active></PageList> 
<PageList><ID>11</ID><LabelMstID>ERP_OPINION_SURVEY_MST</LabelMstID><FieldName>NAME</FieldName><LabelID>lblNAME1s</LabelID><LabelName>Nom</LabelName><LangID>3</LangID><COUNTRYID>8</COUNTRYID><LANGDISP>fr-FR</LANGDISP><Active>TRUE</Active></PageList> 
<PageList><ID>12</ID><LabelMstID>ERP_OPINION_SURVEY_MST</LabelMstID><FieldName>NAME</FieldName><LabelID>lblNAME2h</LabelID><LabelName>الاسم</LabelName><LangID>2</LangID><COUNTRYID>8</COUNTRYID><LANGDISP>ar-KW</LANGDISP><Active>TRUE</Active></PageList> 
<PageList><ID>13</ID><LabelMstID>ERP_OPINION_SURVEY_MST</LabelMstID><FieldName>PUBLISH_FLAG</FieldName><LabelID>lblPUBLISH_FLAG1s</LabelID><LabelName>Publish Flag</LabelName><LangID>1</LangID><COUNTRYID>8</COUNTRYID><LANGDISP>en-US</LANGDISP><Active>TRUE</Active></PageList> 
<PageList><ID>14</ID><LabelMstID>ERP_OPINION_SURVEY_MST</LabelMstID><FieldName>PUBLISH_FLAG</FieldName><LabelID>lblPUBLISH_FLAG1s</LabelID><LabelName>Publier le drapeau</LabelName><LangID>3</LangID><COUNTRYID>8</COUNTRYID><LANGDISP>fr-FR</LANGDISP><Active>TRUE</Active></PageList> 
<PageList><ID>15</ID><LabelMstID>ERP_OPINION_SURVEY_MST</LabelMstID><FieldName>PUBLISH_FLAG</FieldName><LabelID>lblPUBLISH_FLAG2h</LabelID><LabelName>نشر العلم</LabelName><LangID>2</LangID><COUNTRYID>8</COUNTRYID><LANGDISP>ar-KW</LANGDISP><Active>TRUE</Active></PageList> 
<PageList><ID>16</ID><LabelMstID>ERP_OPINION_SURVEY_MST</LabelMstID><FieldName>ACTION_FLAG</FieldName><LabelID>lblACTION_FLAG1s</LabelID><LabelName>Action Flag</LabelName><LangID>1</LangID><COUNTRYID>8</COUNTRYID><LANGDISP>en-US</LANGDISP><Active>TRUE</Active></PageList> 
<PageList><ID>17</ID><LabelMstID>ERP_OPINION_SURVEY_MST</LabelMstID><FieldName>ACTION_FLAG</FieldName><LabelID>lblACTION_FLAG1s</LabelID><LabelName>Indicateur d'action</LabelName><LangID>3</LangID><COUNTRYID>8</COUNTRYID><LANGDISP>fr-FR</LANGDISP><Active>TRUE</Active></PageList> 
<PageList><ID>18</ID><LabelMstID>ERP_OPINION_SURVEY_MST</LabelMstID><FieldName>ACTION_FLAG</FieldName><LabelID>lblACTION_FLAG2h</LabelID><LabelName>العلم العمل</LabelName><LangID>2</LangID><COUNTRYID>8</COUNTRYID><LANGDISP>ar-KW</LANGDISP><Active>TRUE</Active></PageList> 
<PageList><ID>19</ID><LabelMstID>ERP_OPINION_SURVEY_MST</LabelMstID><FieldName>ACTIVE_FLAG</FieldName><LabelID>lblACTIVE_FLAG1s</LabelID><LabelName>Active Flag</LabelName><LangID>1</LangID><COUNTRYID>8</COUNTRYID><LANGDISP>en-US</LANGDISP><Active>TRUE</Active></PageList> 
<PageList><ID>20</ID><LabelMstID>ERP_OPINION_SURVEY_MST</LabelMstID><FieldName>ACTIVE_FLAG</FieldName><LabelID>lblACTIVE_FLAG1s</LabelID><LabelName>Actif indicateur</LabelName><LangID>3</LangID><COUNTRYID>8</COUNTRYID><LANGDISP>fr-FR</LANGDISP><Active>TRUE</Active></PageList> 
<PageList><ID>21</ID><LabelMstID>ERP_OPINION_SURVEY_MST</LabelMstID><FieldName>ACTIVE_FLAG</FieldName><LabelID>lblACTIVE_FLAG2h</LabelID><LabelName>العلم نشط</LabelName><LangID>2</LangID><COUNTRYID>8</COUNTRYID><LANGDISP>ar-KW</LANGDISP><Active>TRUE</Active></PageList> 
<PageList><ID>22</ID><LabelMstID>ERP_OPINION_SURVEY_MST</LabelMstID><FieldName>CREATED_BY</FieldName><LabelID>lblCREATED_BY1s</LabelID><LabelName>Created By</LabelName><LangID>1</LangID><COUNTRYID>8</COUNTRYID><LANGDISP>en-US</LANGDISP><Active>TRUE</Active></PageList> 
<PageList><ID>23</ID><LabelMstID>ERP_OPINION_SURVEY_MST</LabelMstID><FieldName>CREATED_BY</FieldName><LabelID>lblCREATED_BY1s</LabelID><LabelName>Créé par</LabelName><LangID>3</LangID><COUNTRYID>8</COUNTRYID><LANGDISP>fr-FR</LANGDISP><Active>TRUE</Active></PageList> 
<PageList><ID>24</ID><LabelMstID>ERP_OPINION_SURVEY_MST</LabelMstID><FieldName>CREATED_BY</FieldName><LabelID>lblCREATED_BY2h</LabelID><LabelName>تم إنشاؤها بواسطة</LabelName><LangID>2</LangID><COUNTRYID>8</COUNTRYID><LANGDISP>ar-KW</LANGDISP><Active>TRUE</Active></PageList> 
<PageList><ID>25</ID><LabelMstID>ERP_OPINION_SURVEY_MST</LabelMstID><FieldName>CREATED_DT</FieldName><LabelID>lblCREATED_DT1s</LabelID><LabelName>Created Dt</LabelName><LangID>1</LangID><COUNTRYID>8</COUNTRYID><LANGDISP>en-US</LANGDISP><Active>TRUE</Active></PageList> 
<PageList><ID>26</ID><LabelMstID>ERP_OPINION_SURVEY_MST</LabelMstID><FieldName>CREATED_DT</FieldName><LabelID>lblCREATED_DT1s</LabelID><LabelName>Créé Dt</LabelName><LangID>3</LangID><COUNTRYID>8</COUNTRYID><LANGDISP>fr-FR</LANGDISP><Active>TRUE</Active></PageList> 
<PageList><ID>27</ID><LabelMstID>ERP_OPINION_SURVEY_MST</LabelMstID><FieldName>CREATED_DT</FieldName><LabelID>lblCREATED_DT2h</LabelID><LabelName>Dt التي تم إنشاؤها</LabelName><LangID>2</LangID><COUNTRYID>8</COUNTRYID><LANGDISP>ar-KW</LANGDISP><Active>TRUE</Active></PageList> 
<PageList><ID>28</ID><LabelMstID>ERP_OPINION_SURVEY_MST</LabelMstID><FieldName>UPDATED_BY</FieldName><LabelID>lblUPDATED_BY1s</LabelID><LabelName>Updated By</LabelName><LangID>1</LangID><COUNTRYID>8</COUNTRYID><LANGDISP>en-US</LANGDISP><Active>TRUE</Active></PageList> 
<PageList><ID>29</ID><LabelMstID>ERP_OPINION_SURVEY_MST</LabelMstID><FieldName>UPDATED_BY</FieldName><LabelID>lblUPDATED_BY1s</LabelID><LabelName>Mise à jour par</LabelName><LangID>3</LangID><COUNTRYID>8</COUNTRYID><LANGDISP>fr-FR</LANGDISP><Active>TRUE</Active></PageList> 
<PageList><ID>30</ID><LabelMstID>ERP_OPINION_SURVEY_MST</LabelMstID><FieldName>UPDATED_BY</FieldName><LabelID>lblUPDATED_BY2h</LabelID><LabelName>تحديث من قبل</LabelName><LangID>2</LangID><COUNTRYID>8</COUNTRYID><LANGDISP>ar-KW</LANGDISP><Active>TRUE</Active></PageList> 
<PageList><ID>31</ID><LabelMstID>ERP_OPINION_SURVEY_MST</LabelMstID><FieldName>UPDATED_DT</FieldName><LabelID>lblUPDATED_DT1s</LabelID><LabelName>Updated Dt</LabelName><LangID>1</LangID><COUNTRYID>8</COUNTRYID><LANGDISP>en-US</LANGDISP><Active>TRUE</Active></PageList> 
<PageList><ID>32</ID><LabelMstID>ERP_OPINION_SURVEY_MST</LabelMstID><FieldName>UPDATED_DT</FieldName><LabelID>lblUPDATED_DT1s</LabelID><LabelName>Mise à jour Dt</LabelName><LangID>3</LangID><COUNTRYID>8</COUNTRYID><LANGDISP>fr-FR</LANGDISP><Active>TRUE</Active></PageList> 
<PageList><ID>33</ID><LabelMstID>ERP_OPINION_SURVEY_MST</LabelMstID><FieldName>UPDATED_DT</FieldName><LabelID>lblUPDATED_DT2h</LabelID><LabelName>تحديث Dt</LabelName><LangID>2</LangID><COUNTRYID>8</COUNTRYID><LANGDISP>ar-KW</LANGDISP><Active>TRUE</Active></PageList> 
<PageList><ID>34</ID><LabelMstID>ERP_OPINION_SURVEY_MST</LabelMstID><FieldName>REPLICATION_DT</FieldName><LabelID>lblREPLICATION_DT1s</LabelID><LabelName>Replication Dt</LabelName><LangID>1</LangID><COUNTRYID>8</COUNTRYID><LANGDISP>en-US</LANGDISP><Active>TRUE</Active></PageList> 
<PageList><ID>35</ID><LabelMstID>ERP_OPINION_SURVEY_MST</LabelMstID><FieldName>REPLICATION_DT</FieldName><LabelID>lblREPLICATION_DT1s</LabelID><LabelName>Réplication Dt</LabelName><LangID>3</LangID><COUNTRYID>8</COUNTRYID><LANGDISP>fr-FR</LANGDISP><Active>TRUE</Active></PageList> 
<PageList><ID>36</ID><LabelMstID>ERP_OPINION_SURVEY_MST</LabelMstID><FieldName>REPLICATION_DT</FieldName><LabelID>lblREPLICATION_DT2h</LabelID><LabelName>Dt النسخ المتماثل</LabelName><LangID>2</LangID><COUNTRYID>8</COUNTRYID><LANGDISP>ar-KW</LANGDISP><Active>TRUE</Active></PageList> 
<PageList><ID>37</ID><LabelMstID>ERP_OPINION_SURVEY_MST</LabelMstID><FieldName>NULL</FieldName><LabelID>lblHeader1s</LabelID><LabelName>ERP_OPINION_SURVEY_MST</LabelName><LangID>1</LangID><COUNTRYID>8</COUNTRYID><LANGDISP>en-US</LANGDISP><Active>TRUE</Active></PageList> 
<PageList><ID>38</ID><LabelMstID>ERP_OPINION_SURVEY_MST</LabelMstID><FieldName>NULL</FieldName><LabelID>lblHeader1s</LabelID><LabelName>ERP_OPINION_SURVEY_MST</LabelName><LangID>3</LangID><COUNTRYID>8</COUNTRYID><LANGDISP>fr-FR</LANGDISP><Active>TRUE</Active></PageList> 
<PageList><ID>39</ID><LabelMstID>ERP_OPINION_SURVEY_MST</LabelMstID><FieldName>NULL</FieldName><LabelID>lblHeader2h</LabelID><LabelName>ERP_OPINION_SURVEY_MST</LabelName><LangID>2</LangID><COUNTRYID>8</COUNTRYID><LANGDISP>ar-KW</LANGDISP><Active>TRUE</Active></PageList> 

</TBLLabelDTL>