<?xml version="1.0" standalone="yes"?>
<TBLLabelDTL>
<PageList><ID>1</ID><LabelMstID>ERP_OPIN_SRVY_STATISTICS</LabelMstID><FieldName>OPIN_SRVY_STATISTICS_ID</FieldName><LabelID>lblOPIN_SRVY_STATISTICS_ID1s</LabelID><LabelName>Opin Srvy Statistics  Name</LabelName><LangID>1</LangID><COUNTRYID>8</COUNTRYID><LANGDISP>en-US</LANGDISP><Active>TRUE</Active></PageList> 
<PageList><ID>2</ID><LabelMstID>ERP_OPIN_SRVY_STATISTICS</LabelMstID><FieldName>OPIN_SRVY_STATISTICS_ID</FieldName><LabelID>lblOPIN_SRVY_STATISTICS_ID1s</LabelID><LabelName>Opin nom des statistiques de GEOPHYSIQUE</LabelName><LangID>3</LangID><COUNTRYID>8</COUNTRYID><LANGDISP>fr-FR</LANGDISP><Active>TRUE</Active></PageList> 
<PageList><ID>3</ID><LabelMstID>ERP_OPIN_SRVY_STATISTICS</LabelMstID><FieldName>OPIN_SRVY_STATISTICS_ID</FieldName><LabelID>lblOPIN_SRVY_STATISTICS_ID2h</LabelID><LabelName>أوبين اسم الإحصاءات سرفي</LabelName><LangID>2</LangID><COUNTRYID>8</COUNTRYID><LANGDISP>ar-KW</LANGDISP><Active>TRUE</Active></PageList> 
<PageList><ID>4</ID><LabelMstID>ERP_OPIN_SRVY_STATISTICS</LabelMstID><FieldName>OPINION_SURVEY_ID_FK</FieldName><LabelID>lblOPINION_SURVEY_ID_FK1s</LabelID><LabelName>Opinion Survey  Name Fk</LabelName><LangID>1</LangID><COUNTRYID>8</COUNTRYID><LANGDISP>en-US</LANGDISP><Active>TRUE</Active></PageList> 
<PageList><ID>5</ID><LabelMstID>ERP_OPIN_SRVY_STATISTICS</LabelMstID><FieldName>OPINION_SURVEY_ID_FK</FieldName><LabelID>lblOPINION_SURVEY_ID_FK1s</LabelID><LabelName>Avis sondage nom Fk</LabelName><LangID>3</LangID><COUNTRYID>8</COUNTRYID><LANGDISP>fr-FR</LANGDISP><Active>TRUE</Active></PageList> 
<PageList><ID>6</ID><LabelMstID>ERP_OPIN_SRVY_STATISTICS</LabelMstID><FieldName>OPINION_SURVEY_ID_FK</FieldName><LabelID>lblOPINION_SURVEY_ID_FK2h</LabelID><LabelName>رأي مسح اسم المفتاح الخارجي</LabelName><LangID>2</LangID><COUNTRYID>8</COUNTRYID><LANGDISP>ar-KW</LANGDISP><Active>TRUE</Active></PageList> 
<PageList><ID>7</ID><LabelMstID>ERP_OPIN_SRVY_STATISTICS</LabelMstID><FieldName>QUESTION_ID_FK</FieldName><LabelID>lblQUESTION_ID_FK1s</LabelID><LabelName>Question Name Fk</LabelName><LangID>1</LangID><COUNTRYID>8</COUNTRYID><LANGDISP>en-US</LANGDISP><Active>TRUE</Active></PageList> 
<PageList><ID>8</ID><LabelMstID>ERP_OPIN_SRVY_STATISTICS</LabelMstID><FieldName>QUESTION_ID_FK</FieldName><LabelID>lblQUESTION_ID_FK1s</LabelID><LabelName>Question nom Fk</LabelName><LangID>3</LangID><COUNTRYID>8</COUNTRYID><LANGDISP>fr-FR</LANGDISP><Active>TRUE</Active></PageList> 
<PageList><ID>9</ID><LabelMstID>ERP_OPIN_SRVY_STATISTICS</LabelMstID><FieldName>QUESTION_ID_FK</FieldName><LabelID>lblQUESTION_ID_FK2h</LabelID><LabelName>مسألة الاسم Fk</LabelName><LangID>2</LangID><COUNTRYID>8</COUNTRYID><LANGDISP>ar-KW</LANGDISP><Active>TRUE</Active></PageList> 
<PageList><ID>10</ID><LabelMstID>ERP_OPIN_SRVY_STATISTICS</LabelMstID><FieldName>OPTION_DTLS_ID_FK</FieldName><LabelID>lblOPTION_DTLS_ID_FK1s</LabelID><LabelName>Option Dtls Name Fk</LabelName><LangID>1</LangID><COUNTRYID>8</COUNTRYID><LANGDISP>en-US</LANGDISP><Active>TRUE</Active></PageList> 
<PageList><ID>11</ID><LabelMstID>ERP_OPIN_SRVY_STATISTICS</LabelMstID><FieldName>OPTION_DTLS_ID_FK</FieldName><LabelID>lblOPTION_DTLS_ID_FK1s</LabelID><LabelName>Option nom Dtls Fk</LabelName><LangID>3</LangID><COUNTRYID>8</COUNTRYID><LANGDISP>fr-FR</LANGDISP><Active>TRUE</Active></PageList> 
<PageList><ID>12</ID><LabelMstID>ERP_OPIN_SRVY_STATISTICS</LabelMstID><FieldName>OPTION_DTLS_ID_FK</FieldName><LabelID>lblOPTION_DTLS_ID_FK2h</LabelID><LabelName>كيه دتلس اسم الخيار</LabelName><LangID>2</LangID><COUNTRYID>8</COUNTRYID><LANGDISP>ar-KW</LANGDISP><Active>TRUE</Active></PageList> 
<PageList><ID>13</ID><LabelMstID>ERP_OPIN_SRVY_STATISTICS</LabelMstID><FieldName>TPIN</FieldName><LabelID>lblTPIN1s</LabelID><LabelName>Tpin</LabelName><LangID>1</LangID><COUNTRYID>8</COUNTRYID><LANGDISP>en-US</LANGDISP><Active>TRUE</Active></PageList> 
<PageList><ID>14</ID><LabelMstID>ERP_OPIN_SRVY_STATISTICS</LabelMstID><FieldName>TPIN</FieldName><LabelID>lblTPIN1s</LabelID><LabelName>NIPC</LabelName><LangID>3</LangID><COUNTRYID>8</COUNTRYID><LANGDISP>fr-FR</LANGDISP><Active>TRUE</Active></PageList> 
<PageList><ID>15</ID><LabelMstID>ERP_OPIN_SRVY_STATISTICS</LabelMstID><FieldName>TPIN</FieldName><LabelID>lblTPIN2h</LabelID><LabelName>تبين</LabelName><LangID>2</LangID><COUNTRYID>8</COUNTRYID><LANGDISP>ar-KW</LANGDISP><Active>TRUE</Active></PageList> 
<PageList><ID>16</ID><LabelMstID>ERP_OPIN_SRVY_STATISTICS</LabelMstID><FieldName>ACTIVE_FLAG</FieldName><LabelID>lblACTIVE_FLAG1s</LabelID><LabelName>Active Flag</LabelName><LangID>1</LangID><COUNTRYID>8</COUNTRYID><LANGDISP>en-US</LANGDISP><Active>TRUE</Active></PageList> 
<PageList><ID>17</ID><LabelMstID>ERP_OPIN_SRVY_STATISTICS</LabelMstID><FieldName>ACTIVE_FLAG</FieldName><LabelID>lblACTIVE_FLAG1s</LabelID><LabelName>Actif indicateur</LabelName><LangID>3</LangID><COUNTRYID>8</COUNTRYID><LANGDISP>fr-FR</LANGDISP><Active>TRUE</Active></PageList> 
<PageList><ID>18</ID><LabelMstID>ERP_OPIN_SRVY_STATISTICS</LabelMstID><FieldName>ACTIVE_FLAG</FieldName><LabelID>lblACTIVE_FLAG2h</LabelID><LabelName>العلم نشط</LabelName><LangID>2</LangID><COUNTRYID>8</COUNTRYID><LANGDISP>ar-KW</LANGDISP><Active>TRUE</Active></PageList> 
<PageList><ID>19</ID><LabelMstID>ERP_OPIN_SRVY_STATISTICS</LabelMstID><FieldName>CREATED_BY</FieldName><LabelID>lblCREATED_BY1s</LabelID><LabelName>Created By</LabelName><LangID>1</LangID><COUNTRYID>8</COUNTRYID><LANGDISP>en-US</LANGDISP><Active>TRUE</Active></PageList> 
<PageList><ID>20</ID><LabelMstID>ERP_OPIN_SRVY_STATISTICS</LabelMstID><FieldName>CREATED_BY</FieldName><LabelID>lblCREATED_BY1s</LabelID><LabelName>Créé par</LabelName><LangID>3</LangID><COUNTRYID>8</COUNTRYID><LANGDISP>fr-FR</LANGDISP><Active>TRUE</Active></PageList> 
<PageList><ID>21</ID><LabelMstID>ERP_OPIN_SRVY_STATISTICS</LabelMstID><FieldName>CREATED_BY</FieldName><LabelID>lblCREATED_BY2h</LabelID><LabelName>تم إنشاؤها بواسطة</LabelName><LangID>2</LangID><COUNTRYID>8</COUNTRYID><LANGDISP>ar-KW</LANGDISP><Active>TRUE</Active></PageList> 
<PageList><ID>22</ID><LabelMstID>ERP_OPIN_SRVY_STATISTICS</LabelMstID><FieldName>CREATED_DT</FieldName><LabelID>lblCREATED_DT1s</LabelID><LabelName>Created Dt</LabelName><LangID>1</LangID><COUNTRYID>8</COUNTRYID><LANGDISP>en-US</LANGDISP><Active>TRUE</Active></PageList> 
<PageList><ID>23</ID><LabelMstID>ERP_OPIN_SRVY_STATISTICS</LabelMstID><FieldName>CREATED_DT</FieldName><LabelID>lblCREATED_DT1s</LabelID><LabelName>Créé Dt</LabelName><LangID>3</LangID><COUNTRYID>8</COUNTRYID><LANGDISP>fr-FR</LANGDISP><Active>TRUE</Active></PageList> 
<PageList><ID>24</ID><LabelMstID>ERP_OPIN_SRVY_STATISTICS</LabelMstID><FieldName>CREATED_DT</FieldName><LabelID>lblCREATED_DT2h</LabelID><LabelName>Dt التي تم إنشاؤها</LabelName><LangID>2</LangID><COUNTRYID>8</COUNTRYID><LANGDISP>ar-KW</LANGDISP><Active>TRUE</Active></PageList> 
<PageList><ID>25</ID><LabelMstID>ERP_OPIN_SRVY_STATISTICS</LabelMstID><FieldName>UPDATED_BY</FieldName><LabelID>lblUPDATED_BY1s</LabelID><LabelName>Updated By</LabelName><LangID>1</LangID><COUNTRYID>8</COUNTRYID><LANGDISP>en-US</LANGDISP><Active>TRUE</Active></PageList> 
<PageList><ID>26</ID><LabelMstID>ERP_OPIN_SRVY_STATISTICS</LabelMstID><FieldName>UPDATED_BY</FieldName><LabelID>lblUPDATED_BY1s</LabelID><LabelName>Mise à jour par</LabelName><LangID>3</LangID><COUNTRYID>8</COUNTRYID><LANGDISP>fr-FR</LANGDISP><Active>TRUE</Active></PageList> 
<PageList><ID>27</ID><LabelMstID>ERP_OPIN_SRVY_STATISTICS</LabelMstID><FieldName>UPDATED_BY</FieldName><LabelID>lblUPDATED_BY2h</LabelID><LabelName>تحديث من قبل</LabelName><LangID>2</LangID><COUNTRYID>8</COUNTRYID><LANGDISP>ar-KW</LANGDISP><Active>TRUE</Active></PageList> 
<PageList><ID>28</ID><LabelMstID>ERP_OPIN_SRVY_STATISTICS</LabelMstID><FieldName>UPDATED_DT</FieldName><LabelID>lblUPDATED_DT1s</LabelID><LabelName>Updated Dt</LabelName><LangID>1</LangID><COUNTRYID>8</COUNTRYID><LANGDISP>en-US</LANGDISP><Active>TRUE</Active></PageList> 
<PageList><ID>29</ID><LabelMstID>ERP_OPIN_SRVY_STATISTICS</LabelMstID><FieldName>UPDATED_DT</FieldName><LabelID>lblUPDATED_DT1s</LabelID><LabelName>Mise à jour Dt</LabelName><LangID>3</LangID><COUNTRYID>8</COUNTRYID><LANGDISP>fr-FR</LANGDISP><Active>TRUE</Active></PageList> 
<PageList><ID>30</ID><LabelMstID>ERP_OPIN_SRVY_STATISTICS</LabelMstID><FieldName>UPDATED_DT</FieldName><LabelID>lblUPDATED_DT2h</LabelID><LabelName>تحديث Dt</LabelName><LangID>2</LangID><COUNTRYID>8</COUNTRYID><LANGDISP>ar-KW</LANGDISP><Active>TRUE</Active></PageList> 
<PageList><ID>31</ID><LabelMstID>ERP_OPIN_SRVY_STATISTICS</LabelMstID><FieldName>REPLICATION_DT</FieldName><LabelID>lblREPLICATION_DT1s</LabelID><LabelName>Replication Dt</LabelName><LangID>1</LangID><COUNTRYID>8</COUNTRYID><LANGDISP>en-US</LANGDISP><Active>TRUE</Active></PageList> 
<PageList><ID>32</ID><LabelMstID>ERP_OPIN_SRVY_STATISTICS</LabelMstID><FieldName>REPLICATION_DT</FieldName><LabelID>lblREPLICATION_DT1s</LabelID><LabelName>Réplication Dt</LabelName><LangID>3</LangID><COUNTRYID>8</COUNTRYID><LANGDISP>fr-FR</LANGDISP><Active>TRUE</Active></PageList> 
<PageList><ID>33</ID><LabelMstID>ERP_OPIN_SRVY_STATISTICS</LabelMstID><FieldName>REPLICATION_DT</FieldName><LabelID>lblREPLICATION_DT2h</LabelID><LabelName>Dt النسخ المتماثل</LabelName><LangID>2</LangID><COUNTRYID>8</COUNTRYID><LANGDISP>ar-KW</LANGDISP><Active>TRUE</Active></PageList> 
<PageList><ID>34</ID><LabelMstID>ERP_OPIN_SRVY_STATISTICS</LabelMstID><FieldName>TENENTID</FieldName><LabelID>lblTENENTID1s</LabelID><LabelName>Tenent Name</LabelName><LangID>1</LangID><COUNTRYID>8</COUNTRYID><LANGDISP>en-US</LANGDISP><Active>TRUE</Active></PageList> 
<PageList><ID>35</ID><LabelMstID>ERP_OPIN_SRVY_STATISTICS</LabelMstID><FieldName>TENENTID</FieldName><LabelID>lblTENENTID1s</LabelID><LabelName>Tenent nom</LabelName><LangID>3</LangID><COUNTRYID>8</COUNTRYID><LANGDISP>fr-FR</LANGDISP><Active>TRUE</Active></PageList> 
<PageList><ID>36</ID><LabelMstID>ERP_OPIN_SRVY_STATISTICS</LabelMstID><FieldName>TENENTID</FieldName><LabelID>lblTENENTID2h</LabelID><LabelName>اسم تينيت</LabelName><LangID>2</LangID><COUNTRYID>8</COUNTRYID><LANGDISP>ar-KW</LANGDISP><Active>TRUE</Active></PageList> 
<PageList><ID>37</ID><LabelMstID>ERP_OPIN_SRVY_STATISTICS</LabelMstID><FieldName>NULL</FieldName><LabelID>lblHeader1s</LabelID><LabelName>ERP_OPIN_SRVY_STATISTICS</LabelName><LangID>1</LangID><COUNTRYID>8</COUNTRYID><LANGDISP>en-US</LANGDISP><Active>TRUE</Active></PageList> 
<PageList><ID>38</ID><LabelMstID>ERP_OPIN_SRVY_STATISTICS</LabelMstID><FieldName>NULL</FieldName><LabelID>lblHeader1s</LabelID><LabelName>ERP_OPIN_SRVY_STATISTICS</LabelName><LangID>3</LangID><COUNTRYID>8</COUNTRYID><LANGDISP>fr-FR</LANGDISP><Active>TRUE</Active></PageList> 
<PageList><ID>39</ID><LabelMstID>ERP_OPIN_SRVY_STATISTICS</LabelMstID><FieldName>NULL</FieldName><LabelID>lblHeader2h</LabelID><LabelName>ERP_OPIN_SRVY_STATISTICS</LabelName><LangID>2</LangID><COUNTRYID>8</COUNTRYID><LANGDISP>ar-KW</LANGDISP><Active>TRUE</Active></PageList> 

</TBLLabelDTL>