<?xml version="1.0" standalone="yes"?>
<TBLLabelDTL>
<PageList><ID>1</ID><LabelMstID>ERP_SUPPLIER_MST</LabelMstID><FieldName>SUP_ID</FieldName><LabelID>lblSUP_ID1s</LabelID><LabelName>Sup  name</LabelName><LangID>1</LangID><COUNTRYID>8</COUNTRYID><LANGDISP>en-US</LANGDISP><Active>TRUE</Active></PageList> 
<PageList><ID>2</ID><LabelMstID>ERP_SUPPLIER_MST</LabelMstID><FieldName>SUP_ID</FieldName><LabelID>lblSUP_ID1s</LabelID><LabelName>Nom de sup</LabelName><LangID>3</LangID><COUNTRYID>8</COUNTRYID><LANGDISP>fr-FR</LANGDISP><Active>TRUE</Active></PageList> 
<PageList><ID>3</ID><LabelMstID>ERP_SUPPLIER_MST</LabelMstID><FieldName>SUP_ID</FieldName><LabelID>lblSUP_ID2h</LabelID><LabelName>اسم سوب</LabelName><LangID>2</LangID><COUNTRYID>8</COUNTRYID><LANGDISP>ar-KW</LANGDISP><Active>TRUE</Active></PageList> 
<PageList><ID>4</ID><LabelMstID>ERP_SUPPLIER_MST</LabelMstID><FieldName>TENANT_ID</FieldName><LabelID>lblTENANT_ID1s</LabelID><LabelName>Tenant  name</LabelName><LangID>1</LangID><COUNTRYID>8</COUNTRYID><LANGDISP>en-US</LANGDISP><Active>TRUE</Active></PageList> 
<PageList><ID>5</ID><LabelMstID>ERP_SUPPLIER_MST</LabelMstID><FieldName>TENANT_ID</FieldName><LabelID>lblTENANT_ID1s</LabelID><LabelName>Nom du locataire</LabelName><LangID>3</LangID><COUNTRYID>8</COUNTRYID><LANGDISP>fr-FR</LANGDISP><Active>TRUE</Active></PageList> 
<PageList><ID>6</ID><LabelMstID>ERP_SUPPLIER_MST</LabelMstID><FieldName>TENANT_ID</FieldName><LabelID>lblTENANT_ID2h</LabelID><LabelName>اسم المستأجر</LabelName><LangID>2</LangID><COUNTRYID>8</COUNTRYID><LANGDISP>ar-KW</LANGDISP><Active>TRUE</Active></PageList> 
<PageList><ID>7</ID><LabelMstID>ERP_SUPPLIER_MST</LabelMstID><FieldName>LOCATIONID</FieldName><LabelID>lblLOCATIONID1s</LabelID><LabelName>Location Name</LabelName><LangID>1</LangID><COUNTRYID>8</COUNTRYID><LANGDISP>en-US</LANGDISP><Active>TRUE</Active></PageList> 
<PageList><ID>8</ID><LabelMstID>ERP_SUPPLIER_MST</LabelMstID><FieldName>LOCATIONID</FieldName><LabelID>lblLOCATIONID1s</LabelID><LabelName>Nom de l'emplacement</LabelName><LangID>3</LangID><COUNTRYID>8</COUNTRYID><LANGDISP>fr-FR</LANGDISP><Active>TRUE</Active></PageList> 
<PageList><ID>9</ID><LabelMstID>ERP_SUPPLIER_MST</LabelMstID><FieldName>LOCATIONID</FieldName><LabelID>lblLOCATIONID2h</LabelID><LabelName>اسم الموقع</LabelName><LangID>2</LangID><COUNTRYID>8</COUNTRYID><LANGDISP>ar-KW</LANGDISP><Active>TRUE</Active></PageList> 
<PageList><ID>10</ID><LabelMstID>ERP_SUPPLIER_MST</LabelMstID><FieldName>SALUTATION_ID</FieldName><LabelID>lblSALUTATION_ID1s</LabelID><LabelName>Salutation  Name</LabelName><LangID>1</LangID><COUNTRYID>8</COUNTRYID><LANGDISP>en-US</LANGDISP><Active>TRUE</Active></PageList> 
<PageList><ID>11</ID><LabelMstID>ERP_SUPPLIER_MST</LabelMstID><FieldName>SALUTATION_ID</FieldName><LabelID>lblSALUTATION_ID1s</LabelID><LabelName>Nom de formule de politesse</LabelName><LangID>3</LangID><COUNTRYID>8</COUNTRYID><LANGDISP>fr-FR</LANGDISP><Active>TRUE</Active></PageList> 
<PageList><ID>12</ID><LabelMstID>ERP_SUPPLIER_MST</LabelMstID><FieldName>SALUTATION_ID</FieldName><LabelID>lblSALUTATION_ID2h</LabelID><LabelName>اسم التحية</LabelName><LangID>2</LangID><COUNTRYID>8</COUNTRYID><LANGDISP>ar-KW</LANGDISP><Active>TRUE</Active></PageList> 
<PageList><ID>13</ID><LabelMstID>ERP_SUPPLIER_MST</LabelMstID><FieldName>SUPPLIER_NAME</FieldName><LabelID>lblSUPPLIER_NAME1s</LabelID><LabelName>Supplier Name</LabelName><LangID>1</LangID><COUNTRYID>8</COUNTRYID><LANGDISP>en-US</LANGDISP><Active>TRUE</Active></PageList> 
<PageList><ID>14</ID><LabelMstID>ERP_SUPPLIER_MST</LabelMstID><FieldName>SUPPLIER_NAME</FieldName><LabelID>lblSUPPLIER_NAME1s</LabelID><LabelName>Nom du fournisseur</LabelName><LangID>3</LangID><COUNTRYID>8</COUNTRYID><LANGDISP>fr-FR</LANGDISP><Active>TRUE</Active></PageList> 
<PageList><ID>15</ID><LabelMstID>ERP_SUPPLIER_MST</LabelMstID><FieldName>SUPPLIER_NAME</FieldName><LabelID>lblSUPPLIER_NAME2h</LabelID><LabelName>اسم المورد</LabelName><LangID>2</LangID><COUNTRYID>8</COUNTRYID><LANGDISP>ar-KW</LANGDISP><Active>TRUE</Active></PageList> 
<PageList><ID>16</ID><LabelMstID>ERP_SUPPLIER_MST</LabelMstID><FieldName>SUPPLIER_NAMEO</FieldName><LabelID>lblSUPPLIER_NAMEO1s</LabelID><LabelName>Supplier Name</LabelName><LangID>1</LangID><COUNTRYID>8</COUNTRYID><LANGDISP>en-US</LANGDISP><Active>TRUE</Active></PageList> 
<PageList><ID>17</ID><LabelMstID>ERP_SUPPLIER_MST</LabelMstID><FieldName>SUPPLIER_NAMEO</FieldName><LabelID>lblSUPPLIER_NAMEO1s</LabelID><LabelName>Nom du fournisseur</LabelName><LangID>3</LangID><COUNTRYID>8</COUNTRYID><LANGDISP>fr-FR</LANGDISP><Active>TRUE</Active></PageList> 
<PageList><ID>18</ID><LabelMstID>ERP_SUPPLIER_MST</LabelMstID><FieldName>SUPPLIER_NAMEO</FieldName><LabelID>lblSUPPLIER_NAMEO2h</LabelID><LabelName>اسم المورد</LabelName><LangID>2</LangID><COUNTRYID>8</COUNTRYID><LANGDISP>ar-KW</LANGDISP><Active>TRUE</Active></PageList> 
<PageList><ID>19</ID><LabelMstID>ERP_SUPPLIER_MST</LabelMstID><FieldName>DESCRIPTION</FieldName><LabelID>lblDESCRIPTION1s</LabelID><LabelName>Description</LabelName><LangID>1</LangID><COUNTRYID>8</COUNTRYID><LANGDISP>en-US</LANGDISP><Active>TRUE</Active></PageList> 
<PageList><ID>20</ID><LabelMstID>ERP_SUPPLIER_MST</LabelMstID><FieldName>DESCRIPTION</FieldName><LabelID>lblDESCRIPTION1s</LabelID><LabelName>Description</LabelName><LangID>3</LangID><COUNTRYID>8</COUNTRYID><LANGDISP>fr-FR</LANGDISP><Active>TRUE</Active></PageList> 
<PageList><ID>21</ID><LabelMstID>ERP_SUPPLIER_MST</LabelMstID><FieldName>DESCRIPTION</FieldName><LabelID>lblDESCRIPTION2h</LabelID><LabelName>الوصف</LabelName><LangID>2</LangID><COUNTRYID>8</COUNTRYID><LANGDISP>ar-KW</LANGDISP><Active>TRUE</Active></PageList> 
<PageList><ID>22</ID><LabelMstID>ERP_SUPPLIER_MST</LabelMstID><FieldName>IS_COMPANY</FieldName><LabelID>lblIS_COMPANY1s</LabelID><LabelName>Is company</LabelName><LangID>1</LangID><COUNTRYID>8</COUNTRYID><LANGDISP>en-US</LANGDISP><Active>TRUE</Active></PageList> 
<PageList><ID>23</ID><LabelMstID>ERP_SUPPLIER_MST</LabelMstID><FieldName>IS_COMPANY</FieldName><LabelID>lblIS_COMPANY1s</LabelID><LabelName>Est la société</LabelName><LangID>3</LangID><COUNTRYID>8</COUNTRYID><LANGDISP>fr-FR</LANGDISP><Active>TRUE</Active></PageList> 
<PageList><ID>24</ID><LabelMstID>ERP_SUPPLIER_MST</LabelMstID><FieldName>IS_COMPANY</FieldName><LabelID>lblIS_COMPANY2h</LabelID><LabelName>شركة</LabelName><LangID>2</LangID><COUNTRYID>8</COUNTRYID><LANGDISP>ar-KW</LANGDISP><Active>TRUE</Active></PageList> 
<PageList><ID>25</ID><LabelMstID>ERP_SUPPLIER_MST</LabelMstID><FieldName>COMPANY_ID</FieldName><LabelID>lblCOMPANY_ID1s</LabelID><LabelName>Company  Name</LabelName><LangID>1</LangID><COUNTRYID>8</COUNTRYID><LANGDISP>en-US</LANGDISP><Active>TRUE</Active></PageList> 
<PageList><ID>26</ID><LabelMstID>ERP_SUPPLIER_MST</LabelMstID><FieldName>COMPANY_ID</FieldName><LabelID>lblCOMPANY_ID1s</LabelID><LabelName>Nom de l'entreprise</LabelName><LangID>3</LangID><COUNTRYID>8</COUNTRYID><LANGDISP>fr-FR</LANGDISP><Active>TRUE</Active></PageList> 
<PageList><ID>27</ID><LabelMstID>ERP_SUPPLIER_MST</LabelMstID><FieldName>COMPANY_ID</FieldName><LabelID>lblCOMPANY_ID2h</LabelID><LabelName>اسم الشركة</LabelName><LangID>2</LangID><COUNTRYID>8</COUNTRYID><LANGDISP>ar-KW</LANGDISP><Active>TRUE</Active></PageList> 
<PageList><ID>28</ID><LabelMstID>ERP_SUPPLIER_MST</LabelMstID><FieldName>RATING</FieldName><LabelID>lblRATING1s</LabelID><LabelName>Rating</LabelName><LangID>1</LangID><COUNTRYID>8</COUNTRYID><LANGDISP>en-US</LANGDISP><Active>TRUE</Active></PageList> 
<PageList><ID>29</ID><LabelMstID>ERP_SUPPLIER_MST</LabelMstID><FieldName>RATING</FieldName><LabelID>lblRATING1s</LabelID><LabelName>De note</LabelName><LangID>3</LangID><COUNTRYID>8</COUNTRYID><LANGDISP>fr-FR</LANGDISP><Active>TRUE</Active></PageList> 
<PageList><ID>30</ID><LabelMstID>ERP_SUPPLIER_MST</LabelMstID><FieldName>RATING</FieldName><LabelID>lblRATING2h</LabelID><LabelName>تصنيف</LabelName><LangID>2</LangID><COUNTRYID>8</COUNTRYID><LANGDISP>ar-KW</LANGDISP><Active>TRUE</Active></PageList> 
<PageList><ID>31</ID><LabelMstID>ERP_SUPPLIER_MST</LabelMstID><FieldName>ACTIVE_FLAG</FieldName><LabelID>lblACTIVE_FLAG1s</LabelID><LabelName>Active Flag</LabelName><LangID>1</LangID><COUNTRYID>8</COUNTRYID><LANGDISP>en-US</LANGDISP><Active>TRUE</Active></PageList> 
<PageList><ID>32</ID><LabelMstID>ERP_SUPPLIER_MST</LabelMstID><FieldName>ACTIVE_FLAG</FieldName><LabelID>lblACTIVE_FLAG1s</LabelID><LabelName>Actif indicateur</LabelName><LangID>3</LangID><COUNTRYID>8</COUNTRYID><LANGDISP>fr-FR</LANGDISP><Active>TRUE</Active></PageList> 
<PageList><ID>33</ID><LabelMstID>ERP_SUPPLIER_MST</LabelMstID><FieldName>ACTIVE_FLAG</FieldName><LabelID>lblACTIVE_FLAG2h</LabelID><LabelName>العلم نشط</LabelName><LangID>2</LangID><COUNTRYID>8</COUNTRYID><LANGDISP>ar-KW</LANGDISP><Active>TRUE</Active></PageList> 
<PageList><ID>34</ID><LabelMstID>ERP_SUPPLIER_MST</LabelMstID><FieldName>IMG_URL</FieldName><LabelID>lblIMG_URL1s</LabelID><LabelName>Image Url</LabelName><LangID>1</LangID><COUNTRYID>8</COUNTRYID><LANGDISP>en-US</LANGDISP><Active>TRUE</Active></PageList> 
<PageList><ID>35</ID><LabelMstID>ERP_SUPPLIER_MST</LabelMstID><FieldName>IMG_URL</FieldName><LabelID>lblIMG_URL1s</LabelID><LabelName>Url de l'image</LabelName><LangID>3</LangID><COUNTRYID>8</COUNTRYID><LANGDISP>fr-FR</LANGDISP><Active>TRUE</Active></PageList> 
<PageList><ID>36</ID><LabelMstID>ERP_SUPPLIER_MST</LabelMstID><FieldName>IMG_URL</FieldName><LabelID>lblIMG_URL2h</LabelID><LabelName>عنوان Url للصورة</LabelName><LangID>2</LangID><COUNTRYID>8</COUNTRYID><LANGDISP>ar-KW</LANGDISP><Active>TRUE</Active></PageList> 
<PageList><ID>37</ID><LabelMstID>ERP_SUPPLIER_MST</LabelMstID><FieldName>JOB_POSITION</FieldName><LabelID>lblJOB_POSITION1s</LabelID><LabelName>Job Position</LabelName><LangID>1</LangID><COUNTRYID>8</COUNTRYID><LANGDISP>en-US</LANGDISP><Active>TRUE</Active></PageList> 
<PageList><ID>38</ID><LabelMstID>ERP_SUPPLIER_MST</LabelMstID><FieldName>JOB_POSITION</FieldName><LabelID>lblJOB_POSITION1s</LabelID><LabelName>Poste de travail</LabelName><LangID>3</LangID><COUNTRYID>8</COUNTRYID><LANGDISP>fr-FR</LANGDISP><Active>TRUE</Active></PageList> 
<PageList><ID>39</ID><LabelMstID>ERP_SUPPLIER_MST</LabelMstID><FieldName>JOB_POSITION</FieldName><LabelID>lblJOB_POSITION2h</LabelID><LabelName>المركز الوظيفي</LabelName><LangID>2</LangID><COUNTRYID>8</COUNTRYID><LANGDISP>ar-KW</LANGDISP><Active>TRUE</Active></PageList> 
<PageList><ID>40</ID><LabelMstID>ERP_SUPPLIER_MST</LabelMstID><FieldName>ADDRESS_ID</FieldName><LabelID>lblADDRESS_ID1s</LabelID><LabelName>Address  </LabelName><LangID>1</LangID><COUNTRYID>8</COUNTRYID><LANGDISP>en-US</LANGDISP><Active>TRUE</Active></PageList> 
<PageList><ID>41</ID><LabelMstID>ERP_SUPPLIER_MST</LabelMstID><FieldName>ADDRESS_ID</FieldName><LabelID>lblADDRESS_ID1s</LabelID><LabelName>Adresse  </LabelName><LangID>3</LangID><COUNTRYID>8</COUNTRYID><LANGDISP>fr-FR</LANGDISP><Active>TRUE</Active></PageList> 
<PageList><ID>42</ID><LabelMstID>ERP_SUPPLIER_MST</LabelMstID><FieldName>ADDRESS_ID</FieldName><LabelID>lblADDRESS_ID2h</LabelID><LabelName>عنوان  </LabelName><LangID>2</LangID><COUNTRYID>8</COUNTRYID><LANGDISP>ar-KW</LANGDISP><Active>TRUE</Active></PageList> 
<PageList><ID>43</ID><LabelMstID>ERP_SUPPLIER_MST</LabelMstID><FieldName>CRUP_ID</FieldName><LabelID>lblCRUP_ID1s</LabelID><LabelName>Crup  name</LabelName><LangID>1</LangID><COUNTRYID>8</COUNTRYID><LANGDISP>en-US</LANGDISP><Active>TRUE</Active></PageList> 
<PageList><ID>44</ID><LabelMstID>ERP_SUPPLIER_MST</LabelMstID><FieldName>CRUP_ID</FieldName><LabelID>lblCRUP_ID1s</LabelID><LabelName>Crup nom</LabelName><LangID>3</LangID><COUNTRYID>8</COUNTRYID><LANGDISP>fr-FR</LANGDISP><Active>TRUE</Active></PageList> 
<PageList><ID>45</ID><LabelMstID>ERP_SUPPLIER_MST</LabelMstID><FieldName>CRUP_ID</FieldName><LabelID>lblCRUP_ID2h</LabelID><LabelName>اسم Crup</LabelName><LangID>2</LangID><COUNTRYID>8</COUNTRYID><LANGDISP>ar-KW</LANGDISP><Active>TRUE</Active></PageList> 
<PageList><ID>46</ID><LabelMstID>ERP_SUPPLIER_MST</LabelMstID><FieldName>NULL</FieldName><LabelID>lblHeader1s</LabelID><LabelName>ERP_SUPPLIER_MST</LabelName><LangID>1</LangID><COUNTRYID>8</COUNTRYID><LANGDISP>en-US</LANGDISP><Active>TRUE</Active></PageList> 
<PageList><ID>47</ID><LabelMstID>ERP_SUPPLIER_MST</LabelMstID><FieldName>NULL</FieldName><LabelID>lblHeader1s</LabelID><LabelName>ERP_SUPPLIER_MST</LabelName><LangID>3</LangID><COUNTRYID>8</COUNTRYID><LANGDISP>fr-FR</LANGDISP><Active>TRUE</Active></PageList> 
<PageList><ID>48</ID><LabelMstID>ERP_SUPPLIER_MST</LabelMstID><FieldName>NULL</FieldName><LabelID>lblHeader2h</LabelID><LabelName>ERP_SUPPLIER_MST</LabelName><LangID>2</LangID><COUNTRYID>8</COUNTRYID><LANGDISP>ar-KW</LANGDISP><Active>TRUE</Active></PageList> 

</TBLLabelDTL>