<?xml version="1.0" standalone="yes"?>
<TBLLabelDTL>
  <PageList>
    <ID>1</ID>
    <LabelMstID>tbl_Task</LabelMstID>
    <FieldName>TanentId</FieldName>
    <LabelID>lblTanentId1s</LabelID>
    <LabelName>Task</LabelName>
    <LangID>1</LangID>
    <COUNTRYID>8</COUNTRYID>
    <LANGDISP>en-US</LANGDISP>
    <Active>TRUE</Active>
  </PageList>
  <PageList>
    <ID>2</ID>
    <LabelMstID>tbl_Task</LabelMstID>
    <FieldName>TanentId</FieldName>
    <LabelID>lblTanentId1s</LabelID>
    <LabelName>Tanentid</LabelName>
    <LangID>3</LangID>
    <COUNTRYID>8</COUNTRYID>
    <LANGDISP>fr-FR</LANGDISP>
    <Active>TRUE</Active>
  </PageList>
  <PageList>
    <ID>3</ID>
    <LabelMstID>tbl_Task</LabelMstID>
    <FieldName>TanentId</FieldName>
    <LabelID>lblTanentId2h</LabelID>
    <LabelName>تانينتيد</LabelName>
    <LangID>2</LangID>
    <COUNTRYID>8</COUNTRYID>
    <LANGDISP>ar-KW</LANGDISP>
    <Active>TRUE</Active>
  </PageList>
  <PageList>
    <ID>4</ID>
    <LabelMstID>tbl_Task</LabelMstID>
    <FieldName>LocationID</FieldName>
    <LabelID>lblLocationID1s</LabelID>
    <LabelName>Task</LabelName>
    <LangID>1</LangID>
    <COUNTRYID>8</COUNTRYID>
    <LANGDISP>en-US</LANGDISP>
    <Active>TRUE</Active>
  </PageList>
  <PageList>
    <ID>5</ID>
    <LabelMstID>tbl_Task</LabelMstID>
    <FieldName>LocationID</FieldName>
    <LabelID>lblLocationID1s</LabelID>
    <LabelName>Nom de l'emplacement</LabelName>
    <LangID>3</LangID>
    <COUNTRYID>8</COUNTRYID>
    <LANGDISP>fr-FR</LANGDISP>
    <Active>TRUE</Active>
  </PageList>
  <PageList>
    <ID>6</ID>
    <LabelMstID>tbl_Task</LabelMstID>
    <FieldName>LocationID</FieldName>
    <LabelID>lblLocationID2h</LabelID>
    <LabelName>اسم الموقع</LabelName>
    <LangID>2</LangID>
    <COUNTRYID>8</COUNTRYID>
    <LANGDISP>ar-KW</LANGDISP>
    <Active>TRUE</Active>
  </PageList>
  <PageList>
    <ID>7</ID>
    <LabelMstID>tbl_Task</LabelMstID>
    <FieldName>TaskID</FieldName>
    <LabelID>lblTaskID1s</LabelID>
    <LabelName>Task</LabelName>
    <LangID>1</LangID>
    <COUNTRYID>8</COUNTRYID>
    <LANGDISP>en-US</LANGDISP>
    <Active>TRUE</Active>
  </PageList>
  <PageList>
    <ID>8</ID>
    <LabelMstID>tbl_Task</LabelMstID>
    <FieldName>TaskID</FieldName>
    <LabelID>lblTaskID1s</LabelID>
    <LabelName>Nom de la tâche</LabelName>
    <LangID>3</LangID>
    <COUNTRYID>8</COUNTRYID>
    <LANGDISP>fr-FR</LANGDISP>
    <Active>TRUE</Active>
  </PageList>
  <PageList>
    <ID>9</ID>
    <LabelMstID>tbl_Task</LabelMstID>
    <FieldName>TaskID</FieldName>
    <LabelID>lblTaskID2h</LabelID>
    <LabelName>اسم المهمة</LabelName>
    <LangID>2</LangID>
    <COUNTRYID>8</COUNTRYID>
    <LANGDISP>ar-KW</LANGDISP>
    <Active>TRUE</Active>
  </PageList>
  <PageList>
    <ID>10</ID>
    <LabelMstID>tbl_Task</LabelMstID>
    <FieldName>CerticateNo</FieldName>
    <LabelID>lblCerticateNo1s</LabelID>
    <LabelName>Task</LabelName>
    <LangID>1</LangID>
    <COUNTRYID>8</COUNTRYID>
    <LANGDISP>en-US</LANGDISP>
    <Active>TRUE</Active>
  </PageList>
  <PageList>
    <ID>11</ID>
    <LabelMstID>tbl_Task</LabelMstID>
    <FieldName>CerticateNo</FieldName>
    <LabelID>lblCerticateNo1s</LabelID>
    <LabelName>Certicateno</LabelName>
    <LangID>3</LangID>
    <COUNTRYID>8</COUNTRYID>
    <LANGDISP>fr-FR</LANGDISP>
    <Active>TRUE</Active>
  </PageList>
  <PageList>
    <ID>12</ID>
    <LabelMstID>tbl_Task</LabelMstID>
    <FieldName>CerticateNo</FieldName>
    <LabelID>lblCerticateNo2h</LabelID>
    <LabelName>سيرتيكاتينو</LabelName>
    <LangID>2</LangID>
    <COUNTRYID>8</COUNTRYID>
    <LANGDISP>ar-KW</LANGDISP>
    <Active>TRUE</Active>
  </PageList>
  <PageList>
    <ID>13</ID>
    <LabelMstID>tbl_Task</LabelMstID>
    <FieldName>ForEmp_ID</FieldName>
    <LabelID>lblForEmp_ID1s</LabelID>
    <LabelName>Task</LabelName>
    <LangID>1</LangID>
    <COUNTRYID>8</COUNTRYID>
    <LANGDISP>en-US</LANGDISP>
    <Active>TRUE</Active>
  </PageList>
  <PageList>
    <ID>14</ID>
    <LabelMstID>tbl_Task</LabelMstID>
    <FieldName>ForEmp_ID</FieldName>
    <LabelID>lblForEmp_ID1s</LabelID>
    <LabelName>Foremp nom</LabelName>
    <LangID>3</LangID>
    <COUNTRYID>8</COUNTRYID>
    <LANGDISP>fr-FR</LANGDISP>
    <Active>TRUE</Active>
  </PageList>
  <PageList>
    <ID>15</ID>
    <LabelMstID>tbl_Task</LabelMstID>
    <FieldName>ForEmp_ID</FieldName>
    <LabelID>lblForEmp_ID2h</LabelID>
    <LabelName>اسم فوريمب</LabelName>
    <LangID>2</LangID>
    <COUNTRYID>8</COUNTRYID>
    <LANGDISP>ar-KW</LANGDISP>
    <Active>TRUE</Active>
  </PageList>
  <PageList>
    <ID>16</ID>
    <LabelMstID>tbl_Task</LabelMstID>
    <FieldName>PerformingEmp_ID</FieldName>
    <LabelID>lblPerformingEmp_ID1s</LabelID>
    <LabelName>Task</LabelName>
    <LangID>1</LangID>
    <COUNTRYID>8</COUNTRYID>
    <LANGDISP>en-US</LANGDISP>
    <Active>TRUE</Active>
  </PageList>
  <PageList>
    <ID>17</ID>
    <LabelMstID>tbl_Task</LabelMstID>
    <FieldName>PerformingEmp_ID</FieldName>
    <LabelID>lblPerformingEmp_ID1s</LabelID>
    <LabelName>Performingemp nom</LabelName>
    <LangID>3</LangID>
    <COUNTRYID>8</COUNTRYID>
    <LANGDISP>fr-FR</LANGDISP>
    <Active>TRUE</Active>
  </PageList>
  <PageList>
    <ID>18</ID>
    <LabelMstID>tbl_Task</LabelMstID>
    <FieldName>PerformingEmp_ID</FieldName>
    <LabelID>lblPerformingEmp_ID2h</LabelID>
    <LabelName>اسم بيرفورمينجيمب</LabelName>
    <LangID>2</LangID>
    <COUNTRYID>8</COUNTRYID>
    <LANGDISP>ar-KW</LANGDISP>
    <Active>TRUE</Active>
  </PageList>
  <PageList>
    <ID>19</ID>
    <LabelMstID>tbl_Task</LabelMstID>
    <FieldName>Subject</FieldName>
    <LabelID>lblSubject1s</LabelID>
    <LabelName>Subject</LabelName>
    <LangID>1</LangID>
    <COUNTRYID>8</COUNTRYID>
    <LANGDISP>en-US</LANGDISP>
    <Active>TRUE</Active>
  </PageList>
  <PageList>
    <ID>20</ID>
    <LabelMstID>tbl_Task</LabelMstID>
    <FieldName>Subject</FieldName>
    <LabelID>lblSubject1s</LabelID>
    <LabelName>Objet</LabelName>
    <LangID>3</LangID>
    <COUNTRYID>8</COUNTRYID>
    <LANGDISP>fr-FR</LANGDISP>
    <Active>TRUE</Active>
  </PageList>
  <PageList>
    <ID>21</ID>
    <LabelMstID>tbl_Task</LabelMstID>
    <FieldName>Subject</FieldName>
    <LabelID>lblSubject2h</LabelID>
    <LabelName>هذا الموضوع</LabelName>
    <LangID>2</LangID>
    <COUNTRYID>8</COUNTRYID>
    <LANGDISP>ar-KW</LANGDISP>
    <Active>TRUE</Active>
  </PageList>
  <PageList>
    <ID>22</ID>
    <LabelMstID>tbl_Task</LabelMstID>
    <FieldName>StartingDate</FieldName>
    <LabelID>lblStartingDate1s</LabelID>
    <LabelName>Startingdate</LabelName>
    <LangID>1</LangID>
    <COUNTRYID>8</COUNTRYID>
    <LANGDISP>en-US</LANGDISP>
    <Active>TRUE</Active>
  </PageList>
  <PageList>
    <ID>23</ID>
    <LabelMstID>tbl_Task</LabelMstID>
    <FieldName>StartingDate</FieldName>
    <LabelID>lblStartingDate1s</LabelID>
    <LabelName>StartingDate</LabelName>
    <LangID>3</LangID>
    <COUNTRYID>8</COUNTRYID>
    <LANGDISP>fr-FR</LANGDISP>
    <Active>TRUE</Active>
  </PageList>
  <PageList>
    <ID>24</ID>
    <LabelMstID>tbl_Task</LabelMstID>
    <FieldName>StartingDate</FieldName>
    <LabelID>lblStartingDate2h</LabelID>
    <LabelName>ستارتينجداتي</LabelName>
    <LangID>2</LangID>
    <COUNTRYID>8</COUNTRYID>
    <LANGDISP>ar-KW</LANGDISP>
    <Active>TRUE</Active>
  </PageList>
  <PageList>
    <ID>25</ID>
    <LabelMstID>tbl_Task</LabelMstID>
    <FieldName>TaskType</FieldName>
    <LabelID>lblTaskType1s</LabelID>
    <LabelName>Task</LabelName>
    <LangID>1</LangID>
    <COUNTRYID>8</COUNTRYID>
    <LANGDISP>en-US</LANGDISP>
    <Active>TRUE</Active>
  </PageList>
  <PageList>
    <ID>26</ID>
    <LabelMstID>tbl_Task</LabelMstID>
    <FieldName>TaskType</FieldName>
    <LabelID>lblTaskType1s</LabelID>
    <LabelName>TaskType</LabelName>
    <LangID>3</LangID>
    <COUNTRYID>8</COUNTRYID>
    <LANGDISP>fr-FR</LANGDISP>
    <Active>TRUE</Active>
  </PageList>
  <PageList>
    <ID>27</ID>
    <LabelMstID>tbl_Task</LabelMstID>
    <FieldName>TaskType</FieldName>
    <LabelID>lblTaskType2h</LabelID>
    <LabelName>تاسكتيبي</LabelName>
    <LangID>2</LangID>
    <COUNTRYID>8</COUNTRYID>
    <LANGDISP>ar-KW</LANGDISP>
    <Active>TRUE</Active>
  </PageList>
  <PageList>
    <ID>28</ID>
    <LabelMstID>tbl_Task</LabelMstID>
    <FieldName>TaskStatus</FieldName>
    <LabelID>lblTaskStatus1s</LabelID>
    <LabelName>Taskstatus</LabelName>
    <LangID>1</LangID>
    <COUNTRYID>8</COUNTRYID>
    <LANGDISP>en-US</LANGDISP>
    <Active>TRUE</Active>
  </PageList>
  <PageList>
    <ID>29</ID>
    <LabelMstID>tbl_Task</LabelMstID>
    <FieldName>TaskStatus</FieldName>
    <LabelID>lblTaskStatus1s</LabelID>
    <LabelName>TaskStatus</LabelName>
    <LangID>3</LangID>
    <COUNTRYID>8</COUNTRYID>
    <LANGDISP>fr-FR</LANGDISP>
    <Active>TRUE</Active>
  </PageList>
  <PageList>
    <ID>30</ID>
    <LabelMstID>tbl_Task</LabelMstID>
    <FieldName>TaskStatus</FieldName>
    <LabelID>lblTaskStatus2h</LabelID>
    <LabelName>تاسكستاتوس</LabelName>
    <LangID>2</LangID>
    <COUNTRYID>8</COUNTRYID>
    <LANGDISP>ar-KW</LANGDISP>
    <Active>TRUE</Active>
  </PageList>
  <PageList>
    <ID>31</ID>
    <LabelMstID>tbl_Task</LabelMstID>
    <FieldName>DueDate</FieldName>
    <LabelID>lblDueDate1s</LabelID>
    <LabelName>Duedate</LabelName>
    <LangID>1</LangID>
    <COUNTRYID>8</COUNTRYID>
    <LANGDISP>en-US</LANGDISP>
    <Active>TRUE</Active>
  </PageList>
  <PageList>
    <ID>32</ID>
    <LabelMstID>tbl_Task</LabelMstID>
    <FieldName>DueDate</FieldName>
    <LabelID>lblDueDate1s</LabelID>
    <LabelName>DueDate</LabelName>
    <LangID>3</LangID>
    <COUNTRYID>8</COUNTRYID>
    <LANGDISP>fr-FR</LANGDISP>
    <Active>TRUE</Active>
  </PageList>
  <PageList>
    <ID>33</ID>
    <LabelMstID>tbl_Task</LabelMstID>
    <FieldName>DueDate</FieldName>
    <LabelID>lblDueDate2h</LabelID>
    <LabelName>دويداتي</LabelName>
    <LangID>2</LangID>
    <COUNTRYID>8</COUNTRYID>
    <LANGDISP>ar-KW</LANGDISP>
    <Active>TRUE</Active>
  </PageList>
  <PageList>
    <ID>34</ID>
    <LabelMstID>tbl_Task</LabelMstID>
    <FieldName>Priority</FieldName>
    <LabelID>lblPriority1s</LabelID>
    <LabelName>Priority</LabelName>
    <LangID>1</LangID>
    <COUNTRYID>8</COUNTRYID>
    <LANGDISP>en-US</LANGDISP>
    <Active>TRUE</Active>
  </PageList>
  <PageList>
    <ID>35</ID>
    <LabelMstID>tbl_Task</LabelMstID>
    <FieldName>Priority</FieldName>
    <LabelID>lblPriority1s</LabelID>
    <LabelName>Priorité</LabelName>
    <LangID>3</LangID>
    <COUNTRYID>8</COUNTRYID>
    <LANGDISP>fr-FR</LANGDISP>
    <Active>TRUE</Active>
  </PageList>
  <PageList>
    <ID>36</ID>
    <LabelMstID>tbl_Task</LabelMstID>
    <FieldName>Priority</FieldName>
    <LabelID>lblPriority2h</LabelID>
    <LabelName>الأولوية</LabelName>
    <LangID>2</LangID>
    <COUNTRYID>8</COUNTRYID>
    <LANGDISP>ar-KW</LANGDISP>
    <Active>TRUE</Active>
  </PageList>
  <PageList>
    <ID>37</ID>
    <LabelMstID>tbl_Task</LabelMstID>
    <FieldName>ActualCompletionDate</FieldName>
    <LabelID>lblActualCompletionDate1s</LabelID>
    <LabelName>Task</LabelName>
    <LangID>1</LangID>
    <COUNTRYID>8</COUNTRYID>
    <LANGDISP>en-US</LANGDISP>
    <Active>TRUE</Active>
  </PageList>
  <PageList>
    <ID>38</ID>
    <LabelMstID>tbl_Task</LabelMstID>
    <FieldName>ActualCompletionDate</FieldName>
    <LabelID>lblActualCompletionDate1s</LabelID>
    <LabelName>Actualcompletiondate</LabelName>
    <LangID>3</LangID>
    <COUNTRYID>8</COUNTRYID>
    <LANGDISP>fr-FR</LANGDISP>
    <Active>TRUE</Active>
  </PageList>
  <PageList>
    <ID>39</ID>
    <LabelMstID>tbl_Task</LabelMstID>
    <FieldName>ActualCompletionDate</FieldName>
    <LabelID>lblActualCompletionDate2h</LabelID>
    <LabelName>أكتوالكومبليتيونداتي</LabelName>
    <LangID>2</LangID>
    <COUNTRYID>8</COUNTRYID>
    <LANGDISP>ar-KW</LANGDISP>
    <Active>TRUE</Active>
  </PageList>
  <PageList>
    <ID>40</ID>
    <LabelMstID>tbl_Task</LabelMstID>
    <FieldName>CompletedPerctange</FieldName>
    <LabelID>lblCompletedPerctange1s</LabelID>
    <LabelName>Completedperctange</LabelName>
    <LangID>1</LangID>
    <COUNTRYID>8</COUNTRYID>
    <LANGDISP>en-US</LANGDISP>
    <Active>TRUE</Active>
  </PageList>
  <PageList>
    <ID>41</ID>
    <LabelMstID>tbl_Task</LabelMstID>
    <FieldName>CompletedPerctange</FieldName>
    <LabelID>lblCompletedPerctange1s</LabelID>
    <LabelName>Completedperctange</LabelName>
    <LangID>3</LangID>
    <COUNTRYID>8</COUNTRYID>
    <LANGDISP>fr-FR</LANGDISP>
    <Active>TRUE</Active>
  </PageList>
  <PageList>
    <ID>42</ID>
    <LabelMstID>tbl_Task</LabelMstID>
    <FieldName>CompletedPerctange</FieldName>
    <LabelID>lblCompletedPerctange2h</LabelID>
    <LabelName>كومبليتيدبيركتانجي</LabelName>
    <LangID>2</LangID>
    <COUNTRYID>8</COUNTRYID>
    <LANGDISP>ar-KW</LANGDISP>
    <Active>TRUE</Active>
  </PageList>
  <PageList>
    <ID>43</ID>
    <LabelMstID>tbl_Task</LabelMstID>
    <FieldName>ReminderDate</FieldName>
    <LabelID>lblReminderDate1s</LabelID>
    <LabelName>Reminder Date</LabelName>
    <LangID>1</LangID>
    <COUNTRYID>8</COUNTRYID>
    <LANGDISP>en-US</LANGDISP>
    <Active>TRUE</Active>
  </PageList>
  <PageList>
    <ID>44</ID>
    <LabelMstID>tbl_Task</LabelMstID>
    <FieldName>ReminderDate</FieldName>
    <LabelID>lblReminderDate1s</LabelID>
    <LabelName>Date du rappel</LabelName>
    <LangID>3</LangID>
    <COUNTRYID>8</COUNTRYID>
    <LANGDISP>fr-FR</LANGDISP>
    <Active>TRUE</Active>
  </PageList>
  <PageList>
    <ID>45</ID>
    <LabelMstID>tbl_Task</LabelMstID>
    <FieldName>ReminderDate</FieldName>
    <LabelID>lblReminderDate2h</LabelID>
    <LabelName>تاريخ التذكير</LabelName>
    <LangID>2</LangID>
    <COUNTRYID>8</COUNTRYID>
    <LANGDISP>ar-KW</LANGDISP>
    <Active>TRUE</Active>
  </PageList>
  <PageList>
    <ID>46</ID>
    <LabelMstID>tbl_Task</LabelMstID>
    <FieldName>ReminderTime</FieldName>
    <LabelID>lblReminderTime1s</LabelID>
    <LabelName>Task</LabelName>
    <LangID>1</LangID>
    <COUNTRYID>8</COUNTRYID>
    <LANGDISP>en-US</LANGDISP>
    <Active>TRUE</Active>
  </PageList>
  <PageList>
    <ID>47</ID>
    <LabelMstID>tbl_Task</LabelMstID>
    <FieldName>ReminderTime</FieldName>
    <LabelID>lblReminderTime1s</LabelID>
    <LabelName>Heure de rappel</LabelName>
    <LangID>3</LangID>
    <COUNTRYID>8</COUNTRYID>
    <LANGDISP>fr-FR</LANGDISP>
    <Active>TRUE</Active>
  </PageList>
  <PageList>
    <ID>48</ID>
    <LabelMstID>tbl_Task</LabelMstID>
    <FieldName>ReminderTime</FieldName>
    <LabelID>lblReminderTime2h</LabelID>
    <LabelName>وقت التذكير</LabelName>
    <LangID>2</LangID>
    <COUNTRYID>8</COUNTRYID>
    <LANGDISP>ar-KW</LANGDISP>
    <Active>TRUE</Active>
  </PageList>
  <PageList>
    <ID>49</ID>
    <LabelMstID>tbl_Task</LabelMstID>
    <FieldName>Categories</FieldName>
    <LabelID>lblCategories1s</LabelID>
    <LabelName>Task</LabelName>
    <LangID>1</LangID>
    <COUNTRYID>8</COUNTRYID>
    <LANGDISP>en-US</LANGDISP>
    <Active>TRUE</Active>
  </PageList>
  <PageList>
    <ID>50</ID>
    <LabelMstID>tbl_Task</LabelMstID>
    <FieldName>Categories</FieldName>
    <LabelID>lblCategories1s</LabelID>
    <LabelName>Catégories</LabelName>
    <LangID>3</LangID>
    <COUNTRYID>8</COUNTRYID>
    <LANGDISP>fr-FR</LANGDISP>
    <Active>TRUE</Active>
  </PageList>
  <PageList>
    <ID>51</ID>
    <LabelMstID>tbl_Task</LabelMstID>
    <FieldName>Categories</FieldName>
    <LabelID>lblCategories2h</LabelID>
    <LabelName>فئات</LabelName>
    <LangID>2</LangID>
    <COUNTRYID>8</COUNTRYID>
    <LANGDISP>ar-KW</LANGDISP>
    <Active>TRUE</Active>
  </PageList>
  <PageList>
    <ID>52</ID>
    <LabelMstID>tbl_Task</LabelMstID>
    <FieldName>FollowUp</FieldName>
    <LabelID>lblFollowUp1s</LabelID>
    <LabelName>Task</LabelName>
    <LangID>1</LangID>
    <COUNTRYID>8</COUNTRYID>
    <LANGDISP>en-US</LANGDISP>
    <Active>TRUE</Active>
  </PageList>
  <PageList>
    <ID>53</ID>
    <LabelMstID>tbl_Task</LabelMstID>
    <FieldName>FollowUp</FieldName>
    <LabelID>lblFollowUp1s</LabelID>
    <LabelName>Suivi</LabelName>
    <LangID>3</LangID>
    <COUNTRYID>8</COUNTRYID>
    <LANGDISP>fr-FR</LANGDISP>
    <Active>TRUE</Active>
  </PageList>
  <PageList>
    <ID>54</ID>
    <LabelMstID>tbl_Task</LabelMstID>
    <FieldName>FollowUp</FieldName>
    <LabelID>lblFollowUp2h</LabelID>
    <LabelName>متابعة</LabelName>
    <LangID>2</LangID>
    <COUNTRYID>8</COUNTRYID>
    <LANGDISP>ar-KW</LANGDISP>
    <Active>TRUE</Active>
  </PageList>
  <PageList>
    <ID>55</ID>
    <LabelMstID>tbl_Task</LabelMstID>
    <FieldName>CustomFollowUpStartDate</FieldName>
    <LabelID>lblCustomFollowUpStartDate1s</LabelID>
    <LabelName>Task</LabelName>
    <LangID>1</LangID>
    <COUNTRYID>8</COUNTRYID>
    <LANGDISP>en-US</LANGDISP>
    <Active>TRUE</Active>
  </PageList>
  <PageList>
    <ID>56</ID>
    <LabelMstID>tbl_Task</LabelMstID>
    <FieldName>CustomFollowUpStartDate</FieldName>
    <LabelID>lblCustomFollowUpStartDate1s</LabelID>
    <LabelName>Customfollowupstartdate</LabelName>
    <LangID>3</LangID>
    <COUNTRYID>8</COUNTRYID>
    <LANGDISP>fr-FR</LANGDISP>
    <Active>TRUE</Active>
  </PageList>
  <PageList>
    <ID>57</ID>
    <LabelMstID>tbl_Task</LabelMstID>
    <FieldName>CustomFollowUpStartDate</FieldName>
    <LabelID>lblCustomFollowUpStartDate2h</LabelID>
    <LabelName>كوستومفولوووبستارتداتي</LabelName>
    <LangID>2</LangID>
    <COUNTRYID>8</COUNTRYID>
    <LANGDISP>ar-KW</LANGDISP>
    <Active>TRUE</Active>
  </PageList>
  <PageList>
    <ID>58</ID>
    <LabelMstID>tbl_Task</LabelMstID>
    <FieldName>CustomFollowUpEndDate</FieldName>
    <LabelID>lblCustomFollowUpEndDate1s</LabelID>
    <LabelName>Task</LabelName>
    <LangID>1</LangID>
    <COUNTRYID>8</COUNTRYID>
    <LANGDISP>en-US</LANGDISP>
    <Active>TRUE</Active>
  </PageList>
  <PageList>
    <ID>59</ID>
    <LabelMstID>tbl_Task</LabelMstID>
    <FieldName>CustomFollowUpEndDate</FieldName>
    <LabelID>lblCustomFollowUpEndDate1s</LabelID>
    <LabelName>Customfollowupenddate</LabelName>
    <LangID>3</LangID>
    <COUNTRYID>8</COUNTRYID>
    <LANGDISP>fr-FR</LANGDISP>
    <Active>TRUE</Active>
  </PageList>
  <PageList>
    <ID>60</ID>
    <LabelMstID>tbl_Task</LabelMstID>
    <FieldName>CustomFollowUpEndDate</FieldName>
    <LabelID>lblCustomFollowUpEndDate2h</LabelID>
    <LabelName>كوستومفولوووبينداتي</LabelName>
    <LangID>2</LangID>
    <COUNTRYID>8</COUNTRYID>
    <LANGDISP>ar-KW</LANGDISP>
    <Active>TRUE</Active>
  </PageList>
  <PageList>
    <ID>61</ID>
    <LabelMstID>tbl_Task</LabelMstID>
    <FieldName>CustomFollowUpReminderDate</FieldName>
    <LabelID>lblCustomFollowUpReminderDate1s</LabelID>
    <LabelName>Task</LabelName>
    <LangID>1</LangID>
    <COUNTRYID>8</COUNTRYID>
    <LANGDISP>en-US</LANGDISP>
    <Active>TRUE</Active>
  </PageList>
  <PageList>
    <ID>62</ID>
    <LabelMstID>tbl_Task</LabelMstID>
    <FieldName>CustomFollowUpReminderDate</FieldName>
    <LabelID>lblCustomFollowUpReminderDate1s</LabelID>
    <LabelName>Customfollowupreminderdate</LabelName>
    <LangID>3</LangID>
    <COUNTRYID>8</COUNTRYID>
    <LANGDISP>fr-FR</LANGDISP>
    <Active>TRUE</Active>
  </PageList>
  <PageList>
    <ID>63</ID>
    <LabelMstID>tbl_Task</LabelMstID>
    <FieldName>CustomFollowUpReminderDate</FieldName>
    <LabelID>lblCustomFollowUpReminderDate2h</LabelID>
    <LabelName>كوستومفولوووبريمينديرداتي</LabelName>
    <LangID>2</LangID>
    <COUNTRYID>8</COUNTRYID>
    <LANGDISP>ar-KW</LANGDISP>
    <Active>TRUE</Active>
  </PageList>
  <PageList>
    <ID>64</ID>
    <LabelMstID>tbl_Task</LabelMstID>
    <FieldName>ForwardToEmp_ID</FieldName>
    <LabelID>lblForwardToEmp_ID1s</LabelID>
    <LabelName>Task</LabelName>
    <LangID>1</LangID>
    <COUNTRYID>8</COUNTRYID>
    <LANGDISP>en-US</LANGDISP>
    <Active>TRUE</Active>
  </PageList>
  <PageList>
    <ID>65</ID>
    <LabelMstID>tbl_Task</LabelMstID>
    <FieldName>ForwardToEmp_ID</FieldName>
    <LabelID>lblForwardToEmp_ID1s</LabelID>
    <LabelName>Forwardtoemp nom</LabelName>
    <LangID>3</LangID>
    <COUNTRYID>8</COUNTRYID>
    <LANGDISP>fr-FR</LANGDISP>
    <Active>TRUE</Active>
  </PageList>
  <PageList>
    <ID>66</ID>
    <LabelMstID>tbl_Task</LabelMstID>
    <FieldName>ForwardToEmp_ID</FieldName>
    <LabelID>lblForwardToEmp_ID2h</LabelID>
    <LabelName>اسم فورواردتومب</LabelName>
    <LangID>2</LangID>
    <COUNTRYID>8</COUNTRYID>
    <LANGDISP>ar-KW</LANGDISP>
    <Active>TRUE</Active>
  </PageList>
  <PageList>
    <ID>67</ID>
    <LabelMstID>tbl_Task</LabelMstID>
    <FieldName>Occurance_ID</FieldName>
    <LabelID>lblOccurance_ID1s</LabelID>
    <LabelName>Task</LabelName>
    <LangID>1</LangID>
    <COUNTRYID>8</COUNTRYID>
    <LANGDISP>en-US</LANGDISP>
    <Active>TRUE</Active>
  </PageList>
  <PageList>
    <ID>68</ID>
    <LabelMstID>tbl_Task</LabelMstID>
    <FieldName>Occurance_ID</FieldName>
    <LabelID>lblOccurance_ID1s</LabelID>
    <LabelName>Nom de l'occurrence</LabelName>
    <LangID>3</LangID>
    <COUNTRYID>8</COUNTRYID>
    <LANGDISP>fr-FR</LANGDISP>
    <Active>TRUE</Active>
  </PageList>
  <PageList>
    <ID>69</ID>
    <LabelMstID>tbl_Task</LabelMstID>
    <FieldName>Occurance_ID</FieldName>
    <LabelID>lblOccurance_ID2h</LabelID>
    <LabelName>اسم التكرار</LabelName>
    <LangID>2</LangID>
    <COUNTRYID>8</COUNTRYID>
    <LANGDISP>ar-KW</LANGDISP>
    <Active>TRUE</Active>
  </PageList>
  <PageList>
    <ID>70</ID>
    <LabelMstID>tbl_Task</LabelMstID>
    <FieldName>Remarks</FieldName>
    <LabelID>lblRemarks1s</LabelID>
    <LabelName>Task</LabelName>
    <LangID>1</LangID>
    <COUNTRYID>8</COUNTRYID>
    <LANGDISP>en-US</LANGDISP>
    <Active>TRUE</Active>
  </PageList>
  <PageList>
    <ID>71</ID>
    <LabelMstID>tbl_Task</LabelMstID>
    <FieldName>Remarks</FieldName>
    <LabelID>lblRemarks1s</LabelID>
    <LabelName>Remarques</LabelName>
    <LangID>3</LangID>
    <COUNTRYID>8</COUNTRYID>
    <LANGDISP>fr-FR</LANGDISP>
    <Active>TRUE</Active>
  </PageList>
  <PageList>
    <ID>72</ID>
    <LabelMstID>tbl_Task</LabelMstID>
    <FieldName>Remarks</FieldName>
    <LabelID>lblRemarks2h</LabelID>
    <LabelName>الملاحظات</LabelName>
    <LangID>2</LangID>
    <COUNTRYID>8</COUNTRYID>
    <LANGDISP>ar-KW</LANGDISP>
    <Active>TRUE</Active>
  </PageList>
  <PageList>
    <ID>73</ID>
    <LabelMstID>tbl_Task</LabelMstID>
    <FieldName>Active</FieldName>
    <LabelID>lblActive1s</LabelID>
    <LabelName>Task</LabelName>
    <LangID>1</LangID>
    <COUNTRYID>8</COUNTRYID>
    <LANGDISP>en-US</LANGDISP>
    <Active>TRUE</Active>
  </PageList>
  <PageList>
    <ID>74</ID>
    <LabelMstID>tbl_Task</LabelMstID>
    <FieldName>Active</FieldName>
    <LabelID>lblActive1s</LabelID>
    <LabelName>Actif</LabelName>
    <LangID>3</LangID>
    <COUNTRYID>8</COUNTRYID>
    <LANGDISP>fr-FR</LANGDISP>
    <Active>TRUE</Active>
  </PageList>
  <PageList>
    <ID>75</ID>
    <LabelMstID>tbl_Task</LabelMstID>
    <FieldName>Active</FieldName>
    <LabelID>lblActive2h</LabelID>
    <LabelName>النشطة</LabelName>
    <LangID>2</LangID>
    <COUNTRYID>8</COUNTRYID>
    <LANGDISP>ar-KW</LANGDISP>
    <Active>TRUE</Active>
  </PageList>
  <PageList>
    <ID>76</ID>
    <LabelMstID>tbl_Task</LabelMstID>
    <FieldName>CruipID</FieldName>
    <LabelID>lblCruipID1s</LabelID>
    <LabelName>Task</LabelName>
    <LangID>1</LangID>
    <COUNTRYID>8</COUNTRYID>
    <LANGDISP>en-US</LANGDISP>
    <Active>TRUE</Active>
  </PageList>
  <PageList>
    <ID>77</ID>
    <LabelMstID>tbl_Task</LabelMstID>
    <FieldName>CruipID</FieldName>
    <LabelID>lblCruipID1s</LabelID>
    <LabelName>Cruip nom</LabelName>
    <LangID>3</LangID>
    <COUNTRYID>8</COUNTRYID>
    <LANGDISP>fr-FR</LANGDISP>
    <Active>TRUE</Active>
  </PageList>
  <PageList>
    <ID>78</ID>
    <LabelMstID>tbl_Task</LabelMstID>
    <FieldName>CruipID</FieldName>
    <LabelID>lblCruipID2h</LabelID>
    <LabelName>اسم كرويب</LabelName>
    <LangID>2</LangID>
    <COUNTRYID>8</COUNTRYID>
    <LANGDISP>ar-KW</LANGDISP>
    <Active>TRUE</Active>
  </PageList>
  <PageList>
    <ID>79</ID>
    <LabelMstID>tbl_Task</LabelMstID>
    <FieldName>NULL</FieldName>
    <LabelID>lblHeader1s</LabelID>
    <LabelName>Task</LabelName>
    <LangID>1</LangID>
    <COUNTRYID>8</COUNTRYID>
    <LANGDISP>en-US</LANGDISP>
    <Active>TRUE</Active>
  </PageList>
  <PageList>
    <ID>80</ID>
    <LabelMstID>tbl_Task</LabelMstID>
    <FieldName>NULL</FieldName>
    <LabelID>lblHeader1s</LabelID>
    <LabelName>Task</LabelName>
    <LangID>3</LangID>
    <COUNTRYID>8</COUNTRYID>
    <LANGDISP>fr-FR</LANGDISP>
    <Active>TRUE</Active>
  </PageList>
  <PageList>
    <ID>81</ID>
    <LabelMstID>tbl_Task</LabelMstID>
    <FieldName>NULL</FieldName>
    <LabelID>lblHeader2h</LabelID>
    <LabelName>المهمة</LabelName>
    <LangID>2</LangID>
    <COUNTRYID>8</COUNTRYID>
    <LANGDISP>ar-KW</LANGDISP>
    <Active>TRUE</Active>
  </PageList>
</TBLLabelDTL>