<?xml version="1.0" standalone="yes"?>
<TBLLabelDTL>
  <PageList>
    <ID>1</ID>
    <LabelMstID>tbl_Event_Master</LabelMstID>
    <FieldName>ID</FieldName>
    <LabelID>lblID1s</LabelID>
    <LabelName>Event_Master</LabelName>
    <LangID>1</LangID>
    <COUNTRYID>8</COUNTRYID>
    <LANGDISP>en-US</LANGDISP>
    <Active>TRUE</Active>
  </PageList>
  <PageList>
    <ID>2</ID>
    <LabelMstID>tbl_Event_Master</LabelMstID>
    <FieldName>ID</FieldName>
    <LabelID>lblID1s</LabelID>
    <LabelName> nom</LabelName>
    <LangID>3</LangID>
    <COUNTRYID>8</COUNTRYID>
    <LANGDISP>fr-FR</LANGDISP>
    <Active>TRUE</Active>
  </PageList>
  <PageList>
    <ID>3</ID>
    <LabelMstID>tbl_Event_Master</LabelMstID>
    <FieldName>ID</FieldName>
    <LabelID>lblID2h</LabelID>
    <LabelName> الاسم</LabelName>
    <LangID>2</LangID>
    <COUNTRYID>8</COUNTRYID>
    <LANGDISP>ar-KW</LANGDISP>
    <Active>TRUE</Active>
  </PageList>
  <PageList>
    <ID>4</ID>
    <LabelMstID>tbl_Event_Master</LabelMstID>
    <FieldName>Title</FieldName>
    <LabelID>lblTitle1s</LabelID>
    <LabelName>Title</LabelName>
    <LangID>1</LangID>
    <COUNTRYID>8</COUNTRYID>
    <LANGDISP>en-US</LANGDISP>
    <Active>TRUE</Active>
  </PageList>
  <PageList>
    <ID>5</ID>
    <LabelMstID>tbl_Event_Master</LabelMstID>
    <FieldName>Title</FieldName>
    <LabelID>lblTitle1s</LabelID>
    <LabelName>Titre</LabelName>
    <LangID>3</LangID>
    <COUNTRYID>8</COUNTRYID>
    <LANGDISP>fr-FR</LANGDISP>
    <Active>TRUE</Active>
  </PageList>
  <PageList>
    <ID>6</ID>
    <LabelMstID>tbl_Event_Master</LabelMstID>
    <FieldName>Title</FieldName>
    <LabelID>lblTitle2h</LabelID>
    <LabelName>العنوان</LabelName>
    <LangID>2</LangID>
    <COUNTRYID>8</COUNTRYID>
    <LANGDISP>ar-KW</LANGDISP>
    <Active>TRUE</Active>
  </PageList>
  <PageList>
    <ID>7</ID>
    <LabelMstID>tbl_Event_Master</LabelMstID>
    <FieldName>Descreption</FieldName>
    <LabelID>lblDescreption1s</LabelID>
    <LabelName>Descreption</LabelName>
    <LangID>1</LangID>
    <COUNTRYID>8</COUNTRYID>
    <LANGDISP>en-US</LANGDISP>
    <Active>TRUE</Active>
  </PageList>
  <PageList>
    <ID>8</ID>
    <LabelMstID>tbl_Event_Master</LabelMstID>
    <FieldName>Descreption</FieldName>
    <LabelID>lblDescreption1s</LabelID>
    <LabelName>Descreption</LabelName>
    <LangID>3</LangID>
    <COUNTRYID>8</COUNTRYID>
    <LANGDISP>fr-FR</LANGDISP>
    <Active>TRUE</Active>
  </PageList>
  <PageList>
    <ID>9</ID>
    <LabelMstID>tbl_Event_Master</LabelMstID>
    <FieldName>Descreption</FieldName>
    <LabelID>lblDescreption2h</LabelID>
    <LabelName>ديسكريبشن</LabelName>
    <LangID>2</LangID>
    <COUNTRYID>8</COUNTRYID>
    <LANGDISP>ar-KW</LANGDISP>
    <Active>TRUE</Active>
  </PageList>
  <PageList>
    <ID>10</ID>
    <LabelMstID>tbl_Event_Master</LabelMstID>
    <FieldName>Size</FieldName>
    <LabelID>lblSize1s</LabelID>
    <LabelName>Size</LabelName>
    <LangID>1</LangID>
    <COUNTRYID>8</COUNTRYID>
    <LANGDISP>en-US</LANGDISP>
    <Active>TRUE</Active>
  </PageList>
  <PageList>
    <ID>11</ID>
    <LabelMstID>tbl_Event_Master</LabelMstID>
    <FieldName>Size</FieldName>
    <LabelID>lblSize1s</LabelID>
    <LabelName>Taille</LabelName>
    <LangID>3</LangID>
    <COUNTRYID>8</COUNTRYID>
    <LANGDISP>fr-FR</LANGDISP>
    <Active>TRUE</Active>
  </PageList>
  <PageList>
    <ID>12</ID>
    <LabelMstID>tbl_Event_Master</LabelMstID>
    <FieldName>Size</FieldName>
    <LabelID>lblSize2h</LabelID>
    <LabelName>الحجم</LabelName>
    <LangID>2</LangID>
    <COUNTRYID>8</COUNTRYID>
    <LANGDISP>ar-KW</LANGDISP>
    <Active>TRUE</Active>
  </PageList>
  <PageList>
    <ID>13</ID>
    <LabelMstID>tbl_Event_Master</LabelMstID>
    <FieldName>KeyWord</FieldName>
    <LabelID>lblKeyWord1s</LabelID>
    <LabelName>Keyword</LabelName>
    <LangID>1</LangID>
    <COUNTRYID>8</COUNTRYID>
    <LANGDISP>en-US</LANGDISP>
    <Active>TRUE</Active>
  </PageList>
  <PageList>
    <ID>14</ID>
    <LabelMstID>tbl_Event_Master</LabelMstID>
    <FieldName>KeyWord</FieldName>
    <LabelID>lblKeyWord1s</LabelID>
    <LabelName>Mot clé</LabelName>
    <LangID>3</LangID>
    <COUNTRYID>8</COUNTRYID>
    <LANGDISP>fr-FR</LANGDISP>
    <Active>TRUE</Active>
  </PageList>
  <PageList>
    <ID>15</ID>
    <LabelMstID>tbl_Event_Master</LabelMstID>
    <FieldName>KeyWord</FieldName>
    <LabelID>lblKeyWord2h</LabelID>
    <LabelName>الكلمات الرئيسية</LabelName>
    <LangID>2</LangID>
    <COUNTRYID>8</COUNTRYID>
    <LANGDISP>ar-KW</LANGDISP>
    <Active>TRUE</Active>
  </PageList>
  <PageList>
    <ID>16</ID>
    <LabelMstID>tbl_Event_Master</LabelMstID>
    <FieldName>Exetation</FieldName>
    <LabelID>lblExetation1s</LabelID>
    <LabelName>Exetation</LabelName>
    <LangID>1</LangID>
    <COUNTRYID>8</COUNTRYID>
    <LANGDISP>en-US</LANGDISP>
    <Active>TRUE</Active>
  </PageList>
  <PageList>
    <ID>17</ID>
    <LabelMstID>tbl_Event_Master</LabelMstID>
    <FieldName>Exetation</FieldName>
    <LabelID>lblExetation1s</LabelID>
    <LabelName>Exetation</LabelName>
    <LangID>3</LangID>
    <COUNTRYID>8</COUNTRYID>
    <LANGDISP>fr-FR</LANGDISP>
    <Active>TRUE</Active>
  </PageList>
  <PageList>
    <ID>18</ID>
    <LabelMstID>tbl_Event_Master</LabelMstID>
    <FieldName>Exetation</FieldName>
    <LabelID>lblExetation2h</LabelID>
    <LabelName>اكسيتيشن</LabelName>
    <LangID>2</LangID>
    <COUNTRYID>8</COUNTRYID>
    <LANGDISP>ar-KW</LANGDISP>
    <Active>TRUE</Active>
  </PageList>
  <PageList>
    <ID>19</ID>
    <LabelMstID>tbl_Event_Master</LabelMstID>
    <FieldName>Rate</FieldName>
    <LabelID>lblRate1s</LabelID>
    <LabelName>Rate</LabelName>
    <LangID>1</LangID>
    <COUNTRYID>8</COUNTRYID>
    <LANGDISP>en-US</LANGDISP>
    <Active>TRUE</Active>
  </PageList>
  <PageList>
    <ID>20</ID>
    <LabelMstID>tbl_Event_Master</LabelMstID>
    <FieldName>Rate</FieldName>
    <LabelID>lblRate1s</LabelID>
    <LabelName>Taux</LabelName>
    <LangID>3</LangID>
    <COUNTRYID>8</COUNTRYID>
    <LANGDISP>fr-FR</LANGDISP>
    <Active>TRUE</Active>
  </PageList>
  <PageList>
    <ID>21</ID>
    <LabelMstID>tbl_Event_Master</LabelMstID>
    <FieldName>Rate</FieldName>
    <LabelID>lblRate2h</LabelID>
    <LabelName>معدل</LabelName>
    <LangID>2</LangID>
    <COUNTRYID>8</COUNTRYID>
    <LANGDISP>ar-KW</LANGDISP>
    <Active>TRUE</Active>
  </PageList>
  <PageList>
    <ID>22</ID>
    <LabelMstID>tbl_Event_Master</LabelMstID>
    <FieldName>Visit</FieldName>
    <LabelID>lblVisit1s</LabelID>
    <LabelName>Visit</LabelName>
    <LangID>1</LangID>
    <COUNTRYID>8</COUNTRYID>
    <LANGDISP>en-US</LANGDISP>
    <Active>TRUE</Active>
  </PageList>
  <PageList>
    <ID>23</ID>
    <LabelMstID>tbl_Event_Master</LabelMstID>
    <FieldName>Visit</FieldName>
    <LabelID>lblVisit1s</LabelID>
    <LabelName>Visite</LabelName>
    <LangID>3</LangID>
    <COUNTRYID>8</COUNTRYID>
    <LANGDISP>fr-FR</LANGDISP>
    <Active>TRUE</Active>
  </PageList>
  <PageList>
    <ID>24</ID>
    <LabelMstID>tbl_Event_Master</LabelMstID>
    <FieldName>Visit</FieldName>
    <LabelID>lblVisit2h</LabelID>
    <LabelName>قم بزيارة</LabelName>
    <LangID>2</LangID>
    <COUNTRYID>8</COUNTRYID>
    <LANGDISP>ar-KW</LANGDISP>
    <Active>TRUE</Active>
  </PageList>
  <PageList>
    <ID>25</ID>
    <LabelMstID>tbl_Event_Master</LabelMstID>
    <FieldName>CounterDounload</FieldName>
    <LabelID>lblCounterDounload1s</LabelID>
    <LabelName>Counter DownLoad</LabelName>
    <LangID>1</LangID>
    <COUNTRYID>8</COUNTRYID>
    <LANGDISP>en-US</LANGDISP>
    <Active>TRUE</Active>
  </PageList>
  <PageList>
    <ID>26</ID>
    <LabelMstID>tbl_Event_Master</LabelMstID>
    <FieldName>CounterDounload</FieldName>
    <LabelID>lblCounterDounload1s</LabelID>
    <LabelName>Compteur de téléchargement</LabelName>
    <LangID>3</LangID>
    <COUNTRYID>8</COUNTRYID>
    <LANGDISP>fr-FR</LANGDISP>
    <Active>TRUE</Active>
  </PageList>
  <PageList>
    <ID>27</ID>
    <LabelMstID>tbl_Event_Master</LabelMstID>
    <FieldName>CounterDounload</FieldName>
    <LabelID>lblCounterDounload2h</LabelID>
    <LabelName>تحميل العداد</LabelName>
    <LangID>2</LangID>
    <COUNTRYID>8</COUNTRYID>
    <LANGDISP>ar-KW</LANGDISP>
    <Active>TRUE</Active>
  </PageList>
  <PageList>
    <ID>28</ID>
    <LabelMstID>tbl_Event_Master</LabelMstID>
    <FieldName>CategoryID</FieldName>
    <LabelID>lblCategoryID1s</LabelID>
    <LabelName>Category Name</LabelName>
    <LangID>1</LangID>
    <COUNTRYID>8</COUNTRYID>
    <LANGDISP>en-US</LANGDISP>
    <Active>TRUE</Active>
  </PageList>
  <PageList>
    <ID>29</ID>
    <LabelMstID>tbl_Event_Master</LabelMstID>
    <FieldName>CategoryID</FieldName>
    <LabelID>lblCategoryID1s</LabelID>
    <LabelName>Nom de la catégorie</LabelName>
    <LangID>3</LangID>
    <COUNTRYID>8</COUNTRYID>
    <LANGDISP>fr-FR</LANGDISP>
    <Active>TRUE</Active>
  </PageList>
  <PageList>
    <ID>30</ID>
    <LabelMstID>tbl_Event_Master</LabelMstID>
    <FieldName>CategoryID</FieldName>
    <LabelID>lblCategoryID2h</LabelID>
    <LabelName>اسم الفئة</LabelName>
    <LangID>2</LangID>
    <COUNTRYID>8</COUNTRYID>
    <LANGDISP>ar-KW</LANGDISP>
    <Active>TRUE</Active>
  </PageList>
  <PageList>
    <ID>31</ID>
    <LabelMstID>tbl_Event_Master</LabelMstID>
    <FieldName>Avtar</FieldName>
    <LabelID>lblAvtar1s</LabelID>
    <LabelName>Avtar</LabelName>
    <LangID>1</LangID>
    <COUNTRYID>8</COUNTRYID>
    <LANGDISP>en-US</LANGDISP>
    <Active>TRUE</Active>
  </PageList>
  <PageList>
    <ID>32</ID>
    <LabelMstID>tbl_Event_Master</LabelMstID>
    <FieldName>Avtar</FieldName>
    <LabelID>lblAvtar1s</LabelID>
    <LabelName>Avtar</LabelName>
    <LangID>3</LangID>
    <COUNTRYID>8</COUNTRYID>
    <LANGDISP>fr-FR</LANGDISP>
    <Active>TRUE</Active>
  </PageList>
  <PageList>
    <ID>33</ID>
    <LabelMstID>tbl_Event_Master</LabelMstID>
    <FieldName>Avtar</FieldName>
    <LabelID>lblAvtar2h</LabelID>
    <LabelName>افتار</LabelName>
    <LangID>2</LangID>
    <COUNTRYID>8</COUNTRYID>
    <LANGDISP>ar-KW</LANGDISP>
    <Active>TRUE</Active>
  </PageList>
  <PageList>
    <ID>34</ID>
    <LabelMstID>tbl_Event_Master</LabelMstID>
    <FieldName>FileUpload</FieldName>
    <LabelID>lblFileUpload1s</LabelID>
    <LabelName>File Upload</LabelName>
    <LangID>1</LangID>
    <COUNTRYID>8</COUNTRYID>
    <LANGDISP>en-US</LANGDISP>
    <Active>TRUE</Active>
  </PageList>
  <PageList>
    <ID>35</ID>
    <LabelMstID>tbl_Event_Master</LabelMstID>
    <FieldName>FileUpload</FieldName>
    <LabelID>lblFileUpload1s</LabelID>
    <LabelName>Upload d’un fichier</LabelName>
    <LangID>3</LangID>
    <COUNTRYID>8</COUNTRYID>
    <LANGDISP>fr-FR</LANGDISP>
    <Active>TRUE</Active>
  </PageList>
  <PageList>
    <ID>36</ID>
    <LabelMstID>tbl_Event_Master</LabelMstID>
    <FieldName>FileUpload</FieldName>
    <LabelID>lblFileUpload2h</LabelID>
    <LabelName>تحميل الملف</LabelName>
    <LangID>2</LangID>
    <COUNTRYID>8</COUNTRYID>
    <LANGDISP>ar-KW</LANGDISP>
    <Active>TRUE</Active>
  </PageList>
  <PageList>
    <ID>37</ID>
    <LabelMstID>tbl_Event_Master</LabelMstID>
    <FieldName>Deleted</FieldName>
    <LabelID>lblDeleted1s</LabelID>
    <LabelName>Event_Master</LabelName>
    <LangID>1</LangID>
    <COUNTRYID>8</COUNTRYID>
    <LANGDISP>en-US</LANGDISP>
    <Active>TRUE</Active>
  </PageList>
  <PageList>
    <ID>38</ID>
    <LabelMstID>tbl_Event_Master</LabelMstID>
    <FieldName>Deleted</FieldName>
    <LabelID>lblDeleted1s</LabelID>
    <LabelName>Supprimé</LabelName>
    <LangID>3</LangID>
    <COUNTRYID>8</COUNTRYID>
    <LANGDISP>fr-FR</LANGDISP>
    <Active>TRUE</Active>
  </PageList>
  <PageList>
    <ID>39</ID>
    <LabelMstID>tbl_Event_Master</LabelMstID>
    <FieldName>Deleted</FieldName>
    <LabelID>lblDeleted2h</LabelID>
    <LabelName>حذف</LabelName>
    <LangID>2</LangID>
    <COUNTRYID>8</COUNTRYID>
    <LANGDISP>ar-KW</LANGDISP>
    <Active>TRUE</Active>
  </PageList>
  <PageList>
    <ID>40</ID>
    <LabelMstID>tbl_Event_Master</LabelMstID>
    <FieldName>Activated</FieldName>
    <LabelID>lblActivated1s</LabelID>
    <LabelName>Event_Master</LabelName>
    <LangID>1</LangID>
    <COUNTRYID>8</COUNTRYID>
    <LANGDISP>en-US</LANGDISP>
    <Active>TRUE</Active>
  </PageList>
  <PageList>
    <ID>41</ID>
    <LabelMstID>tbl_Event_Master</LabelMstID>
    <FieldName>Activated</FieldName>
    <LabelID>lblActivated1s</LabelID>
    <LabelName>Activé</LabelName>
    <LangID>3</LangID>
    <COUNTRYID>8</COUNTRYID>
    <LANGDISP>fr-FR</LANGDISP>
    <Active>TRUE</Active>
  </PageList>
  <PageList>
    <ID>42</ID>
    <LabelMstID>tbl_Event_Master</LabelMstID>
    <FieldName>Activated</FieldName>
    <LabelID>lblActivated2h</LabelID>
    <LabelName>تنشيط</LabelName>
    <LangID>2</LangID>
    <COUNTRYID>8</COUNTRYID>
    <LANGDISP>ar-KW</LANGDISP>
    <Active>TRUE</Active>
  </PageList>
  <PageList>
    <ID>43</ID>
    <LabelMstID>tbl_Event_Master</LabelMstID>
    <FieldName>CreatedBy</FieldName>
    <LabelID>lblCreatedBy1s</LabelID>
    <LabelName>Event_Master</LabelName>
    <LangID>1</LangID>
    <COUNTRYID>8</COUNTRYID>
    <LANGDISP>en-US</LANGDISP>
    <Active>TRUE</Active>
  </PageList>
  <PageList>
    <ID>44</ID>
    <LabelMstID>tbl_Event_Master</LabelMstID>
    <FieldName>CreatedBy</FieldName>
    <LabelID>lblCreatedBy1s</LabelID>
    <LabelName>CreatedBy</LabelName>
    <LangID>3</LangID>
    <COUNTRYID>8</COUNTRYID>
    <LANGDISP>fr-FR</LANGDISP>
    <Active>TRUE</Active>
  </PageList>
  <PageList>
    <ID>45</ID>
    <LabelMstID>tbl_Event_Master</LabelMstID>
    <FieldName>CreatedBy</FieldName>
    <LabelID>lblCreatedBy2h</LabelID>
    <LabelName>Createdby</LabelName>
    <LangID>2</LangID>
    <COUNTRYID>8</COUNTRYID>
    <LANGDISP>ar-KW</LANGDISP>
    <Active>TRUE</Active>
  </PageList>
  <PageList>
    <ID>46</ID>
    <LabelMstID>tbl_Event_Master</LabelMstID>
    <FieldName>CreatedDate</FieldName>
    <LabelID>lblCreatedDate1s</LabelID>
    <LabelName>Event_Master</LabelName>
    <LangID>1</LangID>
    <COUNTRYID>8</COUNTRYID>
    <LANGDISP>en-US</LANGDISP>
    <Active>TRUE</Active>
  </PageList>
  <PageList>
    <ID>47</ID>
    <LabelMstID>tbl_Event_Master</LabelMstID>
    <FieldName>CreatedDate</FieldName>
    <LabelID>lblCreatedDate1s</LabelID>
    <LabelName>CreatedDate</LabelName>
    <LangID>3</LangID>
    <COUNTRYID>8</COUNTRYID>
    <LANGDISP>fr-FR</LANGDISP>
    <Active>TRUE</Active>
  </PageList>
  <PageList>
    <ID>48</ID>
    <LabelMstID>tbl_Event_Master</LabelMstID>
    <FieldName>CreatedDate</FieldName>
    <LabelID>lblCreatedDate2h</LabelID>
    <LabelName>كريتيداتي</LabelName>
    <LangID>2</LangID>
    <COUNTRYID>8</COUNTRYID>
    <LANGDISP>ar-KW</LANGDISP>
    <Active>TRUE</Active>
  </PageList>
  <PageList>
    <ID>49</ID>
    <LabelMstID>tbl_Event_Master</LabelMstID>
    <FieldName>urlpath</FieldName>
    <LabelID>lblurlpath1s</LabelID>
    <LabelName>Event_Master</LabelName>
    <LangID>1</LangID>
    <COUNTRYID>8</COUNTRYID>
    <LANGDISP>en-US</LANGDISP>
    <Active>TRUE</Active>
  </PageList>
  <PageList>
    <ID>50</ID>
    <LabelMstID>tbl_Event_Master</LabelMstID>
    <FieldName>urlpath</FieldName>
    <LabelID>lblurlpath1s</LabelID>
    <LabelName>URLPath</LabelName>
    <LangID>3</LangID>
    <COUNTRYID>8</COUNTRYID>
    <LANGDISP>fr-FR</LANGDISP>
    <Active>TRUE</Active>
  </PageList>
  <PageList>
    <ID>51</ID>
    <LabelMstID>tbl_Event_Master</LabelMstID>
    <FieldName>urlpath</FieldName>
    <LabelID>lblurlpath2h</LabelID>
    <LabelName>Urlpath</LabelName>
    <LangID>2</LangID>
    <COUNTRYID>8</COUNTRYID>
    <LANGDISP>ar-KW</LANGDISP>
    <Active>TRUE</Active>
  </PageList>
  <PageList>
    <ID>52</ID>
    <LabelMstID>tbl_Event_Master</LabelMstID>
    <FieldName>NULL</FieldName>
    <LabelID>lblHeader1s</LabelID>
    <LabelName>Event_Master</LabelName>
    <LangID>1</LangID>
    <COUNTRYID>8</COUNTRYID>
    <LANGDISP>en-US</LANGDISP>
    <Active>TRUE</Active>
  </PageList>
  <PageList>
    <ID>53</ID>
    <LabelMstID>tbl_Event_Master</LabelMstID>
    <FieldName>NULL</FieldName>
    <LabelID>lblHeader1s</LabelID>
    <LabelName>Event_Master</LabelName>
    <LangID>3</LangID>
    <COUNTRYID>8</COUNTRYID>
    <LANGDISP>fr-FR</LANGDISP>
    <Active>TRUE</Active>
  </PageList>
  <PageList>
    <ID>54</ID>
    <LabelMstID>tbl_Event_Master</LabelMstID>
    <FieldName>NULL</FieldName>
    <LabelID>lblHeader2h</LabelID>
    <LabelName>Event_Master</LabelName>
    <LangID>2</LangID>
    <COUNTRYID>8</COUNTRYID>
    <LANGDISP>ar-KW</LANGDISP>
    <Active>TRUE</Active>
  </PageList>
</TBLLabelDTL>