<?xml version="1.0" standalone="yes"?>
<TBLLabelDTL>
<PageList><ID>1</ID><LabelMstID>TBLLabelDTL</LabelMstID><FieldName>ID</FieldName><LabelID>lblID1s</LabelID><LabelName> name</LabelName><LangID>1</LangID><COUNTRYID>8</COUNTRYID><LANGDISP>en-US</LANGDISP><Active>TRUE</Active></PageList> 
<PageList><ID>1</ID><LabelMstID>TBLLabelDTL</LabelMstID><FieldName>ID</FieldName><LabelID>lblID1s</LabelID><LabelName> nom</LabelName><LangID>3</LangID><COUNTRYID>8</COUNTRYID><LANGDISP>fr-FR</LANGDISP><Active>TRUE</Active></PageList> 
<PageList><ID>1</ID><LabelMstID>TBLLabelDTL</LabelMstID><FieldName>ID</FieldName><LabelID>lblID2h</LabelID><LabelName> الاسم</LabelName><LangID>2</LangID><COUNTRYID>8</COUNTRYID><LANGDISP>ar-KW</LANGDISP><Active>TRUE</Active></PageList> 
<PageList><ID>2</ID><LabelMstID>TBLLabelDTL</LabelMstID><FieldName>LabelMstID</FieldName><LabelID>lblLabelMstID1s</LabelID><LabelName>Labelmst name</LabelName><LangID>1</LangID><COUNTRYID>8</COUNTRYID><LANGDISP>en-US</LANGDISP><Active>TRUE</Active></PageList> 
<PageList><ID>2</ID><LabelMstID>TBLLabelDTL</LabelMstID><FieldName>LabelMstID</FieldName><LabelID>lblLabelMstID1s</LabelID><LabelName>Labelmst nom</LabelName><LangID>3</LangID><COUNTRYID>8</COUNTRYID><LANGDISP>fr-FR</LANGDISP><Active>TRUE</Active></PageList> 
<PageList><ID>2</ID><LabelMstID>TBLLabelDTL</LabelMstID><FieldName>LabelMstID</FieldName><LabelID>lblLabelMstID2h</LabelID><LabelName>اسم لابيلمست</LabelName><LangID>2</LangID><COUNTRYID>8</COUNTRYID><LANGDISP>ar-KW</LANGDISP><Active>TRUE</Active></PageList> 
<PageList><ID>3</ID><LabelMstID>TBLLabelDTL</LabelMstID><FieldName>FieldName</FieldName><LabelID>lblFieldName1s</LabelID><LabelName>Fieldname</LabelName><LangID>1</LangID><COUNTRYID>8</COUNTRYID><LANGDISP>en-US</LANGDISP><Active>TRUE</Active></PageList> 
<PageList><ID>3</ID><LabelMstID>TBLLabelDTL</LabelMstID><FieldName>FieldName</FieldName><LabelID>lblFieldName1s</LabelID><LabelName>FieldName</LabelName><LangID>3</LangID><COUNTRYID>8</COUNTRYID><LANGDISP>fr-FR</LANGDISP><Active>TRUE</Active></PageList> 
<PageList><ID>3</ID><LabelMstID>TBLLabelDTL</LabelMstID><FieldName>FieldName</FieldName><LabelID>lblFieldName2h</LabelID><LabelName>اسم الحقل</LabelName><LangID>2</LangID><COUNTRYID>8</COUNTRYID><LANGDISP>ar-KW</LANGDISP><Active>TRUE</Active></PageList> 
<PageList><ID>4</ID><LabelMstID>TBLLabelDTL</LabelMstID><FieldName>LabelID</FieldName><LabelID>lblLabelID1s</LabelID><LabelName>Label name</LabelName><LangID>1</LangID><COUNTRYID>8</COUNTRYID><LANGDISP>en-US</LANGDISP><Active>TRUE</Active></PageList> 
<PageList><ID>4</ID><LabelMstID>TBLLabelDTL</LabelMstID><FieldName>LabelID</FieldName><LabelID>lblLabelID1s</LabelID><LabelName>Nom de l'étiquette</LabelName><LangID>3</LangID><COUNTRYID>8</COUNTRYID><LANGDISP>fr-FR</LANGDISP><Active>TRUE</Active></PageList> 
<PageList><ID>4</ID><LabelMstID>TBLLabelDTL</LabelMstID><FieldName>LabelID</FieldName><LabelID>lblLabelID2h</LabelID><LabelName>اسم بطاقة العنونة</LabelName><LangID>2</LangID><COUNTRYID>8</COUNTRYID><LANGDISP>ar-KW</LANGDISP><Active>TRUE</Active></PageList> 
<PageList><ID>5</ID><LabelMstID>TBLLabelDTL</LabelMstID><FieldName>LabelName</FieldName><LabelID>lblLabelName1s</LabelID><LabelName>Labelname</LabelName><LangID>1</LangID><COUNTRYID>8</COUNTRYID><LANGDISP>en-US</LANGDISP><Active>TRUE</Active></PageList> 
<PageList><ID>5</ID><LabelMstID>TBLLabelDTL</LabelMstID><FieldName>LabelName</FieldName><LabelID>lblLabelName1s</LabelID><LabelName>LabelName</LabelName><LangID>3</LangID><COUNTRYID>8</COUNTRYID><LANGDISP>fr-FR</LANGDISP><Active>TRUE</Active></PageList> 
<PageList><ID>5</ID><LabelMstID>TBLLabelDTL</LabelMstID><FieldName>LabelName</FieldName><LabelID>lblLabelName2h</LabelID><LabelName>لابيلنامي</LabelName><LangID>2</LangID><COUNTRYID>8</COUNTRYID><LANGDISP>ar-KW</LANGDISP><Active>TRUE</Active></PageList> 
<PageList><ID>6</ID><LabelMstID>TBLLabelDTL</LabelMstID><FieldName>LangID</FieldName><LabelID>lblLangID1s</LabelID><LabelName>Lang name</LabelName><LangID>1</LangID><COUNTRYID>8</COUNTRYID><LANGDISP>en-US</LANGDISP><Active>TRUE</Active></PageList> 
<PageList><ID>6</ID><LabelMstID>TBLLabelDTL</LabelMstID><FieldName>LangID</FieldName><LabelID>lblLangID1s</LabelID><LabelName>Nom de lang</LabelName><LangID>3</LangID><COUNTRYID>8</COUNTRYID><LANGDISP>fr-FR</LANGDISP><Active>TRUE</Active></PageList> 
<PageList><ID>6</ID><LabelMstID>TBLLabelDTL</LabelMstID><FieldName>LangID</FieldName><LabelID>lblLangID2h</LabelID><LabelName>اسم لانج</LabelName><LangID>2</LangID><COUNTRYID>8</COUNTRYID><LANGDISP>ar-KW</LANGDISP><Active>TRUE</Active></PageList> 
<PageList><ID>7</ID><LabelMstID>TBLLabelDTL</LabelMstID><FieldName>COUNTRYID</FieldName><LabelID>lblCOUNTRYID1s</LabelID><LabelName>Country name</LabelName><LangID>1</LangID><COUNTRYID>8</COUNTRYID><LANGDISP>en-US</LANGDISP><Active>TRUE</Active></PageList> 
<PageList><ID>7</ID><LabelMstID>TBLLabelDTL</LabelMstID><FieldName>COUNTRYID</FieldName><LabelID>lblCOUNTRYID1s</LabelID><LabelName>Nom du pays</LabelName><LangID>3</LangID><COUNTRYID>8</COUNTRYID><LANGDISP>fr-FR</LANGDISP><Active>TRUE</Active></PageList> 
<PageList><ID>7</ID><LabelMstID>TBLLabelDTL</LabelMstID><FieldName>COUNTRYID</FieldName><LabelID>lblCOUNTRYID2h</LabelID><LabelName>اسم البلد</LabelName><LangID>2</LangID><COUNTRYID>8</COUNTRYID><LANGDISP>ar-KW</LANGDISP><Active>TRUE</Active></PageList> 
<PageList><ID>8</ID><LabelMstID>TBLLabelDTL</LabelMstID><FieldName>LANGDISP</FieldName><LabelID>lblLANGDISP1s</LabelID><LabelName>Langdisp</LabelName><LangID>1</LangID><COUNTRYID>8</COUNTRYID><LANGDISP>en-US</LANGDISP><Active>TRUE</Active></PageList> 
<PageList><ID>8</ID><LabelMstID>TBLLabelDTL</LabelMstID><FieldName>LANGDISP</FieldName><LabelID>lblLANGDISP1s</LabelID><LabelName>Langdisp</LabelName><LangID>3</LangID><COUNTRYID>8</COUNTRYID><LANGDISP>fr-FR</LANGDISP><Active>TRUE</Active></PageList> 
<PageList><ID>8</ID><LabelMstID>TBLLabelDTL</LabelMstID><FieldName>LANGDISP</FieldName><LabelID>lblLANGDISP2h</LabelID><LabelName>لانجديسب</LabelName><LangID>2</LangID><COUNTRYID>8</COUNTRYID><LANGDISP>ar-KW</LANGDISP><Active>TRUE</Active></PageList> 
<PageList><ID>9</ID><LabelMstID>TBLLabelDTL</LabelMstID><FieldName>Active</FieldName><LabelID>lblActive1s</LabelID><LabelName>Active</LabelName><LangID>1</LangID><COUNTRYID>8</COUNTRYID><LANGDISP>en-US</LANGDISP><Active>TRUE</Active></PageList> 
<PageList><ID>9</ID><LabelMstID>TBLLabelDTL</LabelMstID><FieldName>Active</FieldName><LabelID>lblActive1s</LabelID><LabelName>Actif</LabelName><LangID>3</LangID><COUNTRYID>8</COUNTRYID><LANGDISP>fr-FR</LANGDISP><Active>TRUE</Active></PageList> 
<PageList><ID>9</ID><LabelMstID>TBLLabelDTL</LabelMstID><FieldName>Active</FieldName><LabelID>lblActive2h</LabelID><LabelName>النشطة</LabelName><LangID>2</LangID><COUNTRYID>8</COUNTRYID><LANGDISP>ar-KW</LANGDISP><Active>TRUE</Active></PageList> 

</TBLLabelDTL>