<?xml version="1.0" standalone="yes"?>
<TBLLabelDTL>
  <PageList>
    <ID>1</ID>
    <LabelMstID>DeptITSuper</LabelMstID>
    <FieldName>TenentID</FieldName>
    <LabelID>lblTenentID1s</LabelID>
    <LabelName>Department</LabelName>
    <LangID>1</LangID>
    <COUNTRYID>8</COUNTRYID>
    <LANGDISP>en-US</LANGDISP>
    <Active>TRUE</Active>
  </PageList>
  <PageList>
    <ID>2</ID>
    <LabelMstID>DeptITSuper</LabelMstID>
    <FieldName>TenentID</FieldName>
    <LabelID>lblTenentID1s</LabelID>
    <LabelName>Tenent nom</LabelName>
    <LangID>3</LangID>
    <COUNTRYID>8</COUNTRYID>
    <LANGDISP>fr-FR</LANGDISP>
    <Active>TRUE</Active>
  </PageList>
  <PageList>
    <ID>3</ID>
    <LabelMstID>DeptITSuper</LabelMstID>
    <FieldName>TenentID</FieldName>
    <LabelID>lblTenentID2h</LabelID>
    <LabelName>اسم تينيت</LabelName>
    <LangID>2</LangID>
    <COUNTRYID>8</COUNTRYID>
    <LANGDISP>ar-KW</LANGDISP>
    <Active>TRUE</Active>
  </PageList>
  <PageList>
    <ID>4</ID>
    <LabelMstID>DeptITSuper</LabelMstID>
    <FieldName>DeptID</FieldName>
    <LabelID>lblDeptID1s</LabelID>
    <LabelName>Department</LabelName>
    <LangID>1</LangID>
    <COUNTRYID>8</COUNTRYID>
    <LANGDISP>en-US</LANGDISP>
    <Active>TRUE</Active>
  </PageList>
  <PageList>
    <ID>5</ID>
    <LabelMstID>DeptITSuper</LabelMstID>
    <FieldName>DeptID</FieldName>
    <LabelID>lblDeptID1s</LabelID>
    <LabelName>ID</LabelName>
    <LangID>3</LangID>
    <COUNTRYID>8</COUNTRYID>
    <LANGDISP>fr-FR</LANGDISP>
    <Active>TRUE</Active>
  </PageList>
  <PageList>
    <ID>6</ID>
    <LabelMstID>DeptITSuper</LabelMstID>
    <FieldName>DeptID</FieldName>
    <LabelID>lblDeptID2h</LabelID>
    <LabelName>معرف</LabelName>
    <LangID>2</LangID>
    <COUNTRYID>8</COUNTRYID>
    <LANGDISP>ar-KW</LANGDISP>
    <Active>TRUE</Active>
  </PageList>
  <PageList>
    <ID>7</ID>
    <LabelMstID>DeptITSuper</LabelMstID>
    <FieldName>DeptName</FieldName>
    <LabelID>lblDeptName1s</LabelID>
    <LabelName>Department Name</LabelName>
    <LangID>1</LangID>
    <COUNTRYID>8</COUNTRYID>
    <LANGDISP>en-US</LANGDISP>
    <Active>TRUE</Active>
  </PageList>
  <PageList>
    <ID>8</ID>
    <LabelMstID>DeptITSuper</LabelMstID>
    <FieldName>DeptName</FieldName>
    <LabelID>lblDeptName1s</LabelID>
    <LabelName>Nom du ministère</LabelName>
    <LangID>3</LangID>
    <COUNTRYID>8</COUNTRYID>
    <LANGDISP>fr-FR</LANGDISP>
    <Active>TRUE</Active>
  </PageList>
  <PageList>
    <ID>9</ID>
    <LabelMstID>DeptITSuper</LabelMstID>
    <FieldName>DeptName</FieldName>
    <LabelID>lblDeptName2h</LabelID>
    <LabelName>اسم الإدارة</LabelName>
    <LangID>2</LangID>
    <COUNTRYID>8</COUNTRYID>
    <LANGDISP>ar-KW</LANGDISP>
    <Active>TRUE</Active>
  </PageList>
  <PageList>
    <ID>10</ID>
    <LabelMstID>DeptITSuper</LabelMstID>
    <FieldName>SuperVisorID</FieldName>
    <LabelID>lblSuperVisorID1s</LabelID>
    <LabelName>Supervisor Name</LabelName>
    <LangID>1</LangID>
    <COUNTRYID>8</COUNTRYID>
    <LANGDISP>en-US</LANGDISP>
    <Active>TRUE</Active>
  </PageList>
  <PageList>
    <ID>11</ID>
    <LabelMstID>DeptITSuper</LabelMstID>
    <FieldName>SuperVisorID</FieldName>
    <LabelID>lblSuperVisorID1s</LabelID>
    <LabelName>Nom du superviseur</LabelName>
    <LangID>3</LangID>
    <COUNTRYID>8</COUNTRYID>
    <LANGDISP>fr-FR</LANGDISP>
    <Active>TRUE</Active>
  </PageList>
  <PageList>
    <ID>12</ID>
    <LabelMstID>DeptITSuper</LabelMstID>
    <FieldName>SuperVisorID</FieldName>
    <LabelID>lblSuperVisorID2h</LabelID>
    <LabelName>اسم المشرف</LabelName>
    <LangID>2</LangID>
    <COUNTRYID>8</COUNTRYID>
    <LANGDISP>ar-KW</LANGDISP>
    <Active>TRUE</Active>
  </PageList>
  <PageList>
    <ID>13</ID>
    <LabelMstID>DeptITSuper</LabelMstID>
    <FieldName>SuperVisorName</FieldName>
    <LabelID>lblSuperVisorName1s</LabelID>
    <LabelName>Department</LabelName>
    <LangID>1</LangID>
    <COUNTRYID>8</COUNTRYID>
    <LANGDISP>en-US</LANGDISP>
    <Active>TRUE</Active>
  </PageList>
  <PageList>
    <ID>14</ID>
    <LabelMstID>DeptITSuper</LabelMstID>
    <FieldName>SuperVisorName</FieldName>
    <LabelID>lblSuperVisorName1s</LabelID>
    <LabelName>Supervisorname</LabelName>
    <LangID>3</LangID>
    <COUNTRYID>8</COUNTRYID>
    <LANGDISP>fr-FR</LANGDISP>
    <Active>TRUE</Active>
  </PageList>
  <PageList>
    <ID>15</ID>
    <LabelMstID>DeptITSuper</LabelMstID>
    <FieldName>SuperVisorName</FieldName>
    <LabelID>lblSuperVisorName2h</LabelID>
    <LabelName>سوبيرفيسورنامي</LabelName>
    <LangID>2</LangID>
    <COUNTRYID>8</COUNTRYID>
    <LANGDISP>ar-KW</LANGDISP>
    <Active>TRUE</Active>
  </PageList>
  <PageList>
    <ID>16</ID>
    <LabelMstID>DeptITSuper</LabelMstID>
    <FieldName>OperID</FieldName>
    <LabelID>lblOperID1s</LabelID>
    <LabelName>Department</LabelName>
    <LangID>1</LangID>
    <COUNTRYID>8</COUNTRYID>
    <LANGDISP>en-US</LANGDISP>
    <Active>TRUE</Active>
  </PageList>
  <PageList>
    <ID>17</ID>
    <LabelMstID>DeptITSuper</LabelMstID>
    <FieldName>OperID</FieldName>
    <LabelID>lblOperID1s</LabelID>
    <LabelName>Nom de l’Oper</LabelName>
    <LangID>3</LangID>
    <COUNTRYID>8</COUNTRYID>
    <LANGDISP>fr-FR</LANGDISP>
    <Active>TRUE</Active>
  </PageList>
  <PageList>
    <ID>18</ID>
    <LabelMstID>DeptITSuper</LabelMstID>
    <FieldName>OperID</FieldName>
    <LabelID>lblOperID2h</LabelID>
    <LabelName>اسم أوبر</LabelName>
    <LangID>2</LangID>
    <COUNTRYID>8</COUNTRYID>
    <LANGDISP>ar-KW</LANGDISP>
    <Active>TRUE</Active>
  </PageList>
  <PageList>
    <ID>19</ID>
    <LabelMstID>DeptITSuper</LabelMstID>
    <FieldName>OperName</FieldName>
    <LabelID>lblOperName1s</LabelID>
    <LabelName>Department</LabelName>
    <LangID>1</LangID>
    <COUNTRYID>8</COUNTRYID>
    <LANGDISP>en-US</LANGDISP>
    <Active>TRUE</Active>
  </PageList>
  <PageList>
    <ID>20</ID>
    <LabelMstID>DeptITSuper</LabelMstID>
    <FieldName>OperName</FieldName>
    <LabelID>lblOperName1s</LabelID>
    <LabelName>Opername</LabelName>
    <LangID>3</LangID>
    <COUNTRYID>8</COUNTRYID>
    <LANGDISP>fr-FR</LANGDISP>
    <Active>TRUE</Active>
  </PageList>
  <PageList>
    <ID>21</ID>
    <LabelMstID>DeptITSuper</LabelMstID>
    <FieldName>OperName</FieldName>
    <LabelID>lblOperName2h</LabelID>
    <LabelName>أوبيرنامي</LabelName>
    <LangID>2</LangID>
    <COUNTRYID>8</COUNTRYID>
    <LANGDISP>ar-KW</LANGDISP>
    <Active>TRUE</Active>
  </PageList>
  <PageList>
    <ID>22</ID>
    <LabelMstID>DeptITSuper</LabelMstID>
    <FieldName>SpareUserID</FieldName>
    <LabelID>lblSpareUserID1s</LabelID>
    <LabelName>Department</LabelName>
    <LangID>1</LangID>
    <COUNTRYID>8</COUNTRYID>
    <LANGDISP>en-US</LANGDISP>
    <Active>TRUE</Active>
  </PageList>
  <PageList>
    <ID>23</ID>
    <LabelMstID>DeptITSuper</LabelMstID>
    <FieldName>SpareUserID</FieldName>
    <LabelID>lblSpareUserID1s</LabelID>
    <LabelName>Spareuser nom</LabelName>
    <LangID>3</LangID>
    <COUNTRYID>8</COUNTRYID>
    <LANGDISP>fr-FR</LANGDISP>
    <Active>TRUE</Active>
  </PageList>
  <PageList>
    <ID>24</ID>
    <LabelMstID>DeptITSuper</LabelMstID>
    <FieldName>SpareUserID</FieldName>
    <LabelID>lblSpareUserID2h</LabelID>
    <LabelName>اسم سباريوسير</LabelName>
    <LangID>2</LangID>
    <COUNTRYID>8</COUNTRYID>
    <LANGDISP>ar-KW</LANGDISP>
    <Active>TRUE</Active>
  </PageList>
  <PageList>
    <ID>25</ID>
    <LabelMstID>DeptITSuper</LabelMstID>
    <FieldName>SpareUserName</FieldName>
    <LabelID>lblSpareUserName1s</LabelID>
    <LabelName>Department</LabelName>
    <LangID>1</LangID>
    <COUNTRYID>8</COUNTRYID>
    <LANGDISP>en-US</LANGDISP>
    <Active>TRUE</Active>
  </PageList>
  <PageList>
    <ID>26</ID>
    <LabelMstID>DeptITSuper</LabelMstID>
    <FieldName>SpareUserName</FieldName>
    <LabelID>lblSpareUserName1s</LabelID>
    <LabelName>Spareusername</LabelName>
    <LangID>3</LangID>
    <COUNTRYID>8</COUNTRYID>
    <LANGDISP>fr-FR</LANGDISP>
    <Active>TRUE</Active>
  </PageList>
  <PageList>
    <ID>27</ID>
    <LabelMstID>DeptITSuper</LabelMstID>
    <FieldName>SpareUserName</FieldName>
    <LabelID>lblSpareUserName2h</LabelID>
    <LabelName>سباريوسيرنامي</LabelName>
    <LangID>2</LangID>
    <COUNTRYID>8</COUNTRYID>
    <LANGDISP>ar-KW</LANGDISP>
    <Active>TRUE</Active>
  </PageList>
  <PageList>
    <ID>28</ID>
    <LabelMstID>DeptITSuper</LabelMstID>
    <FieldName>Status</FieldName>
    <LabelID>lblStatus1s</LabelID>
    <LabelName>Department</LabelName>
    <LangID>1</LangID>
    <COUNTRYID>8</COUNTRYID>
    <LANGDISP>en-US</LANGDISP>
    <Active>TRUE</Active>
  </PageList>
  <PageList>
    <ID>29</ID>
    <LabelMstID>DeptITSuper</LabelMstID>
    <FieldName>Status</FieldName>
    <LabelID>lblStatus1s</LabelID>
    <LabelName>Statut</LabelName>
    <LangID>3</LangID>
    <COUNTRYID>8</COUNTRYID>
    <LANGDISP>fr-FR</LANGDISP>
    <Active>TRUE</Active>
  </PageList>
  <PageList>
    <ID>30</ID>
    <LabelMstID>DeptITSuper</LabelMstID>
    <FieldName>Status</FieldName>
    <LabelID>lblStatus2h</LabelID>
    <LabelName>مركز</LabelName>
    <LangID>2</LangID>
    <COUNTRYID>8</COUNTRYID>
    <LANGDISP>ar-KW</LANGDISP>
    <Active>TRUE</Active>
  </PageList>
  <PageList>
    <ID>31</ID>
    <LabelMstID>DeptITSuper</LabelMstID>
    <FieldName>ActivedBy</FieldName>
    <LabelID>lblActivedBy1s</LabelID>
    <LabelName>Department</LabelName>
    <LangID>1</LangID>
    <COUNTRYID>8</COUNTRYID>
    <LANGDISP>en-US</LANGDISP>
    <Active>TRUE</Active>
  </PageList>
  <PageList>
    <ID>32</ID>
    <LabelMstID>DeptITSuper</LabelMstID>
    <FieldName>ActivedBy</FieldName>
    <LabelID>lblActivedBy1s</LabelID>
    <LabelName>Activedby</LabelName>
    <LangID>3</LangID>
    <COUNTRYID>8</COUNTRYID>
    <LANGDISP>fr-FR</LANGDISP>
    <Active>TRUE</Active>
  </PageList>
  <PageList>
    <ID>33</ID>
    <LabelMstID>DeptITSuper</LabelMstID>
    <FieldName>ActivedBy</FieldName>
    <LabelID>lblActivedBy2h</LabelID>
    <LabelName>أكتيفيدبي</LabelName>
    <LangID>2</LangID>
    <COUNTRYID>8</COUNTRYID>
    <LANGDISP>ar-KW</LANGDISP>
    <Active>TRUE</Active>
  </PageList>
  <PageList>
    <ID>34</ID>
    <LabelMstID>DeptITSuper</LabelMstID>
    <FieldName>DeletedBy</FieldName>
    <LabelID>lblDeletedBy1s</LabelID>
    <LabelName>Department</LabelName>
    <LangID>1</LangID>
    <COUNTRYID>8</COUNTRYID>
    <LANGDISP>en-US</LANGDISP>
    <Active>TRUE</Active>
  </PageList>
  <PageList>
    <ID>35</ID>
    <LabelMstID>DeptITSuper</LabelMstID>
    <FieldName>DeletedBy</FieldName>
    <LabelID>lblDeletedBy1s</LabelID>
    <LabelName>Deletedby</LabelName>
    <LangID>3</LangID>
    <COUNTRYID>8</COUNTRYID>
    <LANGDISP>fr-FR</LANGDISP>
    <Active>TRUE</Active>
  </PageList>
  <PageList>
    <ID>36</ID>
    <LabelMstID>DeptITSuper</LabelMstID>
    <FieldName>DeletedBy</FieldName>
    <LabelID>lblDeletedBy2h</LabelID>
    <LabelName>ديليتيدبي</LabelName>
    <LangID>2</LangID>
    <COUNTRYID>8</COUNTRYID>
    <LANGDISP>ar-KW</LANGDISP>
    <Active>TRUE</Active>
  </PageList>
  <PageList>
    <ID>37</ID>
    <LabelMstID>DeptITSuper</LabelMstID>
    <FieldName>DateTimee</FieldName>
    <LabelID>lblDateTimee1s</LabelID>
    <LabelName>Department</LabelName>
    <LangID>1</LangID>
    <COUNTRYID>8</COUNTRYID>
    <LANGDISP>en-US</LANGDISP>
    <Active>TRUE</Active>
  </PageList>
  <PageList>
    <ID>38</ID>
    <LabelMstID>DeptITSuper</LabelMstID>
    <FieldName>DateTimee</FieldName>
    <LabelID>lblDateTimee1s</LabelID>
    <LabelName>Datetimee</LabelName>
    <LangID>3</LangID>
    <COUNTRYID>8</COUNTRYID>
    <LANGDISP>fr-FR</LANGDISP>
    <Active>TRUE</Active>
  </PageList>
  <PageList>
    <ID>39</ID>
    <LabelMstID>DeptITSuper</LabelMstID>
    <FieldName>DateTimee</FieldName>
    <LabelID>lblDateTimee2h</LabelID>
    <LabelName>داتيتيمي</LabelName>
    <LangID>2</LangID>
    <COUNTRYID>8</COUNTRYID>
    <LANGDISP>ar-KW</LANGDISP>
    <Active>TRUE</Active>
  </PageList>
  <PageList>
    <ID>40</ID>
    <LabelMstID>DeptITSuper</LabelMstID>
    <FieldName>Time</FieldName>
    <LabelID>lblTime1s</LabelID>
    <LabelName>Department</LabelName>
    <LangID>1</LangID>
    <COUNTRYID>8</COUNTRYID>
    <LANGDISP>en-US</LANGDISP>
    <Active>TRUE</Active>
  </PageList>
  <PageList>
    <ID>41</ID>
    <LabelMstID>DeptITSuper</LabelMstID>
    <FieldName>Time</FieldName>
    <LabelID>lblTime1s</LabelID>
    <LabelName>Temps</LabelName>
    <LangID>3</LangID>
    <COUNTRYID>8</COUNTRYID>
    <LANGDISP>fr-FR</LANGDISP>
    <Active>TRUE</Active>
  </PageList>
  <PageList>
    <ID>42</ID>
    <LabelMstID>DeptITSuper</LabelMstID>
    <FieldName>Time</FieldName>
    <LabelID>lblTime2h</LabelID>
    <LabelName>الوقت</LabelName>
    <LangID>2</LangID>
    <COUNTRYID>8</COUNTRYID>
    <LANGDISP>ar-KW</LANGDISP>
    <Active>TRUE</Active>
  </PageList>
  <PageList>
    <ID>43</ID>
    <LabelMstID>DeptITSuper</LabelMstID>
    <FieldName>NULL</FieldName>
    <LabelID>lblHeader1s</LabelID>
    <LabelName>Department</LabelName>
    <LangID>1</LangID>
    <COUNTRYID>8</COUNTRYID>
    <LANGDISP>en-US</LANGDISP>
    <Active>TRUE</Active>
  </PageList>
  <PageList>
    <ID>44</ID>
    <LabelMstID>DeptITSuper</LabelMstID>
    <FieldName>NULL</FieldName>
    <LabelID>lblHeader1s</LabelID>
    <LabelName>DeptITSuper</LabelName>
    <LangID>3</LangID>
    <COUNTRYID>8</COUNTRYID>
    <LANGDISP>fr-FR</LANGDISP>
    <Active>TRUE</Active>
  </PageList>
  <PageList>
    <ID>45</ID>
    <LabelMstID>DeptITSuper</LabelMstID>
    <FieldName>NULL</FieldName>
    <LabelID>lblHeader2h</LabelID>
    <LabelName>ديبتيتسوبير</LabelName>
    <LangID>2</LangID>
    <COUNTRYID>8</COUNTRYID>
    <LANGDISP>ar-KW</LANGDISP>
    <Active>TRUE</Active>
  </PageList>
</TBLLabelDTL>