<?xml version="1.0" standalone="yes"?>
<TBLLabelDTL>
  <PageList>
    <ID>1</ID>
    <LabelMstID>HBInvoice</LabelMstID>
    <FieldName>ID</FieldName>
    <LabelID>lblID1s</LabelID>
    <LabelName>HBInvoice</LabelName>
    <LangID>1</LangID>
    <COUNTRYID>8</COUNTRYID>
    <LANGDISP>en-US</LANGDISP>
    <Active>TRUE</Active>
  </PageList>
  <PageList>
    <ID>2</ID>
    <LabelMstID>HBInvoice</LabelMstID>
    <FieldName>ID</FieldName>
    <LabelID>lblID1s</LabelID>
    <LabelName> nom</LabelName>
    <LangID>3</LangID>
    <COUNTRYID>8</COUNTRYID>
    <LANGDISP>fr-FR</LANGDISP>
    <Active>TRUE</Active>
  </PageList>
  <PageList>
    <ID>3</ID>
    <LabelMstID>HBInvoice</LabelMstID>
    <FieldName>ID</FieldName>
    <LabelID>lblID2h</LabelID>
    <LabelName> الاسم</LabelName>
    <LangID>2</LangID>
    <COUNTRYID>8</COUNTRYID>
    <LANGDISP>ar-KW</LANGDISP>
    <Active>TRUE</Active>
  </PageList>
  <PageList>
    <ID>4</ID>
    <LabelMstID>HBInvoice</LabelMstID>
    <FieldName>Customer</FieldName>
    <LabelID>lblCustomer1s</LabelID>
    <LabelName>Customer</LabelName>
    <LangID>1</LangID>
    <COUNTRYID>8</COUNTRYID>
    <LANGDISP>en-US</LANGDISP>
    <Active>TRUE</Active>
  </PageList>
  <PageList>
    <ID>5</ID>
    <LabelMstID>HBInvoice</LabelMstID>
    <FieldName>Customer</FieldName>
    <LabelID>lblCustomer1s</LabelID>
    <LabelName>Client</LabelName>
    <LangID>3</LangID>
    <COUNTRYID>8</COUNTRYID>
    <LANGDISP>fr-FR</LANGDISP>
    <Active>TRUE</Active>
  </PageList>
  <PageList>
    <ID>6</ID>
    <LabelMstID>HBInvoice</LabelMstID>
    <FieldName>Customer</FieldName>
    <LabelID>lblCustomer2h</LabelID>
    <LabelName>العملاء</LabelName>
    <LangID>2</LangID>
    <COUNTRYID>8</COUNTRYID>
    <LANGDISP>ar-KW</LANGDISP>
    <Active>TRUE</Active>
  </PageList>
  <PageList>
    <ID>7</ID>
    <LabelMstID>HBInvoice</LabelMstID>
    <FieldName>InvoiceNumber</FieldName>
    <LabelID>lblInvoiceNumber1s</LabelID>
    <LabelName>Contract Number</LabelName>
    <LangID>1</LangID>
    <COUNTRYID>8</COUNTRYID>
    <LANGDISP>en-US</LANGDISP>
    <Active>TRUE</Active>
  </PageList>
  <PageList>
    <ID>8</ID>
    <LabelMstID>HBInvoice</LabelMstID>
    <FieldName>InvoiceNumber</FieldName>
    <LabelID>lblInvoiceNumber1s</LabelID>
    <LabelName>Numéro de la facture</LabelName>
    <LangID>3</LangID>
    <COUNTRYID>8</COUNTRYID>
    <LANGDISP>fr-FR</LANGDISP>
    <Active>TRUE</Active>
  </PageList>
  <PageList>
    <ID>9</ID>
    <LabelMstID>HBInvoice</LabelMstID>
    <FieldName>InvoiceNumber</FieldName>
    <LabelID>lblInvoiceNumber2h</LabelID>
    <LabelName>رقم الفاتورة</LabelName>
    <LangID>2</LangID>
    <COUNTRYID>8</COUNTRYID>
    <LANGDISP>ar-KW</LANGDISP>
    <Active>TRUE</Active>
  </PageList>
  <PageList>
    <ID>10</ID>
    <LabelMstID>HBInvoice</LabelMstID>
    <FieldName>Plan</FieldName>
    <LabelID>lblPlan1s</LabelID>
    <LabelName>Plan</LabelName>
    <LangID>1</LangID>
    <COUNTRYID>8</COUNTRYID>
    <LANGDISP>en-US</LANGDISP>
    <Active>TRUE</Active>
  </PageList>
  <PageList>
    <ID>11</ID>
    <LabelMstID>HBInvoice</LabelMstID>
    <FieldName>Plan</FieldName>
    <LabelID>lblPlan1s</LabelID>
    <LabelName>Plan de</LabelName>
    <LangID>3</LangID>
    <COUNTRYID>8</COUNTRYID>
    <LANGDISP>fr-FR</LANGDISP>
    <Active>TRUE</Active>
  </PageList>
  <PageList>
    <ID>12</ID>
    <LabelMstID>HBInvoice</LabelMstID>
    <FieldName>Plan</FieldName>
    <LabelID>lblPlan2h</LabelID>
    <LabelName>خطة</LabelName>
    <LangID>2</LangID>
    <COUNTRYID>8</COUNTRYID>
    <LANGDISP>ar-KW</LANGDISP>
    <Active>TRUE</Active>
  </PageList>
  <PageList>
    <ID>13</ID>
    <LabelMstID>HBInvoice</LabelMstID>
    <FieldName>Meal</FieldName>
    <LabelID>lblMeal1s</LabelID>
    <LabelName>Meal Type</LabelName>
    <LangID>1</LangID>
    <COUNTRYID>8</COUNTRYID>
    <LANGDISP>en-US</LANGDISP>
    <Active>TRUE</Active>
  </PageList>
  <PageList>
    <ID>14</ID>
    <LabelMstID>HBInvoice</LabelMstID>
    <FieldName>Meal</FieldName>
    <LabelID>lblMeal1s</LabelID>
    <LabelName>Repas</LabelName>
    <LangID>3</LangID>
    <COUNTRYID>8</COUNTRYID>
    <LANGDISP>fr-FR</LANGDISP>
    <Active>TRUE</Active>
  </PageList>
  <PageList>
    <ID>15</ID>
    <LabelMstID>HBInvoice</LabelMstID>
    <FieldName>Meal</FieldName>
    <LabelID>lblMeal2h</LabelID>
    <LabelName>وجبة</LabelName>
    <LangID>2</LangID>
    <COUNTRYID>8</COUNTRYID>
    <LANGDISP>ar-KW</LANGDISP>
    <Active>TRUE</Active>
  </PageList>
  <PageList>
    <ID>16</ID>
    <LabelMstID>HBInvoice</LabelMstID>
    <FieldName>BeingDate</FieldName>
    <LabelID>lblBeingDate1s</LabelID>
    <LabelName>Begin Date</LabelName>
    <LangID>1</LangID>
    <COUNTRYID>8</COUNTRYID>
    <LANGDISP>en-US</LANGDISP>
    <Active>TRUE</Active>
  </PageList>
  <PageList>
    <ID>17</ID>
    <LabelMstID>HBInvoice</LabelMstID>
    <FieldName>BeingDate</FieldName>
    <LabelID>lblBeingDate1s</LabelID>
    <LabelName>Date</LabelName>
    <LangID>3</LangID>
    <COUNTRYID>8</COUNTRYID>
    <LANGDISP>fr-FR</LANGDISP>
    <Active>TRUE</Active>
  </PageList>
  <PageList>
    <ID>18</ID>
    <LabelMstID>HBInvoice</LabelMstID>
    <FieldName>BeingDate</FieldName>
    <LabelID>lblBeingDate2h</LabelID>
    <LabelName>ويجري حتى الآن</LabelName>
    <LangID>2</LangID>
    <COUNTRYID>8</COUNTRYID>
    <LANGDISP>ar-KW</LANGDISP>
    <Active>TRUE</Active>
  </PageList>
  <PageList>
    <ID>19</ID>
    <LabelMstID>HBInvoice</LabelMstID>
    <FieldName>TotalDeliveryDay</FieldName>
    <LabelID>lblTotalDeliveryDay1s</LabelID>
    <LabelName>Days Total</LabelName>
    <LangID>1</LangID>
    <COUNTRYID>8</COUNTRYID>
    <LANGDISP>en-US</LANGDISP>
    <Active>TRUE</Active>
  </PageList>
  <PageList>
    <ID>20</ID>
    <LabelMstID>HBInvoice</LabelMstID>
    <FieldName>TotalDeliveryDay</FieldName>
    <LabelID>lblTotalDeliveryDay1s</LabelID>
    <LabelName>Jour de livraison total</LabelName>
    <LangID>3</LangID>
    <COUNTRYID>8</COUNTRYID>
    <LANGDISP>fr-FR</LANGDISP>
    <Active>TRUE</Active>
  </PageList>
  <PageList>
    <ID>21</ID>
    <LabelMstID>HBInvoice</LabelMstID>
    <FieldName>TotalDeliveryDay</FieldName>
    <LabelID>lblTotalDeliveryDay2h</LabelID>
    <LabelName>اليوم تسليم إجمالي</LabelName>
    <LangID>2</LangID>
    <COUNTRYID>8</COUNTRYID>
    <LANGDISP>ar-KW</LANGDISP>
    <Active>TRUE</Active>
  </PageList>
  <PageList>
    <ID>22</ID>
    <LabelMstID>HBInvoice</LabelMstID>
    <FieldName>EndDate</FieldName>
    <LabelID>lblEndDate1s</LabelID>
    <LabelName>End Date</LabelName>
    <LangID>1</LangID>
    <COUNTRYID>8</COUNTRYID>
    <LANGDISP>en-US</LANGDISP>
    <Active>TRUE</Active>
  </PageList>
  <PageList>
    <ID>23</ID>
    <LabelMstID>HBInvoice</LabelMstID>
    <FieldName>EndDate</FieldName>
    <LabelID>lblEndDate1s</LabelID>
    <LabelName>Date de fin</LabelName>
    <LangID>3</LangID>
    <COUNTRYID>8</COUNTRYID>
    <LANGDISP>fr-FR</LANGDISP>
    <Active>TRUE</Active>
  </PageList>
  <PageList>
    <ID>24</ID>
    <LabelMstID>HBInvoice</LabelMstID>
    <FieldName>EndDate</FieldName>
    <LabelID>lblEndDate2h</LabelID>
    <LabelName>تاريخ الانتهاء</LabelName>
    <LangID>2</LangID>
    <COUNTRYID>8</COUNTRYID>
    <LANGDISP>ar-KW</LANGDISP>
    <Active>TRUE</Active>
  </PageList>
  <PageList>
    <ID>25</ID>
    <LabelMstID>HBInvoice</LabelMstID>
    <FieldName>Day</FieldName>
    <LabelID>lblDay1s</LabelID>
    <LabelName>Day</LabelName>
    <LangID>1</LangID>
    <COUNTRYID>8</COUNTRYID>
    <LANGDISP>en-US</LANGDISP>
    <Active>TRUE</Active>
  </PageList>
  <PageList>
    <ID>26</ID>
    <LabelMstID>HBInvoice</LabelMstID>
    <FieldName>Day</FieldName>
    <LabelID>lblDay1s</LabelID>
    <LabelName>Journée</LabelName>
    <LangID>3</LangID>
    <COUNTRYID>8</COUNTRYID>
    <LANGDISP>fr-FR</LANGDISP>
    <Active>TRUE</Active>
  </PageList>
  <PageList>
    <ID>27</ID>
    <LabelMstID>HBInvoice</LabelMstID>
    <FieldName>Day</FieldName>
    <LabelID>lblDay2h</LabelID>
    <LabelName>اليوم</LabelName>
    <LangID>2</LangID>
    <COUNTRYID>8</COUNTRYID>
    <LANGDISP>ar-KW</LANGDISP>
    <Active>TRUE</Active>
  </PageList>
  <PageList>
    <ID>28</ID>
    <LabelMstID>HBInvoice</LabelMstID>
    <FieldName>TotalPlanPrice</FieldName>
    <LabelID>lblTotalPlanPrice1s</LabelID>
    <LabelName>Total plan price</LabelName>
    <LangID>1</LangID>
    <COUNTRYID>8</COUNTRYID>
    <LANGDISP>en-US</LANGDISP>
    <Active>TRUE</Active>
  </PageList>
  <PageList>
    <ID>29</ID>
    <LabelMstID>HBInvoice</LabelMstID>
    <FieldName>TotalPlanPrice</FieldName>
    <LabelID>lblTotalPlanPrice1s</LabelID>
    <LabelName>Prix total du régime</LabelName>
    <LangID>3</LangID>
    <COUNTRYID>8</COUNTRYID>
    <LANGDISP>fr-FR</LANGDISP>
    <Active>TRUE</Active>
  </PageList>
  <PageList>
    <ID>30</ID>
    <LabelMstID>HBInvoice</LabelMstID>
    <FieldName>TotalPlanPrice</FieldName>
    <LabelID>lblTotalPlanPrice2h</LabelID>
    <LabelName>سعر الخطة الإجمالية</LabelName>
    <LangID>2</LangID>
    <COUNTRYID>8</COUNTRYID>
    <LANGDISP>ar-KW</LANGDISP>
    <Active>TRUE</Active>
  </PageList>
  <PageList>
    <ID>31</ID>
    <LabelMstID>HBInvoice</LabelMstID>
    <FieldName>Blank</FieldName>
    <LabelID>lblBlank1s</LabelID>
    <LabelName>HBInvoice</LabelName>
    <LangID>1</LangID>
    <COUNTRYID>8</COUNTRYID>
    <LANGDISP>en-US</LANGDISP>
    <Active>TRUE</Active>
  </PageList>
  <PageList>
    <ID>32</ID>
    <LabelMstID>HBInvoice</LabelMstID>
    <FieldName>Blank</FieldName>
    <LabelID>lblBlank1s</LabelID>
    <LabelName>Vide</LabelName>
    <LangID>3</LangID>
    <COUNTRYID>8</COUNTRYID>
    <LANGDISP>fr-FR</LANGDISP>
    <Active>TRUE</Active>
  </PageList>
  <PageList>
    <ID>33</ID>
    <LabelMstID>HBInvoice</LabelMstID>
    <FieldName>Blank</FieldName>
    <LabelID>lblBlank2h</LabelID>
    <LabelName>فارغة</LabelName>
    <LangID>2</LangID>
    <COUNTRYID>8</COUNTRYID>
    <LANGDISP>ar-KW</LANGDISP>
    <Active>TRUE</Active>
  </PageList>
  <PageList>
    <ID>34</ID>
    <LabelMstID>HBInvoice</LabelMstID>
    <FieldName>NULL</FieldName>
    <LabelID>lblHeader1s</LabelID>
    <LabelName>HBInvoice</LabelName>
    <LangID>1</LangID>
    <COUNTRYID>8</COUNTRYID>
    <LANGDISP>en-US</LANGDISP>
    <Active>TRUE</Active>
  </PageList>
  <PageList>
    <ID>35</ID>
    <LabelMstID>HBInvoice</LabelMstID>
    <FieldName>NULL</FieldName>
    <LabelID>lblHeader1s</LabelID>
    <LabelName>HBInvoice</LabelName>
    <LangID>3</LangID>
    <COUNTRYID>8</COUNTRYID>
    <LANGDISP>fr-FR</LANGDISP>
    <Active>TRUE</Active>
  </PageList>
  <PageList>
    <ID>36</ID>
    <LabelMstID>HBInvoice</LabelMstID>
    <FieldName>NULL</FieldName>
    <LabelID>lblHeader2h</LabelID>
    <LabelName>HBInvoice</LabelName>
    <LangID>2</LangID>
    <COUNTRYID>8</COUNTRYID>
    <LANGDISP>ar-KW</LANGDISP>
    <Active>TRUE</Active>
  </PageList>
</TBLLabelDTL>