<?xml version="1.0" standalone="yes"?>
<TBLLabelDTL>
  <PageList>
    <ID>1</ID>
    <LabelMstID>ICSUBCATEGORY</LabelMstID>
    <FieldName>TenentID</FieldName>
    <LabelID>lblTenentID1s</LabelID>
    <LabelName>Sub Category</LabelName>
    <LangID>1</LangID>
    <COUNTRYID>8</COUNTRYID>
    <LANGDISP>en-US</LANGDISP>
    <Active>TRUE</Active>
  </PageList>
  <PageList>
    <ID>2</ID>
    <LabelMstID>ICSUBCATEGORY</LabelMstID>
    <FieldName>TenentID</FieldName>
    <LabelID>lblTenentID1s</LabelID>
    <LabelName>Tenent nom</LabelName>
    <LangID>3</LangID>
    <COUNTRYID>8</COUNTRYID>
    <LANGDISP>fr-FR</LANGDISP>
    <Active>TRUE</Active>
  </PageList>
  <PageList>
    <ID>3</ID>
    <LabelMstID>ICSUBCATEGORY</LabelMstID>
    <FieldName>TenentID</FieldName>
    <LabelID>lblTenentID2h</LabelID>
    <LabelName>اسم تينيت</LabelName>
    <LangID>2</LangID>
    <COUNTRYID>8</COUNTRYID>
    <LANGDISP>ar-KW</LANGDISP>
    <Active>TRUE</Active>
  </PageList>
  <PageList>
    <ID>4</ID>
    <LabelMstID>ICSUBCATEGORY</LabelMstID>
    <FieldName>COMPANYID</FieldName>
    <LabelID>lblCOMPANYID1s</LabelID>
    <LabelName>Sub Category</LabelName>
    <LangID>1</LangID>
    <COUNTRYID>8</COUNTRYID>
    <LANGDISP>en-US</LANGDISP>
    <Active>TRUE</Active>
  </PageList>
  <PageList>
    <ID>5</ID>
    <LabelMstID>ICSUBCATEGORY</LabelMstID>
    <FieldName>COMPANYID</FieldName>
    <LabelID>lblCOMPANYID1s</LabelID>
    <LabelName>Nom de l’entreprise</LabelName>
    <LangID>3</LangID>
    <COUNTRYID>8</COUNTRYID>
    <LANGDISP>fr-FR</LANGDISP>
    <Active>TRUE</Active>
  </PageList>
  <PageList>
    <ID>6</ID>
    <LabelMstID>ICSUBCATEGORY</LabelMstID>
    <FieldName>COMPANYID</FieldName>
    <LabelID>lblCOMPANYID2h</LabelID>
    <LabelName>اسم الشركة</LabelName>
    <LangID>2</LangID>
    <COUNTRYID>8</COUNTRYID>
    <LANGDISP>ar-KW</LANGDISP>
    <Active>TRUE</Active>
  </PageList>
  <PageList>
    <ID>7</ID>
    <LabelMstID>ICSUBCATEGORY</LabelMstID>
    <FieldName>SUBCATID</FieldName>
    <LabelID>lblSUBCATID1s</LabelID>
    <LabelName>Sub Category</LabelName>
    <LangID>1</LangID>
    <COUNTRYID>8</COUNTRYID>
    <LANGDISP>en-US</LANGDISP>
    <Active>TRUE</Active>
  </PageList>
  <PageList>
    <ID>8</ID>
    <LabelMstID>ICSUBCATEGORY</LabelMstID>
    <FieldName>SUBCATID</FieldName>
    <LabelID>lblSUBCATID1s</LabelID>
    <LabelName>Nom de Subcat</LabelName>
    <LangID>3</LangID>
    <COUNTRYID>8</COUNTRYID>
    <LANGDISP>fr-FR</LANGDISP>
    <Active>TRUE</Active>
  </PageList>
  <PageList>
    <ID>9</ID>
    <LabelMstID>ICSUBCATEGORY</LabelMstID>
    <FieldName>SUBCATID</FieldName>
    <LabelID>lblSUBCATID2h</LabelID>
    <LabelName>اسم سوبكات</LabelName>
    <LangID>2</LangID>
    <COUNTRYID>8</COUNTRYID>
    <LANGDISP>ar-KW</LANGDISP>
    <Active>TRUE</Active>
  </PageList>
  <PageList>
    <ID>10</ID>
    <LabelMstID>ICSUBCATEGORY</LabelMstID>
    <FieldName>SUBCATTYPE</FieldName>
    <LabelID>lblSUBCATTYPE1s</LabelID>
    <LabelName>Sub Category</LabelName>
    <LangID>1</LangID>
    <COUNTRYID>8</COUNTRYID>
    <LANGDISP>en-US</LANGDISP>
    <Active>TRUE</Active>
  </PageList>
  <PageList>
    <ID>11</ID>
    <LabelMstID>ICSUBCATEGORY</LabelMstID>
    <FieldName>SUBCATTYPE</FieldName>
    <LabelID>lblSUBCATTYPE1s</LabelID>
    <LabelName>Subcattype</LabelName>
    <LangID>3</LangID>
    <COUNTRYID>8</COUNTRYID>
    <LANGDISP>fr-FR</LANGDISP>
    <Active>TRUE</Active>
  </PageList>
  <PageList>
    <ID>12</ID>
    <LabelMstID>ICSUBCATEGORY</LabelMstID>
    <FieldName>SUBCATTYPE</FieldName>
    <LabelID>lblSUBCATTYPE2h</LabelID>
    <LabelName>سوبكاتيبي</LabelName>
    <LangID>2</LangID>
    <COUNTRYID>8</COUNTRYID>
    <LANGDISP>ar-KW</LANGDISP>
    <Active>TRUE</Active>
  </PageList>
  <PageList>
    <ID>13</ID>
    <LabelMstID>ICSUBCATEGORY</LabelMstID>
    <FieldName>SHORTNAME</FieldName>
    <LabelID>lblSHORTNAME1s</LabelID>
    <LabelName>Short Name</LabelName>
    <LangID>1</LangID>
    <COUNTRYID>8</COUNTRYID>
    <LANGDISP>en-US</LANGDISP>
    <Active>TRUE</Active>
  </PageList>
  <PageList>
    <ID>14</ID>
    <LabelMstID>ICSUBCATEGORY</LabelMstID>
    <FieldName>SHORTNAME</FieldName>
    <LabelID>lblSHORTNAME1s</LabelID>
    <LabelName>Nom court</LabelName>
    <LangID>3</LangID>
    <COUNTRYID>8</COUNTRYID>
    <LANGDISP>fr-FR</LANGDISP>
    <Active>TRUE</Active>
  </PageList>
  <PageList>
    <ID>15</ID>
    <LabelMstID>ICSUBCATEGORY</LabelMstID>
    <FieldName>SHORTNAME</FieldName>
    <LabelID>lblSHORTNAME2h</LabelID>
    <LabelName>الاسم المختصر</LabelName>
    <LangID>2</LangID>
    <COUNTRYID>8</COUNTRYID>
    <LANGDISP>ar-KW</LANGDISP>
    <Active>TRUE</Active>
  </PageList>
  <PageList>
    <ID>16</ID>
    <LabelMstID>ICSUBCATEGORY</LabelMstID>
    <FieldName>SUBCATNAME</FieldName>
    <LabelID>lblSUBCATNAME1s</LabelID>
    <LabelName>Sub Category ENG</LabelName>
    <LangID>1</LangID>
    <COUNTRYID>8</COUNTRYID>
    <LANGDISP>en-US</LANGDISP>
    <Active>TRUE</Active>
  </PageList>
  <PageList>
    <ID>17</ID>
    <LabelMstID>ICSUBCATEGORY</LabelMstID>
    <FieldName>SUBCATNAME</FieldName>
    <LabelID>lblSUBCATNAME1s</LabelID>
    <LabelName>Sous catégorie ENG</LabelName>
    <LangID>3</LangID>
    <COUNTRYID>8</COUNTRYID>
    <LANGDISP>fr-FR</LANGDISP>
    <Active>TRUE</Active>
  </PageList>
  <PageList>
    <ID>18</ID>
    <LabelMstID>ICSUBCATEGORY</LabelMstID>
    <FieldName>SUBCATNAME</FieldName>
    <LabelID>lblSUBCATNAME2h</LabelID>
    <LabelName>الفئة الفرعية المهندس</LabelName>
    <LangID>2</LangID>
    <COUNTRYID>8</COUNTRYID>
    <LANGDISP>ar-KW</LANGDISP>
    <Active>TRUE</Active>
  </PageList>
  <PageList>
    <ID>19</ID>
    <LabelMstID>ICSUBCATEGORY</LabelMstID>
    <FieldName>SUBCATNAMEO</FieldName>
    <LabelID>lblSUBCATNAMEO1s</LabelID>
    <LabelName>Sub Category ARA</LabelName>
    <LangID>1</LangID>
    <COUNTRYID>8</COUNTRYID>
    <LANGDISP>en-US</LANGDISP>
    <Active>TRUE</Active>
  </PageList>
  <PageList>
    <ID>20</ID>
    <LabelMstID>ICSUBCATEGORY</LabelMstID>
    <FieldName>SUBCATNAMEO</FieldName>
    <LabelID>lblSUBCATNAMEO1s</LabelID>
    <LabelName>Sous catégorie ARA</LabelName>
    <LangID>3</LangID>
    <COUNTRYID>8</COUNTRYID>
    <LANGDISP>fr-FR</LANGDISP>
    <Active>TRUE</Active>
  </PageList>
  <PageList>
    <ID>21</ID>
    <LabelMstID>ICSUBCATEGORY</LabelMstID>
    <FieldName>SUBCATNAMEO</FieldName>
    <LabelID>lblSUBCATNAMEO2h</LabelID>
    <LabelName>الفئة الفرعية ارا</LabelName>
    <LangID>2</LangID>
    <COUNTRYID>8</COUNTRYID>
    <LANGDISP>ar-KW</LANGDISP>
    <Active>TRUE</Active>
  </PageList>
  <PageList>
    <ID>22</ID>
    <LabelMstID>ICSUBCATEGORY</LabelMstID>
    <FieldName>SUBCATNAMEO2</FieldName>
    <LabelID>lblSUBCATNAMEO21s</LabelID>
    <LabelName>Sub Category FRA</LabelName>
    <LangID>1</LangID>
    <COUNTRYID>8</COUNTRYID>
    <LANGDISP>en-US</LANGDISP>
    <Active>TRUE</Active>
  </PageList>
  <PageList>
    <ID>23</ID>
    <LabelMstID>ICSUBCATEGORY</LabelMstID>
    <FieldName>SUBCATNAMEO2</FieldName>
    <LabelID>lblSUBCATNAMEO21s</LabelID>
    <LabelName>Sous catégorie FRA</LabelName>
    <LangID>3</LangID>
    <COUNTRYID>8</COUNTRYID>
    <LANGDISP>fr-FR</LANGDISP>
    <Active>TRUE</Active>
  </PageList>
  <PageList>
    <ID>24</ID>
    <LabelMstID>ICSUBCATEGORY</LabelMstID>
    <FieldName>SUBCATNAMEO2</FieldName>
    <LabelID>lblSUBCATNAMEO22h</LabelID>
    <LabelName>الفئة الفرعية FRA</LabelName>
    <LangID>2</LangID>
    <COUNTRYID>8</COUNTRYID>
    <LANGDISP>ar-KW</LANGDISP>
    <Active>TRUE</Active>
  </PageList>
  <PageList>
    <ID>25</ID>
    <LabelMstID>ICSUBCATEGORY</LabelMstID>
    <FieldName>REMARKS</FieldName>
    <LabelID>lblREMARKS1s</LabelID>
    <LabelName>Remarks</LabelName>
    <LangID>1</LangID>
    <COUNTRYID>8</COUNTRYID>
    <LANGDISP>en-US</LANGDISP>
    <Active>TRUE</Active>
  </PageList>
  <PageList>
    <ID>26</ID>
    <LabelMstID>ICSUBCATEGORY</LabelMstID>
    <FieldName>REMARKS</FieldName>
    <LabelID>lblREMARKS1s</LabelID>
    <LabelName>Remarques</LabelName>
    <LangID>3</LangID>
    <COUNTRYID>8</COUNTRYID>
    <LANGDISP>fr-FR</LANGDISP>
    <Active>TRUE</Active>
  </PageList>
  <PageList>
    <ID>27</ID>
    <LabelMstID>ICSUBCATEGORY</LabelMstID>
    <FieldName>REMARKS</FieldName>
    <LabelID>lblREMARKS2h</LabelID>
    <LabelName>الملاحظات</LabelName>
    <LangID>2</LangID>
    <COUNTRYID>8</COUNTRYID>
    <LANGDISP>ar-KW</LANGDISP>
    <Active>TRUE</Active>
  </PageList>
  <PageList>
    <ID>28</ID>
    <LabelMstID>ICSUBCATEGORY</LabelMstID>
    <FieldName>CATID</FieldName>
    <LabelID>lblCATID1s</LabelID>
    <LabelName>Sub Category</LabelName>
    <LangID>1</LangID>
    <COUNTRYID>8</COUNTRYID>
    <LANGDISP>en-US</LANGDISP>
    <Active>TRUE</Active>
  </PageList>
  <PageList>
    <ID>29</ID>
    <LabelMstID>ICSUBCATEGORY</LabelMstID>
    <FieldName>CATID</FieldName>
    <LabelID>lblCATID1s</LabelID>
    <LabelName>Nom de chat</LabelName>
    <LangID>3</LangID>
    <COUNTRYID>8</COUNTRYID>
    <LANGDISP>fr-FR</LANGDISP>
    <Active>TRUE</Active>
  </PageList>
  <PageList>
    <ID>30</ID>
    <LabelMstID>ICSUBCATEGORY</LabelMstID>
    <FieldName>CATID</FieldName>
    <LabelID>lblCATID2h</LabelID>
    <LabelName>اسم القط</LabelName>
    <LangID>2</LangID>
    <COUNTRYID>8</COUNTRYID>
    <LANGDISP>ar-KW</LANGDISP>
    <Active>TRUE</Active>
  </PageList>
  <PageList>
    <ID>31</ID>
    <LabelMstID>ICSUBCATEGORY</LabelMstID>
    <FieldName>Status</FieldName>
    <LabelID>lblStatus1s</LabelID>
    <LabelName>Sub Category</LabelName>
    <LangID>1</LangID>
    <COUNTRYID>8</COUNTRYID>
    <LANGDISP>en-US</LANGDISP>
    <Active>TRUE</Active>
  </PageList>
  <PageList>
    <ID>32</ID>
    <LabelMstID>ICSUBCATEGORY</LabelMstID>
    <FieldName>Status</FieldName>
    <LabelID>lblStatus1s</LabelID>
    <LabelName>Statut</LabelName>
    <LangID>3</LangID>
    <COUNTRYID>8</COUNTRYID>
    <LANGDISP>fr-FR</LANGDISP>
    <Active>TRUE</Active>
  </PageList>
  <PageList>
    <ID>33</ID>
    <LabelMstID>ICSUBCATEGORY</LabelMstID>
    <FieldName>Status</FieldName>
    <LabelID>lblStatus2h</LabelID>
    <LabelName>مركز</LabelName>
    <LangID>2</LangID>
    <COUNTRYID>8</COUNTRYID>
    <LANGDISP>ar-KW</LANGDISP>
    <Active>TRUE</Active>
  </PageList>
  <PageList>
    <ID>34</ID>
    <LabelMstID>ICSUBCATEGORY</LabelMstID>
    <FieldName>CRUP_ID</FieldName>
    <LabelID>lblCRUP_ID1s</LabelID>
    <LabelName>Sub Category</LabelName>
    <LangID>1</LangID>
    <COUNTRYID>8</COUNTRYID>
    <LANGDISP>en-US</LANGDISP>
    <Active>TRUE</Active>
  </PageList>
  <PageList>
    <ID>35</ID>
    <LabelMstID>ICSUBCATEGORY</LabelMstID>
    <FieldName>CRUP_ID</FieldName>
    <LabelID>lblCRUP_ID1s</LabelID>
    <LabelName>Crup nom</LabelName>
    <LangID>3</LangID>
    <COUNTRYID>8</COUNTRYID>
    <LANGDISP>fr-FR</LANGDISP>
    <Active>TRUE</Active>
  </PageList>
  <PageList>
    <ID>36</ID>
    <LabelMstID>ICSUBCATEGORY</LabelMstID>
    <FieldName>CRUP_ID</FieldName>
    <LabelID>lblCRUP_ID2h</LabelID>
    <LabelName>اسم Crup</LabelName>
    <LangID>2</LangID>
    <COUNTRYID>8</COUNTRYID>
    <LANGDISP>ar-KW</LANGDISP>
    <Active>TRUE</Active>
  </PageList>
  <PageList>
    <ID>37</ID>
    <LabelMstID>ICSUBCATEGORY</LabelMstID>
    <FieldName>NULL</FieldName>
    <LabelID>lblHeader1s</LabelID>
    <LabelName>Sub Category</LabelName>
    <LangID>1</LangID>
    <COUNTRYID>8</COUNTRYID>
    <LANGDISP>en-US</LANGDISP>
    <Active>TRUE</Active>
  </PageList>
  <PageList>
    <ID>38</ID>
    <LabelMstID>ICSUBCATEGORY</LabelMstID>
    <FieldName>NULL</FieldName>
    <LabelID>lblHeader1s</LabelID>
    <LabelName>ICSUBCATEGORY</LabelName>
    <LangID>3</LangID>
    <COUNTRYID>8</COUNTRYID>
    <LANGDISP>fr-FR</LANGDISP>
    <Active>TRUE</Active>
  </PageList>
  <PageList>
    <ID>39</ID>
    <LabelMstID>ICSUBCATEGORY</LabelMstID>
    <FieldName>NULL</FieldName>
    <LabelID>lblHeader2h</LabelID>
    <LabelName>إيكسوبكاتيجوري</LabelName>
    <LangID>2</LangID>
    <COUNTRYID>8</COUNTRYID>
    <LANGDISP>ar-KW</LANGDISP>
    <Active>TRUE</Active>
  </PageList>
</TBLLabelDTL>