<?xml version="1.0" standalone="yes"?>
<TBLLabelDTL>
  <PageList>
    <ID>1</ID>
    <LabelMstID>ICUOMCONV</LabelMstID>
    <FieldName>FUOM</FieldName>
    <LabelID>lblFUOM1s</LabelID>
    <LabelName>From UOM</LabelName>
    <LangID>1</LangID>
    <COUNTRYID>8</COUNTRYID>
    <LANGDISP>en-US</LANGDISP>
    <Active>TRUE</Active>
  </PageList>
  <PageList>
    <ID>2</ID>
    <LabelMstID>ICUOMCONV</LabelMstID>
    <FieldName>FUOM</FieldName>
    <LabelID>lblFUOM1s</LabelID>
    <LabelName>De l’UDM</LabelName>
    <LangID>3</LangID>
    <COUNTRYID>8</COUNTRYID>
    <LANGDISP>fr-FR</LANGDISP>
    <Active>TRUE</Active>
  </PageList>
  <PageList>
    <ID>3</ID>
    <LabelMstID>ICUOMCONV</LabelMstID>
    <FieldName>FUOM</FieldName>
    <LabelID>lblFUOM2h</LabelID>
    <LabelName>من جامعة ميتشجان</LabelName>
    <LangID>2</LangID>
    <COUNTRYID>8</COUNTRYID>
    <LANGDISP>ar-KW</LANGDISP>
    <Active>TRUE</Active>
  </PageList>
  <PageList>
    <ID>4</ID>
    <LabelMstID>ICUOMCONV</LabelMstID>
    <FieldName>TUOM</FieldName>
    <LabelID>lblTUOM1s</LabelID>
    <LabelName>To UOM</LabelName>
    <LangID>1</LangID>
    <COUNTRYID>8</COUNTRYID>
    <LANGDISP>en-US</LANGDISP>
    <Active>TRUE</Active>
  </PageList>
  <PageList>
    <ID>5</ID>
    <LabelMstID>ICUOMCONV</LabelMstID>
    <FieldName>TUOM</FieldName>
    <LabelID>lblTUOM1s</LabelID>
    <LabelName>À l’unité de mesure</LabelName>
    <LangID>3</LangID>
    <COUNTRYID>8</COUNTRYID>
    <LANGDISP>fr-FR</LANGDISP>
    <Active>TRUE</Active>
  </PageList>
  <PageList>
    <ID>6</ID>
    <LabelMstID>ICUOMCONV</LabelMstID>
    <FieldName>TUOM</FieldName>
    <LabelID>lblTUOM2h</LabelID>
    <LabelName>إلى جامعة ميتشجان</LabelName>
    <LangID>2</LangID>
    <COUNTRYID>8</COUNTRYID>
    <LANGDISP>ar-KW</LANGDISP>
    <Active>TRUE</Active>
  </PageList>
  <PageList>
    <ID>7</ID>
    <LabelMstID>ICUOMCONV</LabelMstID>
    <FieldName>CONVERSION</FieldName>
    <LabelID>lblCONVERSION1s</LabelID>
    <LabelName>Conversion</LabelName>
    <LangID>1</LangID>
    <COUNTRYID>8</COUNTRYID>
    <LANGDISP>en-US</LANGDISP>
    <Active>TRUE</Active>
  </PageList>
  <PageList>
    <ID>8</ID>
    <LabelMstID>ICUOMCONV</LabelMstID>
    <FieldName>CONVERSION</FieldName>
    <LabelID>lblCONVERSION1s</LabelID>
    <LabelName>Conversion</LabelName>
    <LangID>3</LangID>
    <COUNTRYID>8</COUNTRYID>
    <LANGDISP>fr-FR</LANGDISP>
    <Active>TRUE</Active>
  </PageList>
  <PageList>
    <ID>9</ID>
    <LabelMstID>ICUOMCONV</LabelMstID>
    <FieldName>CONVERSION</FieldName>
    <LabelID>lblCONVERSION2h</LabelID>
    <LabelName>التحويل</LabelName>
    <LangID>2</LangID>
    <COUNTRYID>8</COUNTRYID>
    <LANGDISP>ar-KW</LANGDISP>
    <Active>TRUE</Active>
  </PageList>
  <PageList>
    <ID>10</ID>
    <LabelMstID>ICUOMCONV</LabelMstID>
    <FieldName>REMARKS</FieldName>
    <LabelID>lblREMARKS1s</LabelID>
    <LabelName>Remarks</LabelName>
    <LangID>1</LangID>
    <COUNTRYID>8</COUNTRYID>
    <LANGDISP>en-US</LANGDISP>
    <Active>TRUE</Active>
  </PageList>
  <PageList>
    <ID>11</ID>
    <LabelMstID>ICUOMCONV</LabelMstID>
    <FieldName>REMARKS</FieldName>
    <LabelID>lblREMARKS1s</LabelID>
    <LabelName>Remarques</LabelName>
    <LangID>3</LangID>
    <COUNTRYID>8</COUNTRYID>
    <LANGDISP>fr-FR</LANGDISP>
    <Active>TRUE</Active>
  </PageList>
  <PageList>
    <ID>12</ID>
    <LabelMstID>ICUOMCONV</LabelMstID>
    <FieldName>REMARKS</FieldName>
    <LabelID>lblREMARKS2h</LabelID>
    <LabelName>الملاحظات</LabelName>
    <LangID>2</LangID>
    <COUNTRYID>8</COUNTRYID>
    <LANGDISP>ar-KW</LANGDISP>
    <Active>TRUE</Active>
  </PageList>
  <PageList>
    <ID>13</ID>
    <LabelMstID>ICUOMCONV</LabelMstID>
    <FieldName>CRUP_ID</FieldName>
    <LabelID>lblCRUP_ID1s</LabelID>
    <LabelName>UOM Conversastion</LabelName>
    <LangID>1</LangID>
    <COUNTRYID>8</COUNTRYID>
    <LANGDISP>en-US</LANGDISP>
    <Active>TRUE</Active>
  </PageList>
  <PageList>
    <ID>14</ID>
    <LabelMstID>ICUOMCONV</LabelMstID>
    <FieldName>CRUP_ID</FieldName>
    <LabelID>lblCRUP_ID1s</LabelID>
    <LabelName>Crup nom</LabelName>
    <LangID>3</LangID>
    <COUNTRYID>8</COUNTRYID>
    <LANGDISP>fr-FR</LANGDISP>
    <Active>TRUE</Active>
  </PageList>
  <PageList>
    <ID>15</ID>
    <LabelMstID>ICUOMCONV</LabelMstID>
    <FieldName>CRUP_ID</FieldName>
    <LabelID>lblCRUP_ID2h</LabelID>
    <LabelName>اسم Crup</LabelName>
    <LangID>2</LangID>
    <COUNTRYID>8</COUNTRYID>
    <LANGDISP>ar-KW</LANGDISP>
    <Active>TRUE</Active>
  </PageList>
  <PageList>
    <ID>16</ID>
    <LabelMstID>ICUOMCONV</LabelMstID>
    <FieldName>USERID</FieldName>
    <LabelID>lblUSERID1s</LabelID>
    <LabelName>UOM Conversastion</LabelName>
    <LangID>1</LangID>
    <COUNTRYID>8</COUNTRYID>
    <LANGDISP>en-US</LANGDISP>
    <Active>TRUE</Active>
  </PageList>
  <PageList>
    <ID>17</ID>
    <LabelMstID>ICUOMCONV</LabelMstID>
    <FieldName>USERID</FieldName>
    <LabelID>lblUSERID1s</LabelID>
    <LabelName>Nom d’utilisateur</LabelName>
    <LangID>3</LangID>
    <COUNTRYID>8</COUNTRYID>
    <LANGDISP>fr-FR</LANGDISP>
    <Active>TRUE</Active>
  </PageList>
  <PageList>
    <ID>18</ID>
    <LabelMstID>ICUOMCONV</LabelMstID>
    <FieldName>USERID</FieldName>
    <LabelID>lblUSERID2h</LabelID>
    <LabelName>اسم المستخدم</LabelName>
    <LangID>2</LangID>
    <COUNTRYID>8</COUNTRYID>
    <LANGDISP>ar-KW</LANGDISP>
    <Active>TRUE</Active>
  </PageList>
  <PageList>
    <ID>19</ID>
    <LabelMstID>ICUOMCONV</LabelMstID>
    <FieldName>ENTRYDATE</FieldName>
    <LabelID>lblENTRYDATE1s</LabelID>
    <LabelName>UOM Conversastion</LabelName>
    <LangID>1</LangID>
    <COUNTRYID>8</COUNTRYID>
    <LANGDISP>en-US</LANGDISP>
    <Active>TRUE</Active>
  </PageList>
  <PageList>
    <ID>20</ID>
    <LabelMstID>ICUOMCONV</LabelMstID>
    <FieldName>ENTRYDATE</FieldName>
    <LabelID>lblENTRYDATE1s</LabelID>
    <LabelName>ENTRYDATE</LabelName>
    <LangID>3</LangID>
    <COUNTRYID>8</COUNTRYID>
    <LANGDISP>fr-FR</LANGDISP>
    <Active>TRUE</Active>
  </PageList>
  <PageList>
    <ID>21</ID>
    <LabelMstID>ICUOMCONV</LabelMstID>
    <FieldName>ENTRYDATE</FieldName>
    <LabelID>lblENTRYDATE2h</LabelID>
    <LabelName>انتريداتي</LabelName>
    <LangID>2</LangID>
    <COUNTRYID>8</COUNTRYID>
    <LANGDISP>ar-KW</LANGDISP>
    <Active>TRUE</Active>
  </PageList>
  <PageList>
    <ID>22</ID>
    <LabelMstID>ICUOMCONV</LabelMstID>
    <FieldName>ENTRYTIME</FieldName>
    <LabelID>lblENTRYTIME1s</LabelID>
    <LabelName>UOM Conversastion</LabelName>
    <LangID>1</LangID>
    <COUNTRYID>8</COUNTRYID>
    <LANGDISP>en-US</LANGDISP>
    <Active>TRUE</Active>
  </PageList>
  <PageList>
    <ID>23</ID>
    <LabelMstID>ICUOMCONV</LabelMstID>
    <FieldName>ENTRYTIME</FieldName>
    <LabelID>lblENTRYTIME1s</LabelID>
    <LabelName>EntryTime</LabelName>
    <LangID>3</LangID>
    <COUNTRYID>8</COUNTRYID>
    <LANGDISP>fr-FR</LANGDISP>
    <Active>TRUE</Active>
  </PageList>
  <PageList>
    <ID>24</ID>
    <LabelMstID>ICUOMCONV</LabelMstID>
    <FieldName>ENTRYTIME</FieldName>
    <LabelID>lblENTRYTIME2h</LabelID>
    <LabelName>انتريتيمي</LabelName>
    <LangID>2</LangID>
    <COUNTRYID>8</COUNTRYID>
    <LANGDISP>ar-KW</LANGDISP>
    <Active>TRUE</Active>
  </PageList>
  <PageList>
    <ID>25</ID>
    <LabelMstID>ICUOMCONV</LabelMstID>
    <FieldName>UPDTTIME</FieldName>
    <LabelID>lblUPDTTIME1s</LabelID>
    <LabelName>UOM Conversastion</LabelName>
    <LangID>1</LangID>
    <COUNTRYID>8</COUNTRYID>
    <LANGDISP>en-US</LANGDISP>
    <Active>TRUE</Active>
  </PageList>
  <PageList>
    <ID>26</ID>
    <LabelMstID>ICUOMCONV</LabelMstID>
    <FieldName>UPDTTIME</FieldName>
    <LabelID>lblUPDTTIME1s</LabelID>
    <LabelName>Updttime</LabelName>
    <LangID>3</LangID>
    <COUNTRYID>8</COUNTRYID>
    <LANGDISP>fr-FR</LANGDISP>
    <Active>TRUE</Active>
  </PageList>
  <PageList>
    <ID>27</ID>
    <LabelMstID>ICUOMCONV</LabelMstID>
    <FieldName>UPDTTIME</FieldName>
    <LabelID>lblUPDTTIME2h</LabelID>
    <LabelName>أوبدتيمي</LabelName>
    <LangID>2</LangID>
    <COUNTRYID>8</COUNTRYID>
    <LANGDISP>ar-KW</LANGDISP>
    <Active>TRUE</Active>
  </PageList>
  <PageList>
    <ID>28</ID>
    <LabelMstID>ICUOMCONV</LabelMstID>
    <FieldName>NULL</FieldName>
    <LabelID>lblHeader1s</LabelID>
    <LabelName>UOM Conversastion</LabelName>
    <LangID>1</LangID>
    <COUNTRYID>8</COUNTRYID>
    <LANGDISP>en-US</LANGDISP>
    <Active>TRUE</Active>
  </PageList>
  <PageList>
    <ID>29</ID>
    <LabelMstID>ICUOMCONV</LabelMstID>
    <FieldName>NULL</FieldName>
    <LabelID>lblHeader1s</LabelID>
    <LabelName>ICUOMCONV</LabelName>
    <LangID>3</LangID>
    <COUNTRYID>8</COUNTRYID>
    <LANGDISP>fr-FR</LANGDISP>
    <Active>TRUE</Active>
  </PageList>
  <PageList>
    <ID>30</ID>
    <LabelMstID>ICUOMCONV</LabelMstID>
    <FieldName>NULL</FieldName>
    <LabelID>lblHeader2h</LabelID>
    <LabelName>إيكومكونف</LabelName>
    <LangID>2</LangID>
    <COUNTRYID>8</COUNTRYID>
    <LANGDISP>ar-KW</LANGDISP>
    <Active>TRUE</Active>
  </PageList>
</TBLLabelDTL>