<?xml version="1.0" standalone="yes"?>
<TBLLabelDTL>
  <PageList>
    <ID>1</ID>
    <LabelMstID>ICUOM</LabelMstID>
    <FieldName>TenantID</FieldName>
    <LabelID>lblTenantID1s</LabelID>
    <LabelName>UOM</LabelName>
    <LangID>1</LangID>
    <COUNTRYID>8</COUNTRYID>
    <LANGDISP>en-US</LANGDISP>
    <Active>TRUE</Active>
  </PageList>
  <PageList>
    <ID>2</ID>
    <LabelMstID>ICUOM</LabelMstID>
    <FieldName>TenantID</FieldName>
    <LabelID>lblTenantID1s</LabelID>
    <LabelName>Nom du locataire</LabelName>
    <LangID>3</LangID>
    <COUNTRYID>8</COUNTRYID>
    <LANGDISP>fr-FR</LANGDISP>
    <Active>TRUE</Active>
  </PageList>
  <PageList>
    <ID>3</ID>
    <LabelMstID>ICUOM</LabelMstID>
    <FieldName>TenantID</FieldName>
    <LabelID>lblTenantID2h</LabelID>
    <LabelName>إيكوم</LabelName>
    <LangID>2</LangID>
    <COUNTRYID>8</COUNTRYID>
    <LANGDISP>ar-KW</LANGDISP>
    <Active>TRUE</Active>
  </PageList>
  <PageList>
    <ID>4</ID>
    <LabelMstID>ICUOM</LabelMstID>
    <FieldName>UOM</FieldName>
    <LabelID>lblUOM1s</LabelID>
    <LabelName>UOM</LabelName>
    <LangID>1</LangID>
    <COUNTRYID>8</COUNTRYID>
    <LANGDISP>en-US</LANGDISP>
    <Active>TRUE</Active>
  </PageList>
  <PageList>
    <ID>5</ID>
    <LabelMstID>ICUOM</LabelMstID>
    <FieldName>UOM</FieldName>
    <LabelID>lblUOM1s</LabelID>
    <LabelName>Unité de mesure</LabelName>
    <LangID>3</LangID>
    <COUNTRYID>8</COUNTRYID>
    <LANGDISP>fr-FR</LANGDISP>
    <Active>TRUE</Active>
  </PageList>
  <PageList>
    <ID>6</ID>
    <LabelMstID>ICUOM</LabelMstID>
    <FieldName>UOM</FieldName>
    <LabelID>lblUOM2h</LabelID>
    <LabelName>إيكوم</LabelName>
    <LangID>2</LangID>
    <COUNTRYID>8</COUNTRYID>
    <LANGDISP>ar-KW</LANGDISP>
    <Active>TRUE</Active>
  </PageList>
  <PageList>
    <ID>7</ID>
    <LabelMstID>ICUOM</LabelMstID>
    <FieldName>UOMNAMESHORT</FieldName>
    <LabelID>lblUOMNAMESHORT1s</LabelID>
    <LabelName>Short Name </LabelName>
    <LangID>1</LangID>
    <COUNTRYID>8</COUNTRYID>
    <LANGDISP>en-US</LANGDISP>
    <Active>TRUE</Active>
  </PageList>
  <PageList>
    <ID>8</ID>
    <LabelMstID>ICUOM</LabelMstID>
    <FieldName>UOMNAMESHORT</FieldName>
    <LabelID>lblUOMNAMESHORT1s</LabelID>
    <LabelName>Uomnameshort</LabelName>
    <LangID>3</LangID>
    <COUNTRYID>8</COUNTRYID>
    <LANGDISP>fr-FR</LANGDISP>
    <Active>TRUE</Active>
  </PageList>
  <PageList>
    <ID>9</ID>
    <LabelMstID>ICUOM</LabelMstID>
    <FieldName>UOMNAMESHORT</FieldName>
    <LabelID>lblUOMNAMESHORT2h</LabelID>
    <LabelName>أوومناميشورت</LabelName>
    <LangID>2</LangID>
    <COUNTRYID>8</COUNTRYID>
    <LANGDISP>ar-KW</LANGDISP>
    <Active>TRUE</Active>
  </PageList>
  <PageList>
    <ID>10</ID>
    <LabelMstID>ICUOM</LabelMstID>
    <FieldName>UOMNAME1</FieldName>
    <LabelID>lblUOMNAME11s</LabelID>
    <LabelName>UOM English</LabelName>
    <LangID>1</LangID>
    <COUNTRYID>8</COUNTRYID>
    <LANGDISP>en-US</LANGDISP>
    <Active>TRUE</Active>
  </PageList>
  <PageList>
    <ID>11</ID>
    <LabelMstID>ICUOM</LabelMstID>
    <FieldName>UOMNAME1</FieldName>
    <LabelID>lblUOMNAME11s</LabelID>
    <LabelName>Uomname1</LabelName>
    <LangID>3</LangID>
    <COUNTRYID>8</COUNTRYID>
    <LANGDISP>fr-FR</LANGDISP>
    <Active>TRUE</Active>
  </PageList>
  <PageList>
    <ID>12</ID>
    <LabelMstID>ICUOM</LabelMstID>
    <FieldName>UOMNAME1</FieldName>
    <LabelID>lblUOMNAME12h</LabelID>
    <LabelName>اسم جامعة ميتشجان </LabelName>
    <LangID>2</LangID>
    <COUNTRYID>8</COUNTRYID>
    <LANGDISP>ar-KW</LANGDISP>
    <Active>TRUE</Active>
  </PageList>
  <PageList>
    <ID>13</ID>
    <LabelMstID>ICUOM</LabelMstID>
    <FieldName>UOMNAME2</FieldName>
    <LabelID>lblUOMNAME21s</LabelID>
    <LabelName>UOM Arabic</LabelName>
    <LangID>1</LangID>
    <COUNTRYID>8</COUNTRYID>
    <LANGDISP>en-US</LANGDISP>
    <Active>TRUE</Active>
  </PageList>
  <PageList>
    <ID>14</ID>
    <LabelMstID>ICUOM</LabelMstID>
    <FieldName>UOMNAME2</FieldName>
    <LabelID>lblUOMNAME21s</LabelID>
    <LabelName>Uomname2</LabelName>
    <LangID>3</LangID>
    <COUNTRYID>8</COUNTRYID>
    <LANGDISP>fr-FR</LANGDISP>
    <Active>TRUE</Active>
  </PageList>
  <PageList>
    <ID>15</ID>
    <LabelMstID>ICUOM</LabelMstID>
    <FieldName>UOMNAME2</FieldName>
    <LabelID>lblUOMNAME22h</LabelID>
    <LabelName>اسم جامعة ميتشجان 2</LabelName>
    <LangID>2</LangID>
    <COUNTRYID>8</COUNTRYID>
    <LANGDISP>ar-KW</LANGDISP>
    <Active>TRUE</Active>
  </PageList>
  <PageList>
    <ID>16</ID>
    <LabelMstID>ICUOM</LabelMstID>
    <FieldName>UOMNAME3</FieldName>
    <LabelID>lblUOMNAME31s</LabelID>
    <LabelName>UOM Franch</LabelName>
    <LangID>1</LangID>
    <COUNTRYID>8</COUNTRYID>
    <LANGDISP>en-US</LANGDISP>
    <Active>TRUE</Active>
  </PageList>
  <PageList>
    <ID>17</ID>
    <LabelMstID>ICUOM</LabelMstID>
    <FieldName>UOMNAME3</FieldName>
    <LabelID>lblUOMNAME31s</LabelID>
    <LabelName>Uomname3</LabelName>
    <LangID>3</LangID>
    <COUNTRYID>8</COUNTRYID>
    <LANGDISP>fr-FR</LANGDISP>
    <Active>TRUE</Active>
  </PageList>
  <PageList>
    <ID>18</ID>
    <LabelMstID>ICUOM</LabelMstID>
    <FieldName>UOMNAME3</FieldName>
    <LabelID>lblUOMNAME32h</LabelID>
    <LabelName>اسم جامعة ميتشجان 3</LabelName>
    <LangID>2</LangID>
    <COUNTRYID>8</COUNTRYID>
    <LANGDISP>ar-KW</LANGDISP>
    <Active>TRUE</Active>
  </PageList>
  <PageList>
    <ID>19</ID>
    <LabelMstID>ICUOM</LabelMstID>
    <FieldName>REMARKS</FieldName>
    <LabelID>lblREMARKS1s</LabelID>
    <LabelName>Remarks</LabelName>
    <LangID>1</LangID>
    <COUNTRYID>8</COUNTRYID>
    <LANGDISP>en-US</LANGDISP>
    <Active>TRUE</Active>
  </PageList>
  <PageList>
    <ID>20</ID>
    <LabelMstID>ICUOM</LabelMstID>
    <FieldName>REMARKS</FieldName>
    <LabelID>lblREMARKS1s</LabelID>
    <LabelName>Remarques</LabelName>
    <LangID>3</LangID>
    <COUNTRYID>8</COUNTRYID>
    <LANGDISP>fr-FR</LANGDISP>
    <Active>TRUE</Active>
  </PageList>
  <PageList>
    <ID>21</ID>
    <LabelMstID>ICUOM</LabelMstID>
    <FieldName>REMARKS</FieldName>
    <LabelID>lblREMARKS2h</LabelID>
    <LabelName>الملاحظات</LabelName>
    <LangID>2</LangID>
    <COUNTRYID>8</COUNTRYID>
    <LANGDISP>ar-KW</LANGDISP>
    <Active>TRUE</Active>
  </PageList>
  <PageList>
    <ID>22</ID>
    <LabelMstID>ICUOM</LabelMstID>
    <FieldName>CRUP_ID</FieldName>
    <LabelID>lblCRUP_ID1s</LabelID>
    <LabelName>UOM</LabelName>
    <LangID>1</LangID>
    <COUNTRYID>8</COUNTRYID>
    <LANGDISP>en-US</LANGDISP>
    <Active>TRUE</Active>
  </PageList>
  <PageList>
    <ID>23</ID>
    <LabelMstID>ICUOM</LabelMstID>
    <FieldName>CRUP_ID</FieldName>
    <LabelID>lblCRUP_ID1s</LabelID>
    <LabelName>Crup nom</LabelName>
    <LangID>3</LangID>
    <COUNTRYID>8</COUNTRYID>
    <LANGDISP>fr-FR</LANGDISP>
    <Active>TRUE</Active>
  </PageList>
  <PageList>
    <ID>24</ID>
    <LabelMstID>ICUOM</LabelMstID>
    <FieldName>CRUP_ID</FieldName>
    <LabelID>lblCRUP_ID2h</LabelID>
    <LabelName>إيكوم</LabelName>
    <LangID>2</LangID>
    <COUNTRYID>8</COUNTRYID>
    <LANGDISP>ar-KW</LANGDISP>
    <Active>TRUE</Active>
  </PageList>
  <PageList>
    <ID>25</ID>
    <LabelMstID>ICUOM</LabelMstID>
    <FieldName>Active</FieldName>
    <LabelID>lblActive1s</LabelID>
    <LabelName>Active</LabelName>
    <LangID>1</LangID>
    <COUNTRYID>8</COUNTRYID>
    <LANGDISP>en-US</LANGDISP>
    <Active>TRUE</Active>
  </PageList>
  <PageList>
    <ID>26</ID>
    <LabelMstID>ICUOM</LabelMstID>
    <FieldName>Active</FieldName>
    <LabelID>lblActive1s</LabelID>
    <LabelName>Actif</LabelName>
    <LangID>3</LangID>
    <COUNTRYID>8</COUNTRYID>
    <LANGDISP>fr-FR</LANGDISP>
    <Active>TRUE</Active>
  </PageList>
  <PageList>
    <ID>27</ID>
    <LabelMstID>ICUOM</LabelMstID>
    <FieldName>Active</FieldName>
    <LabelID>lblActive2h</LabelID>
    <LabelName>النشطة</LabelName>
    <LangID>2</LangID>
    <COUNTRYID>8</COUNTRYID>
    <LANGDISP>ar-KW</LANGDISP>
    <Active>TRUE</Active>
  </PageList>
  <PageList>
    <ID>28</ID>
    <LabelMstID>ICUOM</LabelMstID>
    <FieldName>UOMNAME</FieldName>
    <LabelID>lblUOMNAME1s</LabelID>
    <LabelName>UOM</LabelName>
    <LangID>1</LangID>
    <COUNTRYID>8</COUNTRYID>
    <LANGDISP>en-US</LANGDISP>
    <Active>TRUE</Active>
  </PageList>
  <PageList>
    <ID>29</ID>
    <LabelMstID>ICUOM</LabelMstID>
    <FieldName>UOMNAME</FieldName>
    <LabelID>lblUOMNAME1s</LabelID>
    <LabelName>Uomname</LabelName>
    <LangID>3</LangID>
    <COUNTRYID>8</COUNTRYID>
    <LANGDISP>fr-FR</LANGDISP>
    <Active>TRUE</Active>
  </PageList>
  <PageList>
    <ID>30</ID>
    <LabelMstID>ICUOM</LabelMstID>
    <FieldName>UOMNAME</FieldName>
    <LabelID>lblUOMNAME2h</LabelID>
    <LabelName>أوومنامي</LabelName>
    <LangID>2</LangID>
    <COUNTRYID>8</COUNTRYID>
    <LANGDISP>ar-KW</LANGDISP>
    <Active>TRUE</Active>
  </PageList>
  <PageList>
    <ID>31</ID>
    <LabelMstID>ICUOM</LabelMstID>
    <FieldName>UOMNAMEO</FieldName>
    <LabelID>lblUOMNAMEO1s</LabelID>
    <LabelName>UOM</LabelName>
    <LangID>1</LangID>
    <COUNTRYID>8</COUNTRYID>
    <LANGDISP>en-US</LANGDISP>
    <Active>TRUE</Active>
  </PageList>
  <PageList>
    <ID>32</ID>
    <LabelMstID>ICUOM</LabelMstID>
    <FieldName>UOMNAMEO</FieldName>
    <LabelID>lblUOMNAMEO1s</LabelID>
    <LabelName>Uomnameo</LabelName>
    <LangID>3</LangID>
    <COUNTRYID>8</COUNTRYID>
    <LANGDISP>fr-FR</LANGDISP>
    <Active>TRUE</Active>
  </PageList>
  <PageList>
    <ID>33</ID>
    <LabelMstID>ICUOM</LabelMstID>
    <FieldName>UOMNAMEO</FieldName>
    <LabelID>lblUOMNAMEO2h</LabelID>
    <LabelName>أوومناميو</LabelName>
    <LangID>2</LangID>
    <COUNTRYID>8</COUNTRYID>
    <LANGDISP>ar-KW</LANGDISP>
    <Active>TRUE</Active>
  </PageList>
  <PageList>
    <ID>34</ID>
    <LabelMstID>ICUOM</LabelMstID>
    <FieldName>NULL</FieldName>
    <LabelID>lblHeader1s</LabelID>
    <LabelName>UOM</LabelName>
    <LangID>1</LangID>
    <COUNTRYID>8</COUNTRYID>
    <LANGDISP>en-US</LANGDISP>
    <Active>TRUE</Active>
  </PageList>
  <PageList>
    <ID>35</ID>
    <LabelMstID>ICUOM</LabelMstID>
    <FieldName>NULL</FieldName>
    <LabelID>lblHeader1s</LabelID>
    <LabelName>ICUOM</LabelName>
    <LangID>3</LangID>
    <COUNTRYID>8</COUNTRYID>
    <LANGDISP>fr-FR</LANGDISP>
    <Active>TRUE</Active>
  </PageList>
  <PageList>
    <ID>36</ID>
    <LabelMstID>ICUOM</LabelMstID>
    <FieldName>NULL</FieldName>
    <LabelID>lblHeader2h</LabelID>
    <LabelName>إيكوم</LabelName>
    <LangID>2</LangID>
    <COUNTRYID>8</COUNTRYID>
    <LANGDISP>ar-KW</LANGDISP>
    <Active>TRUE</Active>
  </PageList>
</TBLLabelDTL>