<?xml version="1.0" standalone="yes"?>
<TBLLabelDTL>
<PageList><ID>1</ID><LabelMstID>REFTABLE</LabelMstID><FieldName>TenantID</FieldName><LabelID>lblTenantID1s</LabelID><LabelName>Tenant name</LabelName><LangID>1</LangID><COUNTRYID>8</COUNTRYID><LANGDISP>en-US</LANGDISP><Active>TRUE</Active></PageList> 
<PageList><ID>2</ID><LabelMstID>REFTABLE</LabelMstID><FieldName>TenantID</FieldName><LabelID>lblTenantID1s</LabelID><LabelName></LabelName><LangID>3</LangID><COUNTRYID>8</COUNTRYID><LANGDISP>fr-FR</LANGDISP><Active>TRUE</Active></PageList> 
<PageList><ID>3</ID><LabelMstID>REFTABLE</LabelMstID><FieldName>TenantID</FieldName><LabelID>lblTenantID2h</LabelID><LabelName></LabelName><LangID>2</LangID><COUNTRYID>8</COUNTRYID><LANGDISP>ar-KW</LANGDISP><Active>TRUE</Active></PageList> 
<PageList><ID>4</ID><LabelMstID>REFTABLE</LabelMstID><FieldName>REFID</FieldName><LabelID>lblREFID1s</LabelID><LabelName>Ref name</LabelName><LangID>1</LangID><COUNTRYID>8</COUNTRYID><LANGDISP>en-US</LANGDISP><Active>TRUE</Active></PageList> 
<PageList><ID>5</ID><LabelMstID>REFTABLE</LabelMstID><FieldName>REFID</FieldName><LabelID>lblREFID1s</LabelID><LabelName></LabelName><LangID>3</LangID><COUNTRYID>8</COUNTRYID><LANGDISP>fr-FR</LANGDISP><Active>TRUE</Active></PageList> 
<PageList><ID>6</ID><LabelMstID>REFTABLE</LabelMstID><FieldName>REFID</FieldName><LabelID>lblREFID2h</LabelID><LabelName></LabelName><LangID>2</LangID><COUNTRYID>8</COUNTRYID><LANGDISP>ar-KW</LANGDISP><Active>TRUE</Active></PageList> 
<PageList><ID>7</ID><LabelMstID>REFTABLE</LabelMstID><FieldName>REFTYPE</FieldName><LabelID>lblREFTYPE1s</LabelID><LabelName>Reftype</LabelName><LangID>1</LangID><COUNTRYID>8</COUNTRYID><LANGDISP>en-US</LANGDISP><Active>TRUE</Active></PageList> 
<PageList><ID>8</ID><LabelMstID>REFTABLE</LabelMstID><FieldName>REFTYPE</FieldName><LabelID>lblREFTYPE1s</LabelID><LabelName></LabelName><LangID>3</LangID><COUNTRYID>8</COUNTRYID><LANGDISP>fr-FR</LANGDISP><Active>TRUE</Active></PageList> 
<PageList><ID>9</ID><LabelMstID>REFTABLE</LabelMstID><FieldName>REFTYPE</FieldName><LabelID>lblREFTYPE2h</LabelID><LabelName></LabelName><LangID>2</LangID><COUNTRYID>8</COUNTRYID><LANGDISP>ar-KW</LANGDISP><Active>TRUE</Active></PageList> 
<PageList><ID>10</ID><LabelMstID>REFTABLE</LabelMstID><FieldName>REFSUBTYPE</FieldName><LabelID>lblREFSUBTYPE1s</LabelID><LabelName>Refsubtype</LabelName><LangID>1</LangID><COUNTRYID>8</COUNTRYID><LANGDISP>en-US</LANGDISP><Active>TRUE</Active></PageList> 
<PageList><ID>11</ID><LabelMstID>REFTABLE</LabelMstID><FieldName>REFSUBTYPE</FieldName><LabelID>lblREFSUBTYPE1s</LabelID><LabelName></LabelName><LangID>3</LangID><COUNTRYID>8</COUNTRYID><LANGDISP>fr-FR</LANGDISP><Active>TRUE</Active></PageList> 
<PageList><ID>12</ID><LabelMstID>REFTABLE</LabelMstID><FieldName>REFSUBTYPE</FieldName><LabelID>lblREFSUBTYPE2h</LabelID><LabelName></LabelName><LangID>2</LangID><COUNTRYID>8</COUNTRYID><LANGDISP>ar-KW</LANGDISP><Active>TRUE</Active></PageList> 
<PageList><ID>13</ID><LabelMstID>REFTABLE</LabelMstID><FieldName>SHORTNAME</FieldName><LabelID>lblSHORTNAME1s</LabelID><LabelName>Shortname</LabelName><LangID>1</LangID><COUNTRYID>8</COUNTRYID><LANGDISP>en-US</LANGDISP><Active>TRUE</Active></PageList> 
<PageList><ID>14</ID><LabelMstID>REFTABLE</LabelMstID><FieldName>SHORTNAME</FieldName><LabelID>lblSHORTNAME1s</LabelID><LabelName></LabelName><LangID>3</LangID><COUNTRYID>8</COUNTRYID><LANGDISP>fr-FR</LANGDISP><Active>TRUE</Active></PageList> 
<PageList><ID>15</ID><LabelMstID>REFTABLE</LabelMstID><FieldName>SHORTNAME</FieldName><LabelID>lblSHORTNAME2h</LabelID><LabelName></LabelName><LangID>2</LangID><COUNTRYID>8</COUNTRYID><LANGDISP>ar-KW</LANGDISP><Active>TRUE</Active></PageList> 
<PageList><ID>16</ID><LabelMstID>REFTABLE</LabelMstID><FieldName>REFNAME1</FieldName><LabelID>lblREFNAME11s</LabelID><LabelName>Refname1</LabelName><LangID>1</LangID><COUNTRYID>8</COUNTRYID><LANGDISP>en-US</LANGDISP><Active>TRUE</Active></PageList> 
<PageList><ID>17</ID><LabelMstID>REFTABLE</LabelMstID><FieldName>REFNAME1</FieldName><LabelID>lblREFNAME11s</LabelID><LabelName></LabelName><LangID>3</LangID><COUNTRYID>8</COUNTRYID><LANGDISP>fr-FR</LANGDISP><Active>TRUE</Active></PageList> 
<PageList><ID>18</ID><LabelMstID>REFTABLE</LabelMstID><FieldName>REFNAME1</FieldName><LabelID>lblREFNAME12h</LabelID><LabelName></LabelName><LangID>2</LangID><COUNTRYID>8</COUNTRYID><LANGDISP>ar-KW</LANGDISP><Active>TRUE</Active></PageList> 
<PageList><ID>19</ID><LabelMstID>REFTABLE</LabelMstID><FieldName>REFNAME2</FieldName><LabelID>lblREFNAME21s</LabelID><LabelName>Refname2</LabelName><LangID>1</LangID><COUNTRYID>8</COUNTRYID><LANGDISP>en-US</LANGDISP><Active>TRUE</Active></PageList> 
<PageList><ID>20</ID><LabelMstID>REFTABLE</LabelMstID><FieldName>REFNAME2</FieldName><LabelID>lblREFNAME21s</LabelID><LabelName></LabelName><LangID>3</LangID><COUNTRYID>8</COUNTRYID><LANGDISP>fr-FR</LANGDISP><Active>TRUE</Active></PageList> 
<PageList><ID>21</ID><LabelMstID>REFTABLE</LabelMstID><FieldName>REFNAME2</FieldName><LabelID>lblREFNAME22h</LabelID><LabelName></LabelName><LangID>2</LangID><COUNTRYID>8</COUNTRYID><LANGDISP>ar-KW</LANGDISP><Active>TRUE</Active></PageList> 
<PageList><ID>22</ID><LabelMstID>REFTABLE</LabelMstID><FieldName>REFNAME3</FieldName><LabelID>lblREFNAME31s</LabelID><LabelName>Refname3</LabelName><LangID>1</LangID><COUNTRYID>8</COUNTRYID><LANGDISP>en-US</LANGDISP><Active>TRUE</Active></PageList> 
<PageList><ID>23</ID><LabelMstID>REFTABLE</LabelMstID><FieldName>REFNAME3</FieldName><LabelID>lblREFNAME31s</LabelID><LabelName></LabelName><LangID>3</LangID><COUNTRYID>8</COUNTRYID><LANGDISP>fr-FR</LANGDISP><Active>TRUE</Active></PageList> 
<PageList><ID>24</ID><LabelMstID>REFTABLE</LabelMstID><FieldName>REFNAME3</FieldName><LabelID>lblREFNAME32h</LabelID><LabelName></LabelName><LangID>2</LangID><COUNTRYID>8</COUNTRYID><LANGDISP>ar-KW</LANGDISP><Active>TRUE</Active></PageList> 
<PageList><ID>25</ID><LabelMstID>REFTABLE</LabelMstID><FieldName>SWITCH1</FieldName><LabelID>lblSWITCH11s</LabelID><LabelName>Switch1</LabelName><LangID>1</LangID><COUNTRYID>8</COUNTRYID><LANGDISP>en-US</LANGDISP><Active>TRUE</Active></PageList> 
<PageList><ID>26</ID><LabelMstID>REFTABLE</LabelMstID><FieldName>SWITCH1</FieldName><LabelID>lblSWITCH11s</LabelID><LabelName></LabelName><LangID>3</LangID><COUNTRYID>8</COUNTRYID><LANGDISP>fr-FR</LANGDISP><Active>TRUE</Active></PageList> 
<PageList><ID>27</ID><LabelMstID>REFTABLE</LabelMstID><FieldName>SWITCH1</FieldName><LabelID>lblSWITCH12h</LabelID><LabelName></LabelName><LangID>2</LangID><COUNTRYID>8</COUNTRYID><LANGDISP>ar-KW</LANGDISP><Active>TRUE</Active></PageList> 
<PageList><ID>28</ID><LabelMstID>REFTABLE</LabelMstID><FieldName>SWITCH2</FieldName><LabelID>lblSWITCH21s</LabelID><LabelName>Switch2</LabelName><LangID>1</LangID><COUNTRYID>8</COUNTRYID><LANGDISP>en-US</LANGDISP><Active>TRUE</Active></PageList> 
<PageList><ID>29</ID><LabelMstID>REFTABLE</LabelMstID><FieldName>SWITCH2</FieldName><LabelID>lblSWITCH21s</LabelID><LabelName></LabelName><LangID>3</LangID><COUNTRYID>8</COUNTRYID><LANGDISP>fr-FR</LANGDISP><Active>TRUE</Active></PageList> 
<PageList><ID>30</ID><LabelMstID>REFTABLE</LabelMstID><FieldName>SWITCH2</FieldName><LabelID>lblSWITCH22h</LabelID><LabelName></LabelName><LangID>2</LangID><COUNTRYID>8</COUNTRYID><LANGDISP>ar-KW</LANGDISP><Active>TRUE</Active></PageList> 
<PageList><ID>31</ID><LabelMstID>REFTABLE</LabelMstID><FieldName>SWITCH3</FieldName><LabelID>lblSWITCH31s</LabelID><LabelName>Switch3</LabelName><LangID>1</LangID><COUNTRYID>8</COUNTRYID><LANGDISP>en-US</LANGDISP><Active>TRUE</Active></PageList> 
<PageList><ID>32</ID><LabelMstID>REFTABLE</LabelMstID><FieldName>SWITCH3</FieldName><LabelID>lblSWITCH31s</LabelID><LabelName></LabelName><LangID>3</LangID><COUNTRYID>8</COUNTRYID><LANGDISP>fr-FR</LANGDISP><Active>TRUE</Active></PageList> 
<PageList><ID>33</ID><LabelMstID>REFTABLE</LabelMstID><FieldName>SWITCH3</FieldName><LabelID>lblSWITCH32h</LabelID><LabelName></LabelName><LangID>2</LangID><COUNTRYID>8</COUNTRYID><LANGDISP>ar-KW</LANGDISP><Active>TRUE</Active></PageList> 
<PageList><ID>34</ID><LabelMstID>REFTABLE</LabelMstID><FieldName>SWITCH4</FieldName><LabelID>lblSWITCH41s</LabelID><LabelName>Switch4</LabelName><LangID>1</LangID><COUNTRYID>8</COUNTRYID><LANGDISP>en-US</LANGDISP><Active>TRUE</Active></PageList> 
<PageList><ID>35</ID><LabelMstID>REFTABLE</LabelMstID><FieldName>SWITCH4</FieldName><LabelID>lblSWITCH41s</LabelID><LabelName></LabelName><LangID>3</LangID><COUNTRYID>8</COUNTRYID><LANGDISP>fr-FR</LANGDISP><Active>TRUE</Active></PageList> 
<PageList><ID>36</ID><LabelMstID>REFTABLE</LabelMstID><FieldName>SWITCH4</FieldName><LabelID>lblSWITCH42h</LabelID><LabelName></LabelName><LangID>2</LangID><COUNTRYID>8</COUNTRYID><LANGDISP>ar-KW</LANGDISP><Active>TRUE</Active></PageList> 
<PageList><ID>37</ID><LabelMstID>REFTABLE</LabelMstID><FieldName>Remarks</FieldName><LabelID>lblRemarks1s</LabelID><LabelName>Remarks</LabelName><LangID>1</LangID><COUNTRYID>8</COUNTRYID><LANGDISP>en-US</LANGDISP><Active>TRUE</Active></PageList> 
<PageList><ID>38</ID><LabelMstID>REFTABLE</LabelMstID><FieldName>Remarks</FieldName><LabelID>lblRemarks1s</LabelID><LabelName></LabelName><LangID>3</LangID><COUNTRYID>8</COUNTRYID><LANGDISP>fr-FR</LANGDISP><Active>TRUE</Active></PageList> 
<PageList><ID>39</ID><LabelMstID>REFTABLE</LabelMstID><FieldName>Remarks</FieldName><LabelID>lblRemarks2h</LabelID><LabelName></LabelName><LangID>2</LangID><COUNTRYID>8</COUNTRYID><LANGDISP>ar-KW</LANGDISP><Active>TRUE</Active></PageList> 
<PageList><ID>40</ID><LabelMstID>REFTABLE</LabelMstID><FieldName>ACTIVE</FieldName><LabelID>lblACTIVE1s</LabelID><LabelName>Active</LabelName><LangID>1</LangID><COUNTRYID>8</COUNTRYID><LANGDISP>en-US</LANGDISP><Active>TRUE</Active></PageList> 
<PageList><ID>41</ID><LabelMstID>REFTABLE</LabelMstID><FieldName>ACTIVE</FieldName><LabelID>lblACTIVE1s</LabelID><LabelName></LabelName><LangID>3</LangID><COUNTRYID>8</COUNTRYID><LANGDISP>fr-FR</LANGDISP><Active>TRUE</Active></PageList> 
<PageList><ID>42</ID><LabelMstID>REFTABLE</LabelMstID><FieldName>ACTIVE</FieldName><LabelID>lblACTIVE2h</LabelID><LabelName></LabelName><LangID>2</LangID><COUNTRYID>8</COUNTRYID><LANGDISP>ar-KW</LANGDISP><Active>TRUE</Active></PageList> 
<PageList><ID>43</ID><LabelMstID>REFTABLE</LabelMstID><FieldName>CRUP_ID</FieldName><LabelID>lblCRUP_ID1s</LabelID><LabelName>Crup  name</LabelName><LangID>1</LangID><COUNTRYID>8</COUNTRYID><LANGDISP>en-US</LANGDISP><Active>TRUE</Active></PageList> 
<PageList><ID>44</ID><LabelMstID>REFTABLE</LabelMstID><FieldName>CRUP_ID</FieldName><LabelID>lblCRUP_ID1s</LabelID><LabelName></LabelName><LangID>3</LangID><COUNTRYID>8</COUNTRYID><LANGDISP>fr-FR</LANGDISP><Active>TRUE</Active></PageList> 
<PageList><ID>45</ID><LabelMstID>REFTABLE</LabelMstID><FieldName>CRUP_ID</FieldName><LabelID>lblCRUP_ID2h</LabelID><LabelName></LabelName><LangID>2</LangID><COUNTRYID>8</COUNTRYID><LANGDISP>ar-KW</LANGDISP><Active>TRUE</Active></PageList> 
<PageList><ID>46</ID><LabelMstID>REFTABLE</LabelMstID><FieldName>Infrastructure</FieldName><LabelID>lblInfrastructure1s</LabelID><LabelName>Infrastructure</LabelName><LangID>1</LangID><COUNTRYID>8</COUNTRYID><LANGDISP>en-US</LANGDISP><Active>TRUE</Active></PageList> 
<PageList><ID>47</ID><LabelMstID>REFTABLE</LabelMstID><FieldName>Infrastructure</FieldName><LabelID>lblInfrastructure1s</LabelID><LabelName></LabelName><LangID>3</LangID><COUNTRYID>8</COUNTRYID><LANGDISP>fr-FR</LANGDISP><Active>TRUE</Active></PageList> 
<PageList><ID>48</ID><LabelMstID>REFTABLE</LabelMstID><FieldName>Infrastructure</FieldName><LabelID>lblInfrastructure2h</LabelID><LabelName></LabelName><LangID>2</LangID><COUNTRYID>8</COUNTRYID><LANGDISP>ar-KW</LANGDISP><Active>TRUE</Active></PageList> 
<PageList><ID>49</ID><LabelMstID>REFTABLE</LabelMstID><FieldName>SyncDate</FieldName><LabelID>lblSyncDate1s</LabelID><LabelName>Syncdate</LabelName><LangID>1</LangID><COUNTRYID>8</COUNTRYID><LANGDISP>en-US</LANGDISP><Active>TRUE</Active></PageList> 
<PageList><ID>50</ID><LabelMstID>REFTABLE</LabelMstID><FieldName>SyncDate</FieldName><LabelID>lblSyncDate1s</LabelID><LabelName></LabelName><LangID>3</LangID><COUNTRYID>8</COUNTRYID><LANGDISP>fr-FR</LANGDISP><Active>TRUE</Active></PageList> 
<PageList><ID>51</ID><LabelMstID>REFTABLE</LabelMstID><FieldName>SyncDate</FieldName><LabelID>lblSyncDate2h</LabelID><LabelName></LabelName><LangID>2</LangID><COUNTRYID>8</COUNTRYID><LANGDISP>ar-KW</LANGDISP><Active>TRUE</Active></PageList> 
<PageList><ID>52</ID><LabelMstID>REFTABLE</LabelMstID><FieldName>NULL</FieldName><LabelID>lblHeader1s</LabelID><LabelName>REFTABLE</LabelName><LangID>1</LangID><COUNTRYID>8</COUNTRYID><LANGDISP>en-US</LANGDISP><Active>TRUE</Active></PageList> 
<PageList><ID>53</ID><LabelMstID>REFTABLE</LabelMstID><FieldName>NULL</FieldName><LabelID>lblHeader1s</LabelID><LabelName>REFTABLE</LabelName><LangID>3</LangID><COUNTRYID>8</COUNTRYID><LANGDISP>fr-FR</LANGDISP><Active>TRUE</Active></PageList> 
<PageList><ID>54</ID><LabelMstID>REFTABLE</LabelMstID><FieldName>NULL</FieldName><LabelID>lblHeader2h</LabelID><LabelName>ريفتابل</LabelName><LangID>2</LangID><COUNTRYID>8</COUNTRYID><LANGDISP>ar-KW</LANGDISP><Active>TRUE</Active></PageList> 

</TBLLabelDTL>