<?xml version="1.0" standalone="yes"?>
<TBLLabelDTL>
<PageList><ID>1</ID><LabelMstID>SenegalPageContents</LabelMstID><FieldName>ID</FieldName><LabelID>lblID1s</LabelID><LabelName> name</LabelName><LangID>1</LangID><COUNTRYID>8</COUNTRYID><LANGDISP>en-US</LANGDISP><Active>TRUE</Active></PageList> 
<PageList><ID>2</ID><LabelMstID>SenegalPageContents</LabelMstID><FieldName>ID</FieldName><LabelID>lblID1s</LabelID><LabelName> nom</LabelName><LangID>3</LangID><COUNTRYID>8</COUNTRYID><LANGDISP>fr-FR</LANGDISP><Active>TRUE</Active></PageList> 
<PageList><ID>3</ID><LabelMstID>SenegalPageContents</LabelMstID><FieldName>ID</FieldName><LabelID>lblID2h</LabelID><LabelName> الاسم</LabelName><LangID>2</LangID><COUNTRYID>8</COUNTRYID><LANGDISP>ar-KW</LANGDISP><Active>TRUE</Active></PageList> 
<PageList><ID>4</ID><LabelMstID>SenegalPageContents</LabelMstID><FieldName>PageName</FieldName><LabelID>lblPageName1s</LabelID><LabelName>Page name</LabelName><LangID>1</LangID><COUNTRYID>8</COUNTRYID><LANGDISP>en-US</LANGDISP><Active>TRUE</Active></PageList> 
<PageList><ID>5</ID><LabelMstID>SenegalPageContents</LabelMstID><FieldName>PageName</FieldName><LabelID>lblPageName1s</LabelID><LabelName>Nom de la page</LabelName><LangID>3</LangID><COUNTRYID>8</COUNTRYID><LANGDISP>fr-FR</LANGDISP><Active>TRUE</Active></PageList> 
<PageList><ID>6</ID><LabelMstID>SenegalPageContents</LabelMstID><FieldName>PageName</FieldName><LabelID>lblPageName2h</LabelID><LabelName>اسم الصفحة</LabelName><LangID>2</LangID><COUNTRYID>8</COUNTRYID><LANGDISP>ar-KW</LANGDISP><Active>TRUE</Active></PageList> 
<PageList><ID>7</ID><LabelMstID>SenegalPageContents</LabelMstID><FieldName>PageTitle</FieldName><LabelID>lblPageTitle1s</LabelID><LabelName>Page title</LabelName><LangID>1</LangID><COUNTRYID>8</COUNTRYID><LANGDISP>en-US</LANGDISP><Active>TRUE</Active></PageList> 
<PageList><ID>8</ID><LabelMstID>SenegalPageContents</LabelMstID><FieldName>PageTitle</FieldName><LabelID>lblPageTitle1s</LabelID><LabelName>Titre de la page</LabelName><LangID>3</LangID><COUNTRYID>8</COUNTRYID><LANGDISP>fr-FR</LANGDISP><Active>TRUE</Active></PageList> 
<PageList><ID>9</ID><LabelMstID>SenegalPageContents</LabelMstID><FieldName>PageTitle</FieldName><LabelID>lblPageTitle2h</LabelID><LabelName>عنوان الصفحة</LabelName><LangID>2</LangID><COUNTRYID>8</COUNTRYID><LANGDISP>ar-KW</LANGDISP><Active>TRUE</Active></PageList> 
<PageList><ID>10</ID><LabelMstID>SenegalPageContents</LabelMstID><FieldName>MetaDescription</FieldName><LabelID>lblMetaDescription1s</LabelID><LabelName>Meta description</LabelName><LangID>1</LangID><COUNTRYID>8</COUNTRYID><LANGDISP>en-US</LANGDISP><Active>TRUE</Active></PageList> 
<PageList><ID>11</ID><LabelMstID>SenegalPageContents</LabelMstID><FieldName>MetaDescription</FieldName><LabelID>lblMetaDescription1s</LabelID><LabelName>Description de méta</LabelName><LangID>3</LangID><COUNTRYID>8</COUNTRYID><LANGDISP>fr-FR</LANGDISP><Active>TRUE</Active></PageList> 
<PageList><ID>12</ID><LabelMstID>SenegalPageContents</LabelMstID><FieldName>MetaDescription</FieldName><LabelID>lblMetaDescription2h</LabelID><LabelName>وصف ميتا</LabelName><LangID>2</LangID><COUNTRYID>8</COUNTRYID><LANGDISP>ar-KW</LANGDISP><Active>TRUE</Active></PageList> 
<PageList><ID>13</ID><LabelMstID>SenegalPageContents</LabelMstID><FieldName>MetaKeyword</FieldName><LabelID>lblMetaKeyword1s</LabelID><LabelName>Meta keyword</LabelName><LangID>1</LangID><COUNTRYID>8</COUNTRYID><LANGDISP>en-US</LANGDISP><Active>TRUE</Active></PageList> 
<PageList><ID>14</ID><LabelMstID>SenegalPageContents</LabelMstID><FieldName>MetaKeyword</FieldName><LabelID>lblMetaKeyword1s</LabelID><LabelName>Mot clé META</LabelName><LangID>3</LangID><COUNTRYID>8</COUNTRYID><LANGDISP>fr-FR</LANGDISP><Active>TRUE</Active></PageList> 
<PageList><ID>15</ID><LabelMstID>SenegalPageContents</LabelMstID><FieldName>MetaKeyword</FieldName><LabelID>lblMetaKeyword2h</LabelID><LabelName>ميتا الكلمات الرئيسية</LabelName><LangID>2</LangID><COUNTRYID>8</COUNTRYID><LANGDISP>ar-KW</LANGDISP><Active>TRUE</Active></PageList> 
<PageList><ID>16</ID><LabelMstID>SenegalPageContents</LabelMstID><FieldName>EPageContent</FieldName><LabelID>lblEPageContent1s</LabelID><LabelName>Epage content</LabelName><LangID>1</LangID><COUNTRYID>8</COUNTRYID><LANGDISP>en-US</LANGDISP><Active>TRUE</Active></PageList> 
<PageList><ID>17</ID><LabelMstID>SenegalPageContents</LabelMstID><FieldName>EPageContent</FieldName><LabelID>lblEPageContent1s</LabelID><LabelName>Contenu ePage</LabelName><LangID>3</LangID><COUNTRYID>8</COUNTRYID><LANGDISP>fr-FR</LANGDISP><Active>TRUE</Active></PageList> 
<PageList><ID>18</ID><LabelMstID>SenegalPageContents</LabelMstID><FieldName>EPageContent</FieldName><LabelID>lblEPageContent2h</LabelID><LabelName>محتوى أباجي</LabelName><LangID>2</LangID><COUNTRYID>8</COUNTRYID><LANGDISP>ar-KW</LANGDISP><Active>TRUE</Active></PageList> 
<PageList><ID>19</ID><LabelMstID>SenegalPageContents</LabelMstID><FieldName>APageContent</FieldName><LabelID>lblAPageContent1s</LabelID><LabelName>Apage content</LabelName><LangID>1</LangID><COUNTRYID>8</COUNTRYID><LANGDISP>en-US</LANGDISP><Active>TRUE</Active></PageList> 
<PageList><ID>20</ID><LabelMstID>SenegalPageContents</LabelMstID><FieldName>APageContent</FieldName><LabelID>lblAPageContent1s</LabelID><LabelName>Contenu de l’Apage</LabelName><LangID>3</LangID><COUNTRYID>8</COUNTRYID><LANGDISP>fr-FR</LANGDISP><Active>TRUE</Active></PageList> 
<PageList><ID>21</ID><LabelMstID>SenegalPageContents</LabelMstID><FieldName>APageContent</FieldName><LabelID>lblAPageContent2h</LabelID><LabelName>محتوى Apage</LabelName><LangID>2</LangID><COUNTRYID>8</COUNTRYID><LANGDISP>ar-KW</LANGDISP><Active>TRUE</Active></PageList> 
<PageList><ID>22</ID><LabelMstID>SenegalPageContents</LabelMstID><FieldName>FPageContent</FieldName><LabelID>lblFPageContent1s</LabelID><LabelName>Fpage content</LabelName><LangID>1</LangID><COUNTRYID>8</COUNTRYID><LANGDISP>en-US</LANGDISP><Active>TRUE</Active></PageList> 
<PageList><ID>23</ID><LabelMstID>SenegalPageContents</LabelMstID><FieldName>FPageContent</FieldName><LabelID>lblFPageContent1s</LabelID><LabelName>Fpage contenu</LabelName><LangID>3</LangID><COUNTRYID>8</COUNTRYID><LANGDISP>fr-FR</LANGDISP><Active>TRUE</Active></PageList> 
<PageList><ID>24</ID><LabelMstID>SenegalPageContents</LabelMstID><FieldName>FPageContent</FieldName><LabelID>lblFPageContent2h</LabelID><LabelName>محتوى فباجي</LabelName><LangID>2</LangID><COUNTRYID>8</COUNTRYID><LANGDISP>ar-KW</LANGDISP><Active>TRUE</Active></PageList> 
<PageList><ID>25</ID><LabelMstID>SenegalPageContents</LabelMstID><FieldName>CreatedDate</FieldName><LabelID>lblCreatedDate1s</LabelID><LabelName>Created date</LabelName><LangID>1</LangID><COUNTRYID>8</COUNTRYID><LANGDISP>en-US</LANGDISP><Active>TRUE</Active></PageList> 
<PageList><ID>26</ID><LabelMstID>SenegalPageContents</LabelMstID><FieldName>CreatedDate</FieldName><LabelID>lblCreatedDate1s</LabelID><LabelName>Date de création</LabelName><LangID>3</LangID><COUNTRYID>8</COUNTRYID><LANGDISP>fr-FR</LANGDISP><Active>TRUE</Active></PageList> 
<PageList><ID>27</ID><LabelMstID>SenegalPageContents</LabelMstID><FieldName>CreatedDate</FieldName><LabelID>lblCreatedDate2h</LabelID><LabelName>تاريخ الإنشاء</LabelName><LangID>2</LangID><COUNTRYID>8</COUNTRYID><LANGDISP>ar-KW</LANGDISP><Active>TRUE</Active></PageList> 
<PageList><ID>28</ID><LabelMstID>SenegalPageContents</LabelMstID><FieldName>NULL</FieldName><LabelID>lblHeader1s</LabelID><LabelName>SenegalPageContents</LabelName><LangID>1</LangID><COUNTRYID>8</COUNTRYID><LANGDISP>en-US</LANGDISP><Active>TRUE</Active></PageList> 
<PageList><ID>29</ID><LabelMstID>SenegalPageContents</LabelMstID><FieldName>NULL</FieldName><LabelID>lblHeader1s</LabelID><LabelName>SenegalPageContents</LabelName><LangID>3</LangID><COUNTRYID>8</COUNTRYID><LANGDISP>fr-FR</LANGDISP><Active>TRUE</Active></PageList> 
<PageList><ID>30</ID><LabelMstID>SenegalPageContents</LabelMstID><FieldName>NULL</FieldName><LabelID>lblHeader2h</LabelID><LabelName>سينيجالباجيكونتينتس</LabelName><LangID>2</LangID><COUNTRYID>8</COUNTRYID><LANGDISP>ar-KW</LANGDISP><Active>TRUE</Active></PageList> 

</TBLLabelDTL>