<?xml version="1.0" standalone="yes"?>
<TBLLabelDTL>
  <PageList>
    <ID>1</ID>
    <LabelMstID>tbl_Event_Detail</LabelMstID>
    <FieldName>TenantID</FieldName>
    <LabelID>lblTenantID1s</LabelID>
    <LabelName>Event_Detail</LabelName>
    <LangID>1</LangID>
    <COUNTRYID>8</COUNTRYID>
    <LANGDISP>en-US</LANGDISP>
    <Active>TRUE</Active>
  </PageList>
  <PageList>
    <ID>2</ID>
    <LabelMstID>tbl_Event_Detail</LabelMstID>
    <FieldName>TenantID</FieldName>
    <LabelID>lblTenantID1s</LabelID>
    <LabelName>Nom du locataire</LabelName>
    <LangID>3</LangID>
    <COUNTRYID>8</COUNTRYID>
    <LANGDISP>fr-FR</LANGDISP>
    <Active>TRUE</Active>
  </PageList>
  <PageList>
    <ID>3</ID>
    <LabelMstID>tbl_Event_Detail</LabelMstID>
    <FieldName>TenantID</FieldName>
    <LabelID>lblTenantID2h</LabelID>
    <LabelName>اسم المستأجر</LabelName>
    <LangID>2</LangID>
    <COUNTRYID>8</COUNTRYID>
    <LANGDISP>ar-KW</LANGDISP>
    <Active>TRUE</Active>
  </PageList>
  <PageList>
    <ID>4</ID>
    <LabelMstID>tbl_Event_Detail</LabelMstID>
    <FieldName>EventID</FieldName>
    <LabelID>lblEventID1s</LabelID>
    <LabelName>Event Name</LabelName>
    <LangID>1</LangID>
    <COUNTRYID>8</COUNTRYID>
    <LANGDISP>en-US</LANGDISP>
    <Active>TRUE</Active>
  </PageList>
  <PageList>
    <ID>5</ID>
    <LabelMstID>tbl_Event_Detail</LabelMstID>
    <FieldName>EventID</FieldName>
    <LabelID>lblEventID1s</LabelID>
    <LabelName>Nom de l’événement</LabelName>
    <LangID>3</LangID>
    <COUNTRYID>8</COUNTRYID>
    <LANGDISP>fr-FR</LANGDISP>
    <Active>TRUE</Active>
  </PageList>
  <PageList>
    <ID>6</ID>
    <LabelMstID>tbl_Event_Detail</LabelMstID>
    <FieldName>EventID</FieldName>
    <LabelID>lblEventID2h</LabelID>
    <LabelName>اسم الحدث</LabelName>
    <LangID>2</LangID>
    <COUNTRYID>8</COUNTRYID>
    <LANGDISP>ar-KW</LANGDISP>
    <Active>TRUE</Active>
  </PageList>
  <PageList>
    <ID>7</ID>
    <LabelMstID>tbl_Event_Detail</LabelMstID>
    <FieldName>MyID</FieldName>
    <LabelID>lblMyID1s</LabelID>
    <LabelName>Sub Event ID</LabelName>
    <LangID>1</LangID>
    <COUNTRYID>8</COUNTRYID>
    <LANGDISP>en-US</LANGDISP>
    <Active>TRUE</Active>
  </PageList>
  <PageList>
    <ID>8</ID>
    <LabelMstID>tbl_Event_Detail</LabelMstID>
    <FieldName>MyID</FieldName>
    <LabelID>lblMyID1s</LabelID>
    <LabelName>Mon nom</LabelName>
    <LangID>3</LangID>
    <COUNTRYID>8</COUNTRYID>
    <LANGDISP>fr-FR</LANGDISP>
    <Active>TRUE</Active>
  </PageList>
  <PageList>
    <ID>9</ID>
    <LabelMstID>tbl_Event_Detail</LabelMstID>
    <FieldName>MyID</FieldName>
    <LabelID>lblMyID2h</LabelID>
    <LabelName>اسمي</LabelName>
    <LangID>2</LangID>
    <COUNTRYID>8</COUNTRYID>
    <LANGDISP>ar-KW</LANGDISP>
    <Active>TRUE</Active>
  </PageList>
  <PageList>
    <ID>10</ID>
    <LabelMstID>tbl_Event_Detail</LabelMstID>
    <FieldName>CategoryID</FieldName>
    <LabelID>lblCategoryID1s</LabelID>
    <LabelName>Category name</LabelName>
    <LangID>1</LangID>
    <COUNTRYID>8</COUNTRYID>
    <LANGDISP>en-US</LANGDISP>
    <Active>TRUE</Active>
  </PageList>
  <PageList>
    <ID>11</ID>
    <LabelMstID>tbl_Event_Detail</LabelMstID>
    <FieldName>CategoryID</FieldName>
    <LabelID>lblCategoryID1s</LabelID>
    <LabelName>Nom de la catégorie</LabelName>
    <LangID>3</LangID>
    <COUNTRYID>8</COUNTRYID>
    <LANGDISP>fr-FR</LANGDISP>
    <Active>TRUE</Active>
  </PageList>
  <PageList>
    <ID>12</ID>
    <LabelMstID>tbl_Event_Detail</LabelMstID>
    <FieldName>CategoryID</FieldName>
    <LabelID>lblCategoryID2h</LabelID>
    <LabelName>اسم الفئة</LabelName>
    <LangID>2</LangID>
    <COUNTRYID>8</COUNTRYID>
    <LANGDISP>ar-KW</LANGDISP>
    <Active>TRUE</Active>
  </PageList>
  <PageList>
    <ID>13</ID>
    <LabelMstID>tbl_Event_Detail</LabelMstID>
    <FieldName>EventType</FieldName>
    <LabelID>lblEventType1s</LabelID>
    <LabelName>Event Type</LabelName>
    <LangID>1</LangID>
    <COUNTRYID>8</COUNTRYID>
    <LANGDISP>en-US</LANGDISP>
    <Active>TRUE</Active>
  </PageList>
  <PageList>
    <ID>14</ID>
    <LabelMstID>tbl_Event_Detail</LabelMstID>
    <FieldName>EventType</FieldName>
    <LabelID>lblEventType1s</LabelID>
    <LabelName>Type d’événement</LabelName>
    <LangID>3</LangID>
    <COUNTRYID>8</COUNTRYID>
    <LANGDISP>fr-FR</LANGDISP>
    <Active>TRUE</Active>
  </PageList>
  <PageList>
    <ID>15</ID>
    <LabelMstID>tbl_Event_Detail</LabelMstID>
    <FieldName>EventType</FieldName>
    <LabelID>lblEventType2h</LabelID>
    <LabelName>نوع الحدث</LabelName>
    <LangID>2</LangID>
    <COUNTRYID>8</COUNTRYID>
    <LANGDISP>ar-KW</LANGDISP>
    <Active>TRUE</Active>
  </PageList>
  <PageList>
    <ID>16</ID>
    <LabelMstID>tbl_Event_Detail</LabelMstID>
    <FieldName>EventTopic</FieldName>
    <LabelID>lblEventTopic1s</LabelID>
    <LabelName>Event Topic</LabelName>
    <LangID>1</LangID>
    <COUNTRYID>8</COUNTRYID>
    <LANGDISP>en-US</LANGDISP>
    <Active>TRUE</Active>
  </PageList>
  <PageList>
    <ID>17</ID>
    <LabelMstID>tbl_Event_Detail</LabelMstID>
    <FieldName>EventTopic</FieldName>
    <LabelID>lblEventTopic1s</LabelID>
    <LabelName>Rubrique événement</LabelName>
    <LangID>3</LangID>
    <COUNTRYID>8</COUNTRYID>
    <LANGDISP>fr-FR</LANGDISP>
    <Active>TRUE</Active>
  </PageList>
  <PageList>
    <ID>18</ID>
    <LabelMstID>tbl_Event_Detail</LabelMstID>
    <FieldName>EventTopic</FieldName>
    <LabelID>lblEventTopic2h</LabelID>
    <LabelName>موضوع الحدث</LabelName>
    <LangID>2</LangID>
    <COUNTRYID>8</COUNTRYID>
    <LANGDISP>ar-KW</LANGDISP>
    <Active>TRUE</Active>
  </PageList>
  <PageList>
    <ID>19</ID>
    <LabelMstID>tbl_Event_Detail</LabelMstID>
    <FieldName>RegisterationIDBegin</FieldName>
    <LabelID>lblRegisterationIDBegin1s</LabelID>
    <LabelName>Registration Begin</LabelName>
    <LangID>1</LangID>
    <COUNTRYID>8</COUNTRYID>
    <LANGDISP>en-US</LANGDISP>
    <Active>TRUE</Active>
  </PageList>
  <PageList>
    <ID>20</ID>
    <LabelMstID>tbl_Event_Detail</LabelMstID>
    <FieldName>RegisterationIDBegin</FieldName>
    <LabelID>lblRegisterationIDBegin1s</LabelID>
    <LabelName>Enregistrement des</LabelName>
    <LangID>3</LangID>
    <COUNTRYID>8</COUNTRYID>
    <LANGDISP>fr-FR</LANGDISP>
    <Active>TRUE</Active>
  </PageList>
  <PageList>
    <ID>21</ID>
    <LabelMstID>tbl_Event_Detail</LabelMstID>
    <FieldName>RegisterationIDBegin</FieldName>
    <LabelID>lblRegisterationIDBegin2h</LabelID>
    <LabelName>تسجيل الدخول</LabelName>
    <LangID>2</LangID>
    <COUNTRYID>8</COUNTRYID>
    <LANGDISP>ar-KW</LANGDISP>
    <Active>TRUE</Active>
  </PageList>
  <PageList>
    <ID>22</ID>
    <LabelMstID>tbl_Event_Detail</LabelMstID>
    <FieldName>Title2Print</FieldName>
    <LabelID>lblTitle2Print1s</LabelID>
    <LabelName>Title 2 print</LabelName>
    <LangID>1</LangID>
    <COUNTRYID>8</COUNTRYID>
    <LANGDISP>en-US</LANGDISP>
    <Active>TRUE</Active>
  </PageList>
  <PageList>
    <ID>23</ID>
    <LabelMstID>tbl_Event_Detail</LabelMstID>
    <FieldName>Title2Print</FieldName>
    <LabelID>lblTitle2Print1s</LabelID>
    <LabelName>Titre 2 impression</LabelName>
    <LangID>3</LangID>
    <COUNTRYID>8</COUNTRYID>
    <LANGDISP>fr-FR</LANGDISP>
    <Active>TRUE</Active>
  </PageList>
  <PageList>
    <ID>24</ID>
    <LabelMstID>tbl_Event_Detail</LabelMstID>
    <FieldName>Title2Print</FieldName>
    <LabelID>lblTitle2Print2h</LabelID>
    <LabelName>العنوان 2 الطباعة</LabelName>
    <LangID>2</LangID>
    <COUNTRYID>8</COUNTRYID>
    <LANGDISP>ar-KW</LANGDISP>
    <Active>TRUE</Active>
  </PageList>
  <PageList>
    <ID>25</ID>
    <LabelMstID>tbl_Event_Detail</LabelMstID>
    <FieldName>RegURL</FieldName>
    <LabelID>lblRegURL1s</LabelID>
    <LabelName>Registeration URL</LabelName>
    <LangID>1</LangID>
    <COUNTRYID>8</COUNTRYID>
    <LANGDISP>en-US</LANGDISP>
    <Active>TRUE</Active>
  </PageList>
  <PageList>
    <ID>26</ID>
    <LabelMstID>tbl_Event_Detail</LabelMstID>
    <FieldName>RegURL</FieldName>
    <LabelID>lblRegURL1s</LabelID>
    <LabelName>Enregistrement des URL</LabelName>
    <LangID>3</LangID>
    <COUNTRYID>8</COUNTRYID>
    <LANGDISP>fr-FR</LANGDISP>
    <Active>TRUE</Active>
  </PageList>
  <PageList>
    <ID>27</ID>
    <LabelMstID>tbl_Event_Detail</LabelMstID>
    <FieldName>RegURL</FieldName>
    <LabelID>lblRegURL2h</LabelID>
    <LabelName>رابط التسجيل</LabelName>
    <LangID>2</LangID>
    <COUNTRYID>8</COUNTRYID>
    <LANGDISP>ar-KW</LANGDISP>
    <Active>TRUE</Active>
  </PageList>
  <PageList>
    <ID>28</ID>
    <LabelMstID>tbl_Event_Detail</LabelMstID>
    <FieldName>FromDate</FieldName>
    <LabelID>lblFromDate1s</LabelID>
    <LabelName>From Date</LabelName>
    <LangID>1</LangID>
    <COUNTRYID>8</COUNTRYID>
    <LANGDISP>en-US</LANGDISP>
    <Active>TRUE</Active>
  </PageList>
  <PageList>
    <ID>29</ID>
    <LabelMstID>tbl_Event_Detail</LabelMstID>
    <FieldName>FromDate</FieldName>
    <LabelID>lblFromDate1s</LabelID>
    <LabelName>De la Date</LabelName>
    <LangID>3</LangID>
    <COUNTRYID>8</COUNTRYID>
    <LANGDISP>fr-FR</LANGDISP>
    <Active>TRUE</Active>
  </PageList>
  <PageList>
    <ID>30</ID>
    <LabelMstID>tbl_Event_Detail</LabelMstID>
    <FieldName>FromDate</FieldName>
    <LabelID>lblFromDate2h</LabelID>
    <LabelName>من تاريخ</LabelName>
    <LangID>2</LangID>
    <COUNTRYID>8</COUNTRYID>
    <LANGDISP>ar-KW</LANGDISP>
    <Active>TRUE</Active>
  </PageList>
  <PageList>
    <ID>31</ID>
    <LabelMstID>tbl_Event_Detail</LabelMstID>
    <FieldName>ToDate</FieldName>
    <LabelID>lblToDate1s</LabelID>
    <LabelName>To Date</LabelName>
    <LangID>1</LangID>
    <COUNTRYID>8</COUNTRYID>
    <LANGDISP>en-US</LANGDISP>
    <Active>TRUE</Active>
  </PageList>
  <PageList>
    <ID>32</ID>
    <LabelMstID>tbl_Event_Detail</LabelMstID>
    <FieldName>ToDate</FieldName>
    <LabelID>lblToDate1s</LabelID>
    <LabelName>À ce jour</LabelName>
    <LangID>3</LangID>
    <COUNTRYID>8</COUNTRYID>
    <LANGDISP>fr-FR</LANGDISP>
    <Active>TRUE</Active>
  </PageList>
  <PageList>
    <ID>33</ID>
    <LabelMstID>tbl_Event_Detail</LabelMstID>
    <FieldName>ToDate</FieldName>
    <LabelID>lblToDate2h</LabelID>
    <LabelName>وحتى الآن</LabelName>
    <LangID>2</LangID>
    <COUNTRYID>8</COUNTRYID>
    <LANGDISP>ar-KW</LANGDISP>
    <Active>TRUE</Active>
  </PageList>
  <PageList>
    <ID>34</ID>
    <LabelMstID>tbl_Event_Detail</LabelMstID>
    <FieldName>Description1</FieldName>
    <LabelID>lblDescription11s</LabelID>
    <LabelName>Description 1</LabelName>
    <LangID>1</LangID>
    <COUNTRYID>8</COUNTRYID>
    <LANGDISP>en-US</LANGDISP>
    <Active>TRUE</Active>
  </PageList>
  <PageList>
    <ID>35</ID>
    <LabelMstID>tbl_Event_Detail</LabelMstID>
    <FieldName>Description1</FieldName>
    <LabelID>lblDescription11s</LabelID>
    <LabelName>Description 1</LabelName>
    <LangID>3</LangID>
    <COUNTRYID>8</COUNTRYID>
    <LANGDISP>fr-FR</LANGDISP>
    <Active>TRUE</Active>
  </PageList>
  <PageList>
    <ID>36</ID>
    <LabelMstID>tbl_Event_Detail</LabelMstID>
    <FieldName>Description1</FieldName>
    <LabelID>lblDescription12h</LabelID>
    <LabelName>وصف 1</LabelName>
    <LangID>2</LangID>
    <COUNTRYID>8</COUNTRYID>
    <LANGDISP>ar-KW</LANGDISP>
    <Active>TRUE</Active>
  </PageList>
  <PageList>
    <ID>37</ID>
    <LabelMstID>tbl_Event_Detail</LabelMstID>
    <FieldName>Description2</FieldName>
    <LabelID>lblDescription21s</LabelID>
    <LabelName>Description 2</LabelName>
    <LangID>1</LangID>
    <COUNTRYID>8</COUNTRYID>
    <LANGDISP>en-US</LANGDISP>
    <Active>TRUE</Active>
  </PageList>
  <PageList>
    <ID>38</ID>
    <LabelMstID>tbl_Event_Detail</LabelMstID>
    <FieldName>Description2</FieldName>
    <LabelID>lblDescription21s</LabelID>
    <LabelName>Description 2</LabelName>
    <LangID>3</LangID>
    <COUNTRYID>8</COUNTRYID>
    <LANGDISP>fr-FR</LANGDISP>
    <Active>TRUE</Active>
  </PageList>
  <PageList>
    <ID>39</ID>
    <LabelMstID>tbl_Event_Detail</LabelMstID>
    <FieldName>Description2</FieldName>
    <LabelID>lblDescription22h</LabelID>
    <LabelName>وصف 2</LabelName>
    <LangID>2</LangID>
    <COUNTRYID>8</COUNTRYID>
    <LANGDISP>ar-KW</LANGDISP>
    <Active>TRUE</Active>
  </PageList>
  <PageList>
    <ID>40</ID>
    <LabelMstID>tbl_Event_Detail</LabelMstID>
    <FieldName>Description3</FieldName>
    <LabelID>lblDescription31s</LabelID>
    <LabelName>Description 3</LabelName>
    <LangID>1</LangID>
    <COUNTRYID>8</COUNTRYID>
    <LANGDISP>en-US</LANGDISP>
    <Active>TRUE</Active>
  </PageList>
  <PageList>
    <ID>41</ID>
    <LabelMstID>tbl_Event_Detail</LabelMstID>
    <FieldName>Description3</FieldName>
    <LabelID>lblDescription31s</LabelID>
    <LabelName>Description 3</LabelName>
    <LangID>3</LangID>
    <COUNTRYID>8</COUNTRYID>
    <LANGDISP>fr-FR</LANGDISP>
    <Active>TRUE</Active>
  </PageList>
  <PageList>
    <ID>42</ID>
    <LabelMstID>tbl_Event_Detail</LabelMstID>
    <FieldName>Description3</FieldName>
    <LabelID>lblDescription32h</LabelID>
    <LabelName>وصف 3</LabelName>
    <LangID>2</LangID>
    <COUNTRYID>8</COUNTRYID>
    <LANGDISP>ar-KW</LANGDISP>
    <Active>TRUE</Active>
  </PageList>
  <PageList>
    <ID>43</ID>
    <LabelMstID>tbl_Event_Detail</LabelMstID>
    <FieldName>DMSid</FieldName>
    <LabelID>lblDMSid1s</LabelID>
    <LabelName>Dms ID</LabelName>
    <LangID>1</LangID>
    <COUNTRYID>8</COUNTRYID>
    <LANGDISP>en-US</LANGDISP>
    <Active>TRUE</Active>
  </PageList>
  <PageList>
    <ID>44</ID>
    <LabelMstID>tbl_Event_Detail</LabelMstID>
    <FieldName>DMSid</FieldName>
    <LabelID>lblDMSid1s</LabelID>
    <LabelName>ID de DMS</LabelName>
    <LangID>3</LangID>
    <COUNTRYID>8</COUNTRYID>
    <LANGDISP>fr-FR</LANGDISP>
    <Active>TRUE</Active>
  </PageList>
  <PageList>
    <ID>45</ID>
    <LabelMstID>tbl_Event_Detail</LabelMstID>
    <FieldName>DMSid</FieldName>
    <LabelID>lblDMSid2h</LabelID>
    <LabelName>معرف نظام إدارة الوجهات السياحية</LabelName>
    <LangID>2</LangID>
    <COUNTRYID>8</COUNTRYID>
    <LANGDISP>ar-KW</LANGDISP>
    <Active>TRUE</Active>
  </PageList>
  <PageList>
    <ID>46</ID>
    <LabelMstID>tbl_Event_Detail</LabelMstID>
    <FieldName>SocMediaID</FieldName>
    <LabelID>lblSocMediaID1s</LabelID>
    <LabelName>Socmedia Name</LabelName>
    <LangID>1</LangID>
    <COUNTRYID>8</COUNTRYID>
    <LANGDISP>en-US</LANGDISP>
    <Active>TRUE</Active>
  </PageList>
  <PageList>
    <ID>47</ID>
    <LabelMstID>tbl_Event_Detail</LabelMstID>
    <FieldName>SocMediaID</FieldName>
    <LabelID>lblSocMediaID1s</LabelID>
    <LabelName>Socmedia nom</LabelName>
    <LangID>3</LangID>
    <COUNTRYID>8</COUNTRYID>
    <LANGDISP>fr-FR</LANGDISP>
    <Active>TRUE</Active>
  </PageList>
  <PageList>
    <ID>48</ID>
    <LabelMstID>tbl_Event_Detail</LabelMstID>
    <FieldName>SocMediaID</FieldName>
    <LabelID>lblSocMediaID2h</LabelID>
    <LabelName>اسم سوكميديا</LabelName>
    <LangID>2</LangID>
    <COUNTRYID>8</COUNTRYID>
    <LANGDISP>ar-KW</LANGDISP>
    <Active>TRUE</Active>
  </PageList>
  <PageList>
    <ID>49</ID>
    <LabelMstID>tbl_Event_Detail</LabelMstID>
    <FieldName>ContractID</FieldName>
    <LabelID>lblContractID1s</LabelID>
    <LabelName>Contract Name</LabelName>
    <LangID>1</LangID>
    <COUNTRYID>8</COUNTRYID>
    <LANGDISP>en-US</LANGDISP>
    <Active>TRUE</Active>
  </PageList>
  <PageList>
    <ID>50</ID>
    <LabelMstID>tbl_Event_Detail</LabelMstID>
    <FieldName>ContractID</FieldName>
    <LabelID>lblContractID1s</LabelID>
    <LabelName>Nom de contrat</LabelName>
    <LangID>3</LangID>
    <COUNTRYID>8</COUNTRYID>
    <LANGDISP>fr-FR</LANGDISP>
    <Active>TRUE</Active>
  </PageList>
  <PageList>
    <ID>51</ID>
    <LabelMstID>tbl_Event_Detail</LabelMstID>
    <FieldName>ContractID</FieldName>
    <LabelID>lblContractID2h</LabelID>
    <LabelName>اسم العقد</LabelName>
    <LangID>2</LangID>
    <COUNTRYID>8</COUNTRYID>
    <LANGDISP>ar-KW</LANGDISP>
    <Active>TRUE</Active>
  </PageList>
  <PageList>
    <ID>52</ID>
    <LabelMstID>tbl_Event_Detail</LabelMstID>
    <FieldName>FloorPlanID</FieldName>
    <LabelID>lblFloorPlanID1s</LabelID>
    <LabelName>Floorplan Name</LabelName>
    <LangID>1</LangID>
    <COUNTRYID>8</COUNTRYID>
    <LANGDISP>en-US</LANGDISP>
    <Active>TRUE</Active>
  </PageList>
  <PageList>
    <ID>53</ID>
    <LabelMstID>tbl_Event_Detail</LabelMstID>
    <FieldName>FloorPlanID</FieldName>
    <LabelID>lblFloorPlanID1s</LabelID>
    <LabelName>Nom de plan d’étage</LabelName>
    <LangID>3</LangID>
    <COUNTRYID>8</COUNTRYID>
    <LANGDISP>fr-FR</LANGDISP>
    <Active>TRUE</Active>
  </PageList>
  <PageList>
    <ID>54</ID>
    <LabelMstID>tbl_Event_Detail</LabelMstID>
    <FieldName>FloorPlanID</FieldName>
    <LabelID>lblFloorPlanID2h</LabelID>
    <LabelName>اسم المخططات</LabelName>
    <LangID>2</LangID>
    <COUNTRYID>8</COUNTRYID>
    <LANGDISP>ar-KW</LANGDISP>
    <Active>TRUE</Active>
  </PageList>
  <PageList>
    <ID>55</ID>
    <LabelMstID>tbl_Event_Detail</LabelMstID>
    <FieldName>eMailTemplateID</FieldName>
    <LabelID>lbleMailTemplateID1s</LabelID>
    <LabelName>Email Template</LabelName>
    <LangID>1</LangID>
    <COUNTRYID>8</COUNTRYID>
    <LANGDISP>en-US</LANGDISP>
    <Active>TRUE</Active>
  </PageList>
  <PageList>
    <ID>56</ID>
    <LabelMstID>tbl_Event_Detail</LabelMstID>
    <FieldName>eMailTemplateID</FieldName>
    <LabelID>lbleMailTemplateID1s</LabelID>
    <LabelName>Modèle d’e-mail</LabelName>
    <LangID>3</LangID>
    <COUNTRYID>8</COUNTRYID>
    <LANGDISP>fr-FR</LANGDISP>
    <Active>TRUE</Active>
  </PageList>
  <PageList>
    <ID>57</ID>
    <LabelMstID>tbl_Event_Detail</LabelMstID>
    <FieldName>eMailTemplateID</FieldName>
    <LabelID>lbleMailTemplateID2h</LabelID>
    <LabelName>قالب البريد الإلكتروني</LabelName>
    <LangID>2</LangID>
    <COUNTRYID>8</COUNTRYID>
    <LANGDISP>ar-KW</LANGDISP>
    <Active>TRUE</Active>
  </PageList>
  <PageList>
    <ID>58</ID>
    <LabelMstID>tbl_Event_Detail</LabelMstID>
    <FieldName>KeyWord</FieldName>
    <LabelID>lblKeyWord1s</LabelID>
    <LabelName>Key Word</LabelName>
    <LangID>1</LangID>
    <COUNTRYID>8</COUNTRYID>
    <LANGDISP>en-US</LANGDISP>
    <Active>TRUE</Active>
  </PageList>
  <PageList>
    <ID>59</ID>
    <LabelMstID>tbl_Event_Detail</LabelMstID>
    <FieldName>KeyWord</FieldName>
    <LabelID>lblKeyWord1s</LabelID>
    <LabelName>Mot clé</LabelName>
    <LangID>3</LangID>
    <COUNTRYID>8</COUNTRYID>
    <LANGDISP>fr-FR</LANGDISP>
    <Active>TRUE</Active>
  </PageList>
  <PageList>
    <ID>60</ID>
    <LabelMstID>tbl_Event_Detail</LabelMstID>
    <FieldName>KeyWord</FieldName>
    <LabelID>lblKeyWord2h</LabelID>
    <LabelName>الكلمة الرئيسية</LabelName>
    <LangID>2</LangID>
    <COUNTRYID>8</COUNTRYID>
    <LANGDISP>ar-KW</LANGDISP>
    <Active>TRUE</Active>
  </PageList>
  <PageList>
    <ID>61</ID>
    <LabelMstID>tbl_Event_Detail</LabelMstID>
    <FieldName>Rate</FieldName>
    <LabelID>lblRate1s</LabelID>
    <LabelName>Rate</LabelName>
    <LangID>1</LangID>
    <COUNTRYID>8</COUNTRYID>
    <LANGDISP>en-US</LANGDISP>
    <Active>TRUE</Active>
  </PageList>
  <PageList>
    <ID>62</ID>
    <LabelMstID>tbl_Event_Detail</LabelMstID>
    <FieldName>Rate</FieldName>
    <LabelID>lblRate1s</LabelID>
    <LabelName>Taux</LabelName>
    <LangID>3</LangID>
    <COUNTRYID>8</COUNTRYID>
    <LANGDISP>fr-FR</LANGDISP>
    <Active>TRUE</Active>
  </PageList>
  <PageList>
    <ID>63</ID>
    <LabelMstID>tbl_Event_Detail</LabelMstID>
    <FieldName>Rate</FieldName>
    <LabelID>lblRate2h</LabelID>
    <LabelName>معدل</LabelName>
    <LangID>2</LangID>
    <COUNTRYID>8</COUNTRYID>
    <LANGDISP>ar-KW</LANGDISP>
    <Active>TRUE</Active>
  </PageList>
  <PageList>
    <ID>64</ID>
    <LabelMstID>tbl_Event_Detail</LabelMstID>
    <FieldName>ForcastedVisitor</FieldName>
    <LabelID>lblForcastedVisitor1s</LabelID>
    <LabelName>Event_Detail</LabelName>
    <LangID>1</LangID>
    <COUNTRYID>8</COUNTRYID>
    <LANGDISP>en-US</LANGDISP>
    <Active>TRUE</Active>
  </PageList>
  <PageList>
    <ID>65</ID>
    <LabelMstID>tbl_Event_Detail</LabelMstID>
    <FieldName>ForcastedVisitor</FieldName>
    <LabelID>lblForcastedVisitor1s</LabelID>
    <LabelName>Pour visiteur coulé</LabelName>
    <LangID>3</LangID>
    <COUNTRYID>8</COUNTRYID>
    <LANGDISP>fr-FR</LANGDISP>
    <Active>TRUE</Active>
  </PageList>
  <PageList>
    <ID>66</ID>
    <LabelMstID>tbl_Event_Detail</LabelMstID>
    <FieldName>ForcastedVisitor</FieldName>
    <LabelID>lblForcastedVisitor2h</LabelID>
    <LabelName>للزائر مسبوك</LabelName>
    <LangID>2</LangID>
    <COUNTRYID>8</COUNTRYID>
    <LANGDISP>ar-KW</LANGDISP>
    <Active>TRUE</Active>
  </PageList>
  <PageList>
    <ID>67</ID>
    <LabelMstID>tbl_Event_Detail</LabelMstID>
    <FieldName>Deleted</FieldName>
    <LabelID>lblDeleted1s</LabelID>
    <LabelName>Event_Detail</LabelName>
    <LangID>1</LangID>
    <COUNTRYID>8</COUNTRYID>
    <LANGDISP>en-US</LANGDISP>
    <Active>TRUE</Active>
  </PageList>
  <PageList>
    <ID>68</ID>
    <LabelMstID>tbl_Event_Detail</LabelMstID>
    <FieldName>Deleted</FieldName>
    <LabelID>lblDeleted1s</LabelID>
    <LabelName>Supprimé</LabelName>
    <LangID>3</LangID>
    <COUNTRYID>8</COUNTRYID>
    <LANGDISP>fr-FR</LANGDISP>
    <Active>TRUE</Active>
  </PageList>
  <PageList>
    <ID>69</ID>
    <LabelMstID>tbl_Event_Detail</LabelMstID>
    <FieldName>Deleted</FieldName>
    <LabelID>lblDeleted2h</LabelID>
    <LabelName>حذف</LabelName>
    <LangID>2</LangID>
    <COUNTRYID>8</COUNTRYID>
    <LANGDISP>ar-KW</LANGDISP>
    <Active>TRUE</Active>
  </PageList>
  <PageList>
    <ID>70</ID>
    <LabelMstID>tbl_Event_Detail</LabelMstID>
    <FieldName>Activated</FieldName>
    <LabelID>lblActivated1s</LabelID>
    <LabelName>Event_Detail</LabelName>
    <LangID>1</LangID>
    <COUNTRYID>8</COUNTRYID>
    <LANGDISP>en-US</LANGDISP>
    <Active>TRUE</Active>
  </PageList>
  <PageList>
    <ID>71</ID>
    <LabelMstID>tbl_Event_Detail</LabelMstID>
    <FieldName>Activated</FieldName>
    <LabelID>lblActivated1s</LabelID>
    <LabelName>Activé</LabelName>
    <LangID>3</LangID>
    <COUNTRYID>8</COUNTRYID>
    <LANGDISP>fr-FR</LANGDISP>
    <Active>TRUE</Active>
  </PageList>
  <PageList>
    <ID>72</ID>
    <LabelMstID>tbl_Event_Detail</LabelMstID>
    <FieldName>Activated</FieldName>
    <LabelID>lblActivated2h</LabelID>
    <LabelName>تنشيط</LabelName>
    <LangID>2</LangID>
    <COUNTRYID>8</COUNTRYID>
    <LANGDISP>ar-KW</LANGDISP>
    <Active>TRUE</Active>
  </PageList>
  <PageList>
    <ID>73</ID>
    <LabelMstID>tbl_Event_Detail</LabelMstID>
    <FieldName>ActivatedDate</FieldName>
    <LabelID>lblActivatedDate1s</LabelID>
    <LabelName>Event_Detail</LabelName>
    <LangID>1</LangID>
    <COUNTRYID>8</COUNTRYID>
    <LANGDISP>en-US</LANGDISP>
    <Active>TRUE</Active>
  </PageList>
  <PageList>
    <ID>74</ID>
    <LabelMstID>tbl_Event_Detail</LabelMstID>
    <FieldName>ActivatedDate</FieldName>
    <LabelID>lblActivatedDate1s</LabelID>
    <LabelName>Activateddate</LabelName>
    <LangID>3</LangID>
    <COUNTRYID>8</COUNTRYID>
    <LANGDISP>fr-FR</LANGDISP>
    <Active>TRUE</Active>
  </PageList>
  <PageList>
    <ID>75</ID>
    <LabelMstID>tbl_Event_Detail</LabelMstID>
    <FieldName>ActivatedDate</FieldName>
    <LabelID>lblActivatedDate2h</LabelID>
    <LabelName>أكتيفاتيداتي</LabelName>
    <LangID>2</LangID>
    <COUNTRYID>8</COUNTRYID>
    <LANGDISP>ar-KW</LANGDISP>
    <Active>TRUE</Active>
  </PageList>
  <PageList>
    <ID>76</ID>
    <LabelMstID>tbl_Event_Detail</LabelMstID>
    <FieldName>ActivatedBy</FieldName>
    <LabelID>lblActivatedBy1s</LabelID>
    <LabelName>Event_Detail</LabelName>
    <LangID>1</LangID>
    <COUNTRYID>8</COUNTRYID>
    <LANGDISP>en-US</LANGDISP>
    <Active>TRUE</Active>
  </PageList>
  <PageList>
    <ID>77</ID>
    <LabelMstID>tbl_Event_Detail</LabelMstID>
    <FieldName>ActivatedBy</FieldName>
    <LabelID>lblActivatedBy1s</LabelID>
    <LabelName>ActivatedBy</LabelName>
    <LangID>3</LangID>
    <COUNTRYID>8</COUNTRYID>
    <LANGDISP>fr-FR</LANGDISP>
    <Active>TRUE</Active>
  </PageList>
  <PageList>
    <ID>78</ID>
    <LabelMstID>tbl_Event_Detail</LabelMstID>
    <FieldName>ActivatedBy</FieldName>
    <LabelID>lblActivatedBy2h</LabelID>
    <LabelName>أكتيفاتيدبي</LabelName>
    <LangID>2</LangID>
    <COUNTRYID>8</COUNTRYID>
    <LANGDISP>ar-KW</LANGDISP>
    <Active>TRUE</Active>
  </PageList>
  <PageList>
    <ID>79</ID>
    <LabelMstID>tbl_Event_Detail</LabelMstID>
    <FieldName>CreatedBy</FieldName>
    <LabelID>lblCreatedBy1s</LabelID>
    <LabelName>Event_Detail</LabelName>
    <LangID>1</LangID>
    <COUNTRYID>8</COUNTRYID>
    <LANGDISP>en-US</LANGDISP>
    <Active>TRUE</Active>
  </PageList>
  <PageList>
    <ID>80</ID>
    <LabelMstID>tbl_Event_Detail</LabelMstID>
    <FieldName>CreatedBy</FieldName>
    <LabelID>lblCreatedBy1s</LabelID>
    <LabelName>CreatedBy</LabelName>
    <LangID>3</LangID>
    <COUNTRYID>8</COUNTRYID>
    <LANGDISP>fr-FR</LANGDISP>
    <Active>TRUE</Active>
  </PageList>
  <PageList>
    <ID>81</ID>
    <LabelMstID>tbl_Event_Detail</LabelMstID>
    <FieldName>CreatedBy</FieldName>
    <LabelID>lblCreatedBy2h</LabelID>
    <LabelName>Createdby</LabelName>
    <LangID>2</LangID>
    <COUNTRYID>8</COUNTRYID>
    <LANGDISP>ar-KW</LANGDISP>
    <Active>TRUE</Active>
  </PageList>
  <PageList>
    <ID>82</ID>
    <LabelMstID>tbl_Event_Detail</LabelMstID>
    <FieldName>CreatedDate</FieldName>
    <LabelID>lblCreatedDate1s</LabelID>
    <LabelName>Event_Detail</LabelName>
    <LangID>1</LangID>
    <COUNTRYID>8</COUNTRYID>
    <LANGDISP>en-US</LANGDISP>
    <Active>TRUE</Active>
  </PageList>
  <PageList>
    <ID>83</ID>
    <LabelMstID>tbl_Event_Detail</LabelMstID>
    <FieldName>CreatedDate</FieldName>
    <LabelID>lblCreatedDate1s</LabelID>
    <LabelName>CreatedDate</LabelName>
    <LangID>3</LangID>
    <COUNTRYID>8</COUNTRYID>
    <LANGDISP>fr-FR</LANGDISP>
    <Active>TRUE</Active>
  </PageList>
  <PageList>
    <ID>84</ID>
    <LabelMstID>tbl_Event_Detail</LabelMstID>
    <FieldName>CreatedDate</FieldName>
    <LabelID>lblCreatedDate2h</LabelID>
    <LabelName>كرياتيداتي</LabelName>
    <LangID>2</LangID>
    <COUNTRYID>8</COUNTRYID>
    <LANGDISP>ar-KW</LANGDISP>
    <Active>TRUE</Active>
  </PageList>
  <PageList>
    <ID>85</ID>
    <LabelMstID>tbl_Event_Detail</LabelMstID>
    <FieldName>NULL</FieldName>
    <LabelID>lblHeader1s</LabelID>
    <LabelName>Event_Detail</LabelName>
    <LangID>1</LangID>
    <COUNTRYID>8</COUNTRYID>
    <LANGDISP>en-US</LANGDISP>
    <Active>TRUE</Active>
  </PageList>
  <PageList>
    <ID>86</ID>
    <LabelMstID>tbl_Event_Detail</LabelMstID>
    <FieldName>NULL</FieldName>
    <LabelID>lblHeader1s</LabelID>
    <LabelName>Event_Detail</LabelName>
    <LangID>3</LangID>
    <COUNTRYID>8</COUNTRYID>
    <LANGDISP>fr-FR</LANGDISP>
    <Active>TRUE</Active>
  </PageList>
  <PageList>
    <ID>87</ID>
    <LabelMstID>tbl_Event_Detail</LabelMstID>
    <FieldName>NULL</FieldName>
    <LabelID>lblHeader2h</LabelID>
    <LabelName>Event_Detail</LabelName>
    <LangID>2</LangID>
    <COUNTRYID>8</COUNTRYID>
    <LANGDISP>ar-KW</LANGDISP>
    <Active>TRUE</Active>
  </PageList>
</TBLLabelDTL>