<?xml version="1.0" standalone="yes"?>
<TBLLabelDTL>
  <PageList>
    <ID>1</ID>
    <LabelMstID>Tbl_Event_Register</LabelMstID>
    <FieldName>TenantID</FieldName>
    <LabelID>lblTenantID1s</LabelID>
    <LabelName>Event Registration</LabelName>
    <LangID>1</LangID>
    <COUNTRYID>8</COUNTRYID>
    <LANGDISP>en-US</LANGDISP>
    <Active>TRUE</Active>
  </PageList>
  <PageList>
    <ID>2</ID>
    <LabelMstID>Tbl_Event_Register</LabelMstID>
    <FieldName>TenantID</FieldName>
    <LabelID>lblTenantID1s</LabelID>
    <LabelName>Nom du locataire</LabelName>
    <LangID>3</LangID>
    <COUNTRYID>8</COUNTRYID>
    <LANGDISP>fr-FR</LANGDISP>
    <Active>TRUE</Active>
  </PageList>
  <PageList>
    <ID>3</ID>
    <LabelMstID>Tbl_Event_Register</LabelMstID>
    <FieldName>TenantID</FieldName>
    <LabelID>lblTenantID2h</LabelID>
    <LabelName>اسم المستأجر</LabelName>
    <LangID>2</LangID>
    <COUNTRYID>8</COUNTRYID>
    <LANGDISP>ar-KW</LANGDISP>
    <Active>TRUE</Active>
  </PageList>
  <PageList>
    <ID>4</ID>
    <LabelMstID>Tbl_Event_Register</LabelMstID>
    <FieldName>EventID</FieldName>
    <LabelID>lblEventID1s</LabelID>
    <LabelName>Event name</LabelName>
    <LangID>1</LangID>
    <COUNTRYID>8</COUNTRYID>
    <LANGDISP>en-US</LANGDISP>
    <Active>TRUE</Active>
  </PageList>
  <PageList>
    <ID>5</ID>
    <LabelMstID>Tbl_Event_Register</LabelMstID>
    <FieldName>EventID</FieldName>
    <LabelID>lblEventID1s</LabelID>
    <LabelName>Nom de l’événement</LabelName>
    <LangID>3</LangID>
    <COUNTRYID>8</COUNTRYID>
    <LANGDISP>fr-FR</LANGDISP>
    <Active>TRUE</Active>
  </PageList>
  <PageList>
    <ID>6</ID>
    <LabelMstID>Tbl_Event_Register</LabelMstID>
    <FieldName>EventID</FieldName>
    <LabelID>lblEventID2h</LabelID>
    <LabelName>اسم الحدث</LabelName>
    <LangID>2</LangID>
    <COUNTRYID>8</COUNTRYID>
    <LANGDISP>ar-KW</LANGDISP>
    <Active>TRUE</Active>
  </PageList>
  <PageList>
    <ID>7</ID>
    <LabelMstID>Tbl_Event_Register</LabelMstID>
    <FieldName>MyID</FieldName>
    <LabelID>lblMyID1s</LabelID>
    <LabelName>Detail Name</LabelName>
    <LangID>1</LangID>
    <COUNTRYID>8</COUNTRYID>
    <LANGDISP>en-US</LANGDISP>
    <Active>TRUE</Active>
  </PageList>
  <PageList>
    <ID>8</ID>
    <LabelMstID>Tbl_Event_Register</LabelMstID>
    <FieldName>MyID</FieldName>
    <LabelID>lblMyID1s</LabelID>
    <LabelName>Mon nom</LabelName>
    <LangID>3</LangID>
    <COUNTRYID>8</COUNTRYID>
    <LANGDISP>fr-FR</LANGDISP>
    <Active>TRUE</Active>
  </PageList>
  <PageList>
    <ID>9</ID>
    <LabelMstID>Tbl_Event_Register</LabelMstID>
    <FieldName>MyID</FieldName>
    <LabelID>lblMyID2h</LabelID>
    <LabelName>اسمي</LabelName>
    <LangID>2</LangID>
    <COUNTRYID>8</COUNTRYID>
    <LANGDISP>ar-KW</LANGDISP>
    <Active>TRUE</Active>
  </PageList>
  <PageList>
    <ID>10</ID>
    <LabelMstID>Tbl_Event_Register</LabelMstID>
    <FieldName>ContactMyID</FieldName>
    <LabelID>lblContactMyID1s</LabelID>
    <LabelName>Event Registration</LabelName>
    <LangID>1</LangID>
    <COUNTRYID>8</COUNTRYID>
    <LANGDISP>en-US</LANGDISP>
    <Active>TRUE</Active>
  </PageList>
  <PageList>
    <ID>11</ID>
    <LabelMstID>Tbl_Event_Register</LabelMstID>
    <FieldName>ContactMyID</FieldName>
    <LabelID>lblContactMyID1s</LabelID>
    <LabelName>Contactmy nom</LabelName>
    <LangID>3</LangID>
    <COUNTRYID>8</COUNTRYID>
    <LANGDISP>fr-FR</LANGDISP>
    <Active>TRUE</Active>
  </PageList>
  <PageList>
    <ID>12</ID>
    <LabelMstID>Tbl_Event_Register</LabelMstID>
    <FieldName>ContactMyID</FieldName>
    <LabelID>lblContactMyID2h</LabelID>
    <LabelName>اسم كونتاكتمي</LabelName>
    <LangID>2</LangID>
    <COUNTRYID>8</COUNTRYID>
    <LANGDISP>ar-KW</LANGDISP>
    <Active>TRUE</Active>
  </PageList>
  <PageList>
    <ID>13</ID>
    <LabelMstID>Tbl_Event_Register</LabelMstID>
    <FieldName>RegisteredAs</FieldName>
    <LabelID>lblRegisteredAs1s</LabelID>
    <LabelName>Registered AS</LabelName>
    <LangID>1</LangID>
    <COUNTRYID>8</COUNTRYID>
    <LANGDISP>en-US</LANGDISP>
    <Active>TRUE</Active>
  </PageList>
  <PageList>
    <ID>14</ID>
    <LabelMstID>Tbl_Event_Register</LabelMstID>
    <FieldName>RegisteredAs</FieldName>
    <LabelID>lblRegisteredAs1s</LabelID>
    <LabelName>Insc</LabelName>
    <LangID>3</LangID>
    <COUNTRYID>8</COUNTRYID>
    <LANGDISP>fr-FR</LANGDISP>
    <Active>TRUE</Active>
  </PageList>
  <PageList>
    <ID>15</ID>
    <LabelMstID>Tbl_Event_Register</LabelMstID>
    <FieldName>RegisteredAs</FieldName>
    <LabelID>lblRegisteredAs2h</LabelID>
    <LabelName>ريجيستيريداس</LabelName>
    <LangID>2</LangID>
    <COUNTRYID>8</COUNTRYID>
    <LANGDISP>ar-KW</LANGDISP>
    <Active>TRUE</Active>
  </PageList>
  <PageList>
    <ID>16</ID>
    <LabelMstID>Tbl_Event_Register</LabelMstID>
    <FieldName>RegistrationID</FieldName>
    <LabelID>lblRegistrationID1s</LabelID>
    <LabelName>Registration ID</LabelName>
    <LangID>1</LangID>
    <COUNTRYID>8</COUNTRYID>
    <LANGDISP>en-US</LANGDISP>
    <Active>TRUE</Active>
  </PageList>
  <PageList>
    <ID>17</ID>
    <LabelMstID>Tbl_Event_Register</LabelMstID>
    <FieldName>RegistrationID</FieldName>
    <LabelID>lblRegistrationID1s</LabelID>
    <LabelName>Nom d’enregistrement</LabelName>
    <LangID>3</LangID>
    <COUNTRYID>8</COUNTRYID>
    <LANGDISP>fr-FR</LANGDISP>
    <Active>TRUE</Active>
  </PageList>
  <PageList>
    <ID>18</ID>
    <LabelMstID>Tbl_Event_Register</LabelMstID>
    <FieldName>RegistrationID</FieldName>
    <LabelID>lblRegistrationID2h</LabelID>
    <LabelName>اسم التسجيل</LabelName>
    <LangID>2</LangID>
    <COUNTRYID>8</COUNTRYID>
    <LANGDISP>ar-KW</LANGDISP>
    <Active>TRUE</Active>
  </PageList>
  <PageList>
    <ID>19</ID>
    <LabelMstID>Tbl_Event_Register</LabelMstID>
    <FieldName>MyTransID</FieldName>
    <LabelID>lblMyTransID1s</LabelID>
    <LabelName>Event Registration</LabelName>
    <LangID>1</LangID>
    <COUNTRYID>8</COUNTRYID>
    <LANGDISP>en-US</LANGDISP>
    <Active>TRUE</Active>
  </PageList>
  <PageList>
    <ID>20</ID>
    <LabelMstID>Tbl_Event_Register</LabelMstID>
    <FieldName>MyTransID</FieldName>
    <LabelID>lblMyTransID1s</LabelID>
    <LabelName>Mytrans nom</LabelName>
    <LangID>3</LangID>
    <COUNTRYID>8</COUNTRYID>
    <LANGDISP>fr-FR</LANGDISP>
    <Active>TRUE</Active>
  </PageList>
  <PageList>
    <ID>21</ID>
    <LabelMstID>Tbl_Event_Register</LabelMstID>
    <FieldName>MyTransID</FieldName>
    <LabelID>lblMyTransID2h</LabelID>
    <LabelName>اسم ميترانس</LabelName>
    <LangID>2</LangID>
    <COUNTRYID>8</COUNTRYID>
    <LANGDISP>ar-KW</LANGDISP>
    <Active>TRUE</Active>
  </PageList>
  <PageList>
    <ID>22</ID>
    <LabelMstID>Tbl_Event_Register</LabelMstID>
    <FieldName>PaidBy</FieldName>
    <LabelID>lblPaidBy1s</LabelID>
    <LabelName>Paidby</LabelName>
    <LangID>1</LangID>
    <COUNTRYID>8</COUNTRYID>
    <LANGDISP>en-US</LANGDISP>
    <Active>TRUE</Active>
  </PageList>
  <PageList>
    <ID>23</ID>
    <LabelMstID>Tbl_Event_Register</LabelMstID>
    <FieldName>PaidBy</FieldName>
    <LabelID>lblPaidBy1s</LabelID>
    <LabelName>Paidby</LabelName>
    <LangID>3</LangID>
    <COUNTRYID>8</COUNTRYID>
    <LANGDISP>fr-FR</LANGDISP>
    <Active>TRUE</Active>
  </PageList>
  <PageList>
    <ID>24</ID>
    <LabelMstID>Tbl_Event_Register</LabelMstID>
    <FieldName>PaidBy</FieldName>
    <LabelID>lblPaidBy2h</LabelID>
    <LabelName>بايدبي</LabelName>
    <LangID>2</LangID>
    <COUNTRYID>8</COUNTRYID>
    <LANGDISP>ar-KW</LANGDISP>
    <Active>TRUE</Active>
  </PageList>
  <PageList>
    <ID>25</ID>
    <LabelMstID>Tbl_Event_Register</LabelMstID>
    <FieldName>AmountPaid</FieldName>
    <LabelID>lblAmountPaid1s</LabelID>
    <LabelName>Amountpaid</LabelName>
    <LangID>1</LangID>
    <COUNTRYID>8</COUNTRYID>
    <LANGDISP>en-US</LANGDISP>
    <Active>TRUE</Active>
  </PageList>
  <PageList>
    <ID>26</ID>
    <LabelMstID>Tbl_Event_Register</LabelMstID>
    <FieldName>AmountPaid</FieldName>
    <LabelID>lblAmountPaid1s</LabelID>
    <LabelName>Amountpaid</LabelName>
    <LangID>3</LangID>
    <COUNTRYID>8</COUNTRYID>
    <LANGDISP>fr-FR</LANGDISP>
    <Active>TRUE</Active>
  </PageList>
  <PageList>
    <ID>27</ID>
    <LabelMstID>Tbl_Event_Register</LabelMstID>
    <FieldName>AmountPaid</FieldName>
    <LabelID>lblAmountPaid2h</LabelID>
    <LabelName>أمونتبايد</LabelName>
    <LangID>2</LangID>
    <COUNTRYID>8</COUNTRYID>
    <LANGDISP>ar-KW</LANGDISP>
    <Active>TRUE</Active>
  </PageList>
  <PageList>
    <ID>28</ID>
    <LabelMstID>Tbl_Event_Register</LabelMstID>
    <FieldName>PaymentReference</FieldName>
    <LabelID>lblPaymentReference1s</LabelID>
    <LabelName>Paymentreference</LabelName>
    <LangID>1</LangID>
    <COUNTRYID>8</COUNTRYID>
    <LANGDISP>en-US</LANGDISP>
    <Active>TRUE</Active>
  </PageList>
  <PageList>
    <ID>29</ID>
    <LabelMstID>Tbl_Event_Register</LabelMstID>
    <FieldName>PaymentReference</FieldName>
    <LabelID>lblPaymentReference1s</LabelID>
    <LabelName>Paymentreference</LabelName>
    <LangID>3</LangID>
    <COUNTRYID>8</COUNTRYID>
    <LANGDISP>fr-FR</LANGDISP>
    <Active>TRUE</Active>
  </PageList>
  <PageList>
    <ID>30</ID>
    <LabelMstID>Tbl_Event_Register</LabelMstID>
    <FieldName>PaymentReference</FieldName>
    <LabelID>lblPaymentReference2h</LabelID>
    <LabelName>بايمينتريفيرينسي</LabelName>
    <LangID>2</LangID>
    <COUNTRYID>8</COUNTRYID>
    <LANGDISP>ar-KW</LANGDISP>
    <Active>TRUE</Active>
  </PageList>
  <PageList>
    <ID>31</ID>
    <LabelMstID>Tbl_Event_Register</LabelMstID>
    <FieldName>PaymentTermsId</FieldName>
    <LabelID>lblPaymentTermsId1s</LabelID>
    <LabelName>Event Registration</LabelName>
    <LangID>1</LangID>
    <COUNTRYID>8</COUNTRYID>
    <LANGDISP>en-US</LANGDISP>
    <Active>TRUE</Active>
  </PageList>
  <PageList>
    <ID>32</ID>
    <LabelMstID>Tbl_Event_Register</LabelMstID>
    <FieldName>PaymentTermsId</FieldName>
    <LabelID>lblPaymentTermsId1s</LabelID>
    <LabelName>Paymenttermsid</LabelName>
    <LangID>3</LangID>
    <COUNTRYID>8</COUNTRYID>
    <LANGDISP>fr-FR</LANGDISP>
    <Active>TRUE</Active>
  </PageList>
  <PageList>
    <ID>33</ID>
    <LabelMstID>Tbl_Event_Register</LabelMstID>
    <FieldName>PaymentTermsId</FieldName>
    <LabelID>lblPaymentTermsId2h</LabelID>
    <LabelName>بايمينتيرمسيد</LabelName>
    <LangID>2</LangID>
    <COUNTRYID>8</COUNTRYID>
    <LANGDISP>ar-KW</LANGDISP>
    <Active>TRUE</Active>
  </PageList>
  <PageList>
    <ID>34</ID>
    <LabelMstID>Tbl_Event_Register</LabelMstID>
    <FieldName>Notes</FieldName>
    <LabelID>lblNotes1s</LabelID>
    <LabelName>Notes</LabelName>
    <LangID>1</LangID>
    <COUNTRYID>8</COUNTRYID>
    <LANGDISP>en-US</LANGDISP>
    <Active>TRUE</Active>
  </PageList>
  <PageList>
    <ID>35</ID>
    <LabelMstID>Tbl_Event_Register</LabelMstID>
    <FieldName>Notes</FieldName>
    <LabelID>lblNotes1s</LabelID>
    <LabelName>Notes</LabelName>
    <LangID>3</LangID>
    <COUNTRYID>8</COUNTRYID>
    <LANGDISP>fr-FR</LANGDISP>
    <Active>TRUE</Active>
  </PageList>
  <PageList>
    <ID>36</ID>
    <LabelMstID>Tbl_Event_Register</LabelMstID>
    <FieldName>Notes</FieldName>
    <LabelID>lblNotes2h</LabelID>
    <LabelName>وتلاحظ</LabelName>
    <LangID>2</LangID>
    <COUNTRYID>8</COUNTRYID>
    <LANGDISP>ar-KW</LANGDISP>
    <Active>TRUE</Active>
  </PageList>
  <PageList>
    <ID>37</ID>
    <LabelMstID>Tbl_Event_Register</LabelMstID>
    <FieldName>AttendedTime</FieldName>
    <LabelID>lblAttendedTime1s</LabelID>
    <LabelName>Event Registration</LabelName>
    <LangID>1</LangID>
    <COUNTRYID>8</COUNTRYID>
    <LANGDISP>en-US</LANGDISP>
    <Active>TRUE</Active>
  </PageList>
  <PageList>
    <ID>38</ID>
    <LabelMstID>Tbl_Event_Register</LabelMstID>
    <FieldName>AttendedTime</FieldName>
    <LabelID>lblAttendedTime1s</LabelID>
    <LabelName>Attendedtime</LabelName>
    <LangID>3</LangID>
    <COUNTRYID>8</COUNTRYID>
    <LANGDISP>fr-FR</LANGDISP>
    <Active>TRUE</Active>
  </PageList>
  <PageList>
    <ID>39</ID>
    <LabelMstID>Tbl_Event_Register</LabelMstID>
    <FieldName>AttendedTime</FieldName>
    <LabelID>lblAttendedTime2h</LabelID>
    <LabelName>أتينديدتيمي</LabelName>
    <LangID>2</LangID>
    <COUNTRYID>8</COUNTRYID>
    <LANGDISP>ar-KW</LANGDISP>
    <Active>TRUE</Active>
  </PageList>
  <PageList>
    <ID>40</ID>
    <LabelMstID>Tbl_Event_Register</LabelMstID>
    <FieldName>BatchPrintedBy</FieldName>
    <LabelID>lblBatchPrintedBy1s</LabelID>
    <LabelName>Event Registration</LabelName>
    <LangID>1</LangID>
    <COUNTRYID>8</COUNTRYID>
    <LANGDISP>en-US</LANGDISP>
    <Active>TRUE</Active>
  </PageList>
  <PageList>
    <ID>41</ID>
    <LabelMstID>Tbl_Event_Register</LabelMstID>
    <FieldName>BatchPrintedBy</FieldName>
    <LabelID>lblBatchPrintedBy1s</LabelID>
    <LabelName>Batchprintedby</LabelName>
    <LangID>3</LangID>
    <COUNTRYID>8</COUNTRYID>
    <LANGDISP>fr-FR</LANGDISP>
    <Active>TRUE</Active>
  </PageList>
  <PageList>
    <ID>42</ID>
    <LabelMstID>Tbl_Event_Register</LabelMstID>
    <FieldName>BatchPrintedBy</FieldName>
    <LabelID>lblBatchPrintedBy2h</LabelID>
    <LabelName>باتشبرينتيدبي</LabelName>
    <LangID>2</LangID>
    <COUNTRYID>8</COUNTRYID>
    <LANGDISP>ar-KW</LANGDISP>
    <Active>TRUE</Active>
  </PageList>
  <PageList>
    <ID>43</ID>
    <LabelMstID>Tbl_Event_Register</LabelMstID>
    <FieldName>BatchPrintedDateTime</FieldName>
    <LabelID>lblBatchPrintedDateTime1s</LabelID>
    <LabelName>Event Registration</LabelName>
    <LangID>1</LangID>
    <COUNTRYID>8</COUNTRYID>
    <LANGDISP>en-US</LANGDISP>
    <Active>TRUE</Active>
  </PageList>
  <PageList>
    <ID>44</ID>
    <LabelMstID>Tbl_Event_Register</LabelMstID>
    <FieldName>BatchPrintedDateTime</FieldName>
    <LabelID>lblBatchPrintedDateTime1s</LabelID>
    <LabelName>Batchprinteddatetime</LabelName>
    <LangID>3</LangID>
    <COUNTRYID>8</COUNTRYID>
    <LANGDISP>fr-FR</LANGDISP>
    <Active>TRUE</Active>
  </PageList>
  <PageList>
    <ID>45</ID>
    <LabelMstID>Tbl_Event_Register</LabelMstID>
    <FieldName>BatchPrintedDateTime</FieldName>
    <LabelID>lblBatchPrintedDateTime2h</LabelID>
    <LabelName>باتشبرينتيداتيتيمي</LabelName>
    <LangID>2</LangID>
    <COUNTRYID>8</COUNTRYID>
    <LANGDISP>ar-KW</LANGDISP>
    <Active>TRUE</Active>
  </PageList>
  <PageList>
    <ID>46</ID>
    <LabelMstID>Tbl_Event_Register</LabelMstID>
    <FieldName>CertPrintedBy</FieldName>
    <LabelID>lblCertPrintedBy1s</LabelID>
    <LabelName>Event Registration</LabelName>
    <LangID>1</LangID>
    <COUNTRYID>8</COUNTRYID>
    <LANGDISP>en-US</LANGDISP>
    <Active>TRUE</Active>
  </PageList>
  <PageList>
    <ID>47</ID>
    <LabelMstID>Tbl_Event_Register</LabelMstID>
    <FieldName>CertPrintedBy</FieldName>
    <LabelID>lblCertPrintedBy1s</LabelID>
    <LabelName>Certprintedby</LabelName>
    <LangID>3</LangID>
    <COUNTRYID>8</COUNTRYID>
    <LANGDISP>fr-FR</LANGDISP>
    <Active>TRUE</Active>
  </PageList>
  <PageList>
    <ID>48</ID>
    <LabelMstID>Tbl_Event_Register</LabelMstID>
    <FieldName>CertPrintedBy</FieldName>
    <LabelID>lblCertPrintedBy2h</LabelID>
    <LabelName>سيرتبرينتيدبي</LabelName>
    <LangID>2</LangID>
    <COUNTRYID>8</COUNTRYID>
    <LANGDISP>ar-KW</LANGDISP>
    <Active>TRUE</Active>
  </PageList>
  <PageList>
    <ID>49</ID>
    <LabelMstID>Tbl_Event_Register</LabelMstID>
    <FieldName>CertPrintedDateTime</FieldName>
    <LabelID>lblCertPrintedDateTime1s</LabelID>
    <LabelName>Event Registration</LabelName>
    <LangID>1</LangID>
    <COUNTRYID>8</COUNTRYID>
    <LANGDISP>en-US</LANGDISP>
    <Active>TRUE</Active>
  </PageList>
  <PageList>
    <ID>50</ID>
    <LabelMstID>Tbl_Event_Register</LabelMstID>
    <FieldName>CertPrintedDateTime</FieldName>
    <LabelID>lblCertPrintedDateTime1s</LabelID>
    <LabelName>Certprinteddatetime</LabelName>
    <LangID>3</LangID>
    <COUNTRYID>8</COUNTRYID>
    <LANGDISP>fr-FR</LANGDISP>
    <Active>TRUE</Active>
  </PageList>
  <PageList>
    <ID>51</ID>
    <LabelMstID>Tbl_Event_Register</LabelMstID>
    <FieldName>CertPrintedDateTime</FieldName>
    <LabelID>lblCertPrintedDateTime2h</LabelID>
    <LabelName>سيرتبرينتيداتيتيمي</LabelName>
    <LangID>2</LangID>
    <COUNTRYID>8</COUNTRYID>
    <LANGDISP>ar-KW</LANGDISP>
    <Active>TRUE</Active>
  </PageList>
  <PageList>
    <ID>52</ID>
    <LabelMstID>Tbl_Event_Register</LabelMstID>
    <FieldName>RegisteredDate</FieldName>
    <LabelID>lblRegisteredDate1s</LabelID>
    <LabelName>Event Registration</LabelName>
    <LangID>1</LangID>
    <COUNTRYID>8</COUNTRYID>
    <LANGDISP>en-US</LANGDISP>
    <Active>TRUE</Active>
  </PageList>
  <PageList>
    <ID>53</ID>
    <LabelMstID>Tbl_Event_Register</LabelMstID>
    <FieldName>RegisteredDate</FieldName>
    <LabelID>lblRegisteredDate1s</LabelID>
    <LabelName>Registereddate</LabelName>
    <LangID>3</LangID>
    <COUNTRYID>8</COUNTRYID>
    <LANGDISP>fr-FR</LANGDISP>
    <Active>TRUE</Active>
  </PageList>
  <PageList>
    <ID>54</ID>
    <LabelMstID>Tbl_Event_Register</LabelMstID>
    <FieldName>RegisteredDate</FieldName>
    <LabelID>lblRegisteredDate2h</LabelID>
    <LabelName>ريجيستيريداتي</LabelName>
    <LangID>2</LangID>
    <COUNTRYID>8</COUNTRYID>
    <LANGDISP>ar-KW</LANGDISP>
    <Active>TRUE</Active>
  </PageList>
  <PageList>
    <ID>55</ID>
    <LabelMstID>Tbl_Event_Register</LabelMstID>
    <FieldName>RegisteredBy</FieldName>
    <LabelID>lblRegisteredBy1s</LabelID>
    <LabelName>Event Registration</LabelName>
    <LangID>1</LangID>
    <COUNTRYID>8</COUNTRYID>
    <LANGDISP>en-US</LANGDISP>
    <Active>TRUE</Active>
  </PageList>
  <PageList>
    <ID>56</ID>
    <LabelMstID>Tbl_Event_Register</LabelMstID>
    <FieldName>RegisteredBy</FieldName>
    <LabelID>lblRegisteredBy1s</LabelID>
    <LabelName>Registeredby</LabelName>
    <LangID>3</LangID>
    <COUNTRYID>8</COUNTRYID>
    <LANGDISP>fr-FR</LANGDISP>
    <Active>TRUE</Active>
  </PageList>
  <PageList>
    <ID>57</ID>
    <LabelMstID>Tbl_Event_Register</LabelMstID>
    <FieldName>RegisteredBy</FieldName>
    <LabelID>lblRegisteredBy2h</LabelID>
    <LabelName>ريجيستيريدبي</LabelName>
    <LangID>2</LangID>
    <COUNTRYID>8</COUNTRYID>
    <LANGDISP>ar-KW</LANGDISP>
    <Active>TRUE</Active>
  </PageList>
  <PageList>
    <ID>58</ID>
    <LabelMstID>Tbl_Event_Register</LabelMstID>
    <FieldName>CreatedBy</FieldName>
    <LabelID>lblCreatedBy1s</LabelID>
    <LabelName>Event Registration</LabelName>
    <LangID>1</LangID>
    <COUNTRYID>8</COUNTRYID>
    <LANGDISP>en-US</LANGDISP>
    <Active>TRUE</Active>
  </PageList>
  <PageList>
    <ID>59</ID>
    <LabelMstID>Tbl_Event_Register</LabelMstID>
    <FieldName>CreatedBy</FieldName>
    <LabelID>lblCreatedBy1s</LabelID>
    <LabelName>CreatedBy</LabelName>
    <LangID>3</LangID>
    <COUNTRYID>8</COUNTRYID>
    <LANGDISP>fr-FR</LANGDISP>
    <Active>TRUE</Active>
  </PageList>
  <PageList>
    <ID>60</ID>
    <LabelMstID>Tbl_Event_Register</LabelMstID>
    <FieldName>CreatedBy</FieldName>
    <LabelID>lblCreatedBy2h</LabelID>
    <LabelName>Createdby</LabelName>
    <LangID>2</LangID>
    <COUNTRYID>8</COUNTRYID>
    <LANGDISP>ar-KW</LANGDISP>
    <Active>TRUE</Active>
  </PageList>
  <PageList>
    <ID>61</ID>
    <LabelMstID>Tbl_Event_Register</LabelMstID>
    <FieldName>CreatedDate</FieldName>
    <LabelID>lblCreatedDate1s</LabelID>
    <LabelName>Event Registration</LabelName>
    <LangID>1</LangID>
    <COUNTRYID>8</COUNTRYID>
    <LANGDISP>en-US</LANGDISP>
    <Active>TRUE</Active>
  </PageList>
  <PageList>
    <ID>62</ID>
    <LabelMstID>Tbl_Event_Register</LabelMstID>
    <FieldName>CreatedDate</FieldName>
    <LabelID>lblCreatedDate1s</LabelID>
    <LabelName>CreatedDate</LabelName>
    <LangID>3</LangID>
    <COUNTRYID>8</COUNTRYID>
    <LANGDISP>fr-FR</LANGDISP>
    <Active>TRUE</Active>
  </PageList>
  <PageList>
    <ID>63</ID>
    <LabelMstID>Tbl_Event_Register</LabelMstID>
    <FieldName>CreatedDate</FieldName>
    <LabelID>lblCreatedDate2h</LabelID>
    <LabelName>كريتيداتي</LabelName>
    <LangID>2</LangID>
    <COUNTRYID>8</COUNTRYID>
    <LANGDISP>ar-KW</LANGDISP>
    <Active>TRUE</Active>
  </PageList>
  <PageList>
    <ID>64</ID>
    <LabelMstID>Tbl_Event_Register</LabelMstID>
    <FieldName>NULL</FieldName>
    <LabelID>lblHeader1s</LabelID>
    <LabelName>Event Registration</LabelName>
    <LangID>1</LangID>
    <COUNTRYID>8</COUNTRYID>
    <LANGDISP>en-US</LANGDISP>
    <Active>TRUE</Active>
  </PageList>
  <PageList>
    <ID>65</ID>
    <LabelMstID>Tbl_Event_Register</LabelMstID>
    <FieldName>NULL</FieldName>
    <LabelID>lblHeader1s</LabelID>
    <LabelName>Tbl_Event_Register</LabelName>
    <LangID>3</LangID>
    <COUNTRYID>8</COUNTRYID>
    <LANGDISP>fr-FR</LANGDISP>
    <Active>TRUE</Active>
  </PageList>
  <PageList>
    <ID>66</ID>
    <LabelMstID>Tbl_Event_Register</LabelMstID>
    <FieldName>NULL</FieldName>
    <LabelID>lblHeader2h</LabelID>
    <LabelName>Tbl_Event_Register</LabelName>
    <LangID>2</LangID>
    <COUNTRYID>8</COUNTRYID>
    <LANGDISP>ar-KW</LANGDISP>
    <Active>TRUE</Active>
  </PageList>
</TBLLabelDTL>