<?xml version="1.0" standalone="yes"?>
<TBLLabelDTL>
  <PageList>
    <ID>1</ID>
    <LabelMstID>tbl_Employee</LabelMstID>
    <FieldName>TenentID</FieldName>
    <LabelID>lblTenentID1s</LabelID>
    <LabelName>Employee</LabelName>
    <LangID>1</LangID>
    <COUNTRYID>8</COUNTRYID>
    <LANGDISP>en-US</LANGDISP>
    <Active>TRUE</Active>
  </PageList>
  <PageList>
    <ID>2</ID>
    <LabelMstID>tbl_Employee</LabelMstID>
    <FieldName>TenentID</FieldName>
    <LabelID>lblTenentID1s</LabelID>
    <LabelName />
    <LangID>3</LangID>
    <COUNTRYID>8</COUNTRYID>
    <LANGDISP>fr-FR</LANGDISP>
    <Active>TRUE</Active>
  </PageList>
  <PageList>
    <ID>3</ID>
    <LabelMstID>tbl_Employee</LabelMstID>
    <FieldName>TenentID</FieldName>
    <LabelID>lblTenentID2h</LabelID>
    <LabelName>اسم تينيت</LabelName>
    <LangID>2</LangID>
    <COUNTRYID>8</COUNTRYID>
    <LANGDISP>ar-KW</LANGDISP>
    <Active>TRUE</Active>
  </PageList>
  <PageList>
    <ID>4</ID>
    <LabelMstID>tbl_Employee</LabelMstID>
    <FieldName>LocationID</FieldName>
    <LabelID>lblLocationID1s</LabelID>
    <LabelName>Employee</LabelName>
    <LangID>1</LangID>
    <COUNTRYID>8</COUNTRYID>
    <LANGDISP>en-US</LANGDISP>
    <Active>TRUE</Active>
  </PageList>
  <PageList>
    <ID>5</ID>
    <LabelMstID>tbl_Employee</LabelMstID>
    <FieldName>LocationID</FieldName>
    <LabelID>lblLocationID1s</LabelID>
    <LabelName />
    <LangID>3</LangID>
    <COUNTRYID>8</COUNTRYID>
    <LANGDISP>fr-FR</LANGDISP>
    <Active>TRUE</Active>
  </PageList>
  <PageList>
    <ID>6</ID>
    <LabelMstID>tbl_Employee</LabelMstID>
    <FieldName>LocationID</FieldName>
    <LabelID>lblLocationID2h</LabelID>
    <LabelName>اسم الموقع</LabelName>
    <LangID>2</LangID>
    <COUNTRYID>8</COUNTRYID>
    <LANGDISP>ar-KW</LANGDISP>
    <Active>TRUE</Active>
  </PageList>
  <PageList>
    <ID>7</ID>
    <LabelMstID>tbl_Employee</LabelMstID>
    <FieldName>employeeID</FieldName>
    <LabelID>lblemployeeID1s</LabelID>
    <LabelName>Employee</LabelName>
    <LangID>1</LangID>
    <COUNTRYID>8</COUNTRYID>
    <LANGDISP>en-US</LANGDISP>
    <Active>TRUE</Active>
  </PageList>
  <PageList>
    <ID>8</ID>
    <LabelMstID>tbl_Employee</LabelMstID>
    <FieldName>employeeID</FieldName>
    <LabelID>lblemployeeID1s</LabelID>
    <LabelName />
    <LangID>3</LangID>
    <COUNTRYID>8</COUNTRYID>
    <LANGDISP>fr-FR</LANGDISP>
    <Active>TRUE</Active>
  </PageList>
  <PageList>
    <ID>9</ID>
    <LabelMstID>tbl_Employee</LabelMstID>
    <FieldName>employeeID</FieldName>
    <LabelID>lblemployeeID2h</LabelID>
    <LabelName>اسم الموظف</LabelName>
    <LangID>2</LangID>
    <COUNTRYID>8</COUNTRYID>
    <LANGDISP>ar-KW</LANGDISP>
    <Active>TRUE</Active>
  </PageList>
  <PageList>
    <ID>10</ID>
    <LabelMstID>tbl_Employee</LabelMstID>
    <FieldName>contactID</FieldName>
    <LabelID>lblcontactID1s</LabelID>
    <LabelName>Employee</LabelName>
    <LangID>1</LangID>
    <COUNTRYID>8</COUNTRYID>
    <LANGDISP>en-US</LANGDISP>
    <Active>TRUE</Active>
  </PageList>
  <PageList>
    <ID>11</ID>
    <LabelMstID>tbl_Employee</LabelMstID>
    <FieldName>contactID</FieldName>
    <LabelID>lblcontactID1s</LabelID>
    <LabelName />
    <LangID>3</LangID>
    <COUNTRYID>8</COUNTRYID>
    <LANGDISP>fr-FR</LANGDISP>
    <Active>TRUE</Active>
  </PageList>
  <PageList>
    <ID>12</ID>
    <LabelMstID>tbl_Employee</LabelMstID>
    <FieldName>contactID</FieldName>
    <LabelID>lblcontactID2h</LabelID>
    <LabelName>اسم جهة الاتصال</LabelName>
    <LangID>2</LangID>
    <COUNTRYID>8</COUNTRYID>
    <LANGDISP>ar-KW</LANGDISP>
    <Active>TRUE</Active>
  </PageList>
  <PageList>
    <ID>13</ID>
    <LabelMstID>tbl_Employee</LabelMstID>
    <FieldName>userID</FieldName>
    <LabelID>lbluserID1s</LabelID>
    <LabelName>Name English</LabelName>
    <LangID>1</LangID>
    <COUNTRYID>8</COUNTRYID>
    <LANGDISP>en-US</LANGDISP>
    <Active>TRUE</Active>
  </PageList>
  <PageList>
    <ID>14</ID>
    <LabelMstID>tbl_Employee</LabelMstID>
    <FieldName>userID</FieldName>
    <LabelID>lbluserID1s</LabelID>
    <LabelName />
    <LangID>3</LangID>
    <COUNTRYID>8</COUNTRYID>
    <LANGDISP>fr-FR</LANGDISP>
    <Active>TRUE</Active>
  </PageList>
  <PageList>
    <ID>15</ID>
    <LabelMstID>tbl_Employee</LabelMstID>
    <FieldName>userID</FieldName>
    <LabelID>lbluserID2h</LabelID>
    <LabelName>اسم المستخدم</LabelName>
    <LangID>2</LangID>
    <COUNTRYID>8</COUNTRYID>
    <LANGDISP>ar-KW</LANGDISP>
    <Active>TRUE</Active>
  </PageList>
  <PageList>
    <ID>16</ID>
    <LabelMstID>tbl_Employee</LabelMstID>
    <FieldName>ActiveDirectoryID</FieldName>
    <LabelID>lblActiveDirectoryID1s</LabelID>
    <LabelName>Employee</LabelName>
    <LangID>1</LangID>
    <COUNTRYID>8</COUNTRYID>
    <LANGDISP>en-US</LANGDISP>
    <Active>TRUE</Active>
  </PageList>
  <PageList>
    <ID>17</ID>
    <LabelMstID>tbl_Employee</LabelMstID>
    <FieldName>ActiveDirectoryID</FieldName>
    <LabelID>lblActiveDirectoryID1s</LabelID>
    <LabelName />
    <LangID>3</LangID>
    <COUNTRYID>8</COUNTRYID>
    <LANGDISP>fr-FR</LANGDISP>
    <Active>TRUE</Active>
  </PageList>
  <PageList>
    <ID>18</ID>
    <LabelMstID>tbl_Employee</LabelMstID>
    <FieldName>ActiveDirectoryID</FieldName>
    <LabelID>lblActiveDirectoryID2h</LabelID>
    <LabelName>اسم Activedirectory</LabelName>
    <LangID>2</LangID>
    <COUNTRYID>8</COUNTRYID>
    <LANGDISP>ar-KW</LANGDISP>
    <Active>TRUE</Active>
  </PageList>
  <PageList>
    <ID>19</ID>
    <LabelMstID>tbl_Employee</LabelMstID>
    <FieldName>MainHRRoleID</FieldName>
    <LabelID>lblMainHRRoleID1s</LabelID>
    <LabelName>Employee</LabelName>
    <LangID>1</LangID>
    <COUNTRYID>8</COUNTRYID>
    <LANGDISP>en-US</LANGDISP>
    <Active>TRUE</Active>
  </PageList>
  <PageList>
    <ID>20</ID>
    <LabelMstID>tbl_Employee</LabelMstID>
    <FieldName>MainHRRoleID</FieldName>
    <LabelID>lblMainHRRoleID1s</LabelID>
    <LabelName />
    <LangID>3</LangID>
    <COUNTRYID>8</COUNTRYID>
    <LANGDISP>fr-FR</LANGDISP>
    <Active>TRUE</Active>
  </PageList>
  <PageList>
    <ID>21</ID>
    <LabelMstID>tbl_Employee</LabelMstID>
    <FieldName>MainHRRoleID</FieldName>
    <LabelID>lblMainHRRoleID2h</LabelID>
    <LabelName>اسم ماينهرولي</LabelName>
    <LangID>2</LangID>
    <COUNTRYID>8</COUNTRYID>
    <LANGDISP>ar-KW</LANGDISP>
    <Active>TRUE</Active>
  </PageList>
  <PageList>
    <ID>22</ID>
    <LabelMstID>tbl_Employee</LabelMstID>
    <FieldName>lastname</FieldName>
    <LabelID>lbllastname1s</LabelID>
    <LabelName>Lastname</LabelName>
    <LangID>1</LangID>
    <COUNTRYID>8</COUNTRYID>
    <LANGDISP>en-US</LANGDISP>
    <Active>TRUE</Active>
  </PageList>
  <PageList>
    <ID>23</ID>
    <LabelMstID>tbl_Employee</LabelMstID>
    <FieldName>lastname</FieldName>
    <LabelID>lbllastname1s</LabelID>
    <LabelName />
    <LangID>3</LangID>
    <COUNTRYID>8</COUNTRYID>
    <LANGDISP>fr-FR</LANGDISP>
    <Active>TRUE</Active>
  </PageList>
  <PageList>
    <ID>24</ID>
    <LabelMstID>tbl_Employee</LabelMstID>
    <FieldName>lastname</FieldName>
    <LabelID>lbllastname2h</LabelID>
    <LabelName>اسم العائلة</LabelName>
    <LangID>2</LangID>
    <COUNTRYID>8</COUNTRYID>
    <LANGDISP>ar-KW</LANGDISP>
    <Active>TRUE</Active>
  </PageList>
  <PageList>
    <ID>25</ID>
    <LabelMstID>tbl_Employee</LabelMstID>
    <FieldName>firstname</FieldName>
    <LabelID>lblfirstname1s</LabelID>
    <LabelName>First name</LabelName>
    <LangID>1</LangID>
    <COUNTRYID>8</COUNTRYID>
    <LANGDISP>en-US</LANGDISP>
    <Active>TRUE</Active>
  </PageList>
  <PageList>
    <ID>26</ID>
    <LabelMstID>tbl_Employee</LabelMstID>
    <FieldName>firstname</FieldName>
    <LabelID>lblfirstname1s</LabelID>
    <LabelName />
    <LangID>3</LangID>
    <COUNTRYID>8</COUNTRYID>
    <LANGDISP>fr-FR</LANGDISP>
    <Active>TRUE</Active>
  </PageList>
  <PageList>
    <ID>27</ID>
    <LabelMstID>tbl_Employee</LabelMstID>
    <FieldName>firstname</FieldName>
    <LabelID>lblfirstname2h</LabelID>
    <LabelName>الاسم الأول</LabelName>
    <LangID>2</LangID>
    <COUNTRYID>8</COUNTRYID>
    <LANGDISP>ar-KW</LANGDISP>
    <Active>TRUE</Active>
  </PageList>
  <PageList>
    <ID>28</ID>
    <LabelMstID>tbl_Employee</LabelMstID>
    <FieldName>middle_name</FieldName>
    <LabelID>lblmiddle_name1s</LabelID>
    <LabelName>Employee</LabelName>
    <LangID>1</LangID>
    <COUNTRYID>8</COUNTRYID>
    <LANGDISP>en-US</LANGDISP>
    <Active>TRUE</Active>
  </PageList>
  <PageList>
    <ID>29</ID>
    <LabelMstID>tbl_Employee</LabelMstID>
    <FieldName>middle_name</FieldName>
    <LabelID>lblmiddle_name1s</LabelID>
    <LabelName />
    <LangID>3</LangID>
    <COUNTRYID>8</COUNTRYID>
    <LANGDISP>fr-FR</LANGDISP>
    <Active>TRUE</Active>
  </PageList>
  <PageList>
    <ID>30</ID>
    <LabelMstID>tbl_Employee</LabelMstID>
    <FieldName>middle_name</FieldName>
    <LabelID>lblmiddle_name2h</LabelID>
    <LabelName>الاسم الأوسط</LabelName>
    <LangID>2</LangID>
    <COUNTRYID>8</COUNTRYID>
    <LANGDISP>ar-KW</LANGDISP>
    <Active>TRUE</Active>
  </PageList>
  <PageList>
    <ID>31</ID>
    <LabelMstID>tbl_Employee</LabelMstID>
    <FieldName>emp_nick_name</FieldName>
    <LabelID>lblemp_nick_name1s</LabelID>
    <LabelName>Employee</LabelName>
    <LangID>1</LangID>
    <COUNTRYID>8</COUNTRYID>
    <LANGDISP>en-US</LANGDISP>
    <Active>TRUE</Active>
  </PageList>
  <PageList>
    <ID>32</ID>
    <LabelMstID>tbl_Employee</LabelMstID>
    <FieldName>emp_nick_name</FieldName>
    <LabelID>lblemp_nick_name1s</LabelID>
    <LabelName />
    <LangID>3</LangID>
    <COUNTRYID>8</COUNTRYID>
    <LANGDISP>fr-FR</LANGDISP>
    <Active>TRUE</Active>
  </PageList>
  <PageList>
    <ID>33</ID>
    <LabelMstID>tbl_Employee</LabelMstID>
    <FieldName>emp_nick_name</FieldName>
    <LabelID>lblemp_nick_name2h</LabelID>
    <LabelName>الاسم Emp</LabelName>
    <LangID>2</LangID>
    <COUNTRYID>8</COUNTRYID>
    <LANGDISP>ar-KW</LANGDISP>
    <Active>TRUE</Active>
  </PageList>
  <PageList>
    <ID>34</ID>
    <LabelMstID>tbl_Employee</LabelMstID>
    <FieldName>name2</FieldName>
    <LabelID>lblname21s</LabelID>
    <LabelName>Name Arabic</LabelName>
    <LangID>1</LangID>
    <COUNTRYID>8</COUNTRYID>
    <LANGDISP>en-US</LANGDISP>
    <Active>TRUE</Active>
  </PageList>
  <PageList>
    <ID>35</ID>
    <LabelMstID>tbl_Employee</LabelMstID>
    <FieldName>name2</FieldName>
    <LabelID>lblname21s</LabelID>
    <LabelName />
    <LangID>3</LangID>
    <COUNTRYID>8</COUNTRYID>
    <LANGDISP>fr-FR</LANGDISP>
    <Active>TRUE</Active>
  </PageList>
  <PageList>
    <ID>36</ID>
    <LabelMstID>tbl_Employee</LabelMstID>
    <FieldName>name2</FieldName>
    <LabelID>lblname22h</LabelID>
    <LabelName>Name2</LabelName>
    <LangID>2</LangID>
    <COUNTRYID>8</COUNTRYID>
    <LANGDISP>ar-KW</LANGDISP>
    <Active>TRUE</Active>
  </PageList>
  <PageList>
    <ID>37</ID>
    <LabelMstID>tbl_Employee</LabelMstID>
    <FieldName>name3</FieldName>
    <LabelID>lblname31s</LabelID>
    <LabelName>Name French</LabelName>
    <LangID>1</LangID>
    <COUNTRYID>8</COUNTRYID>
    <LANGDISP>en-US</LANGDISP>
    <Active>TRUE</Active>
  </PageList>
  <PageList>
    <ID>38</ID>
    <LabelMstID>tbl_Employee</LabelMstID>
    <FieldName>name3</FieldName>
    <LabelID>lblname31s</LabelID>
    <LabelName />
    <LangID>3</LangID>
    <COUNTRYID>8</COUNTRYID>
    <LANGDISP>fr-FR</LANGDISP>
    <Active>TRUE</Active>
  </PageList>
  <PageList>
    <ID>39</ID>
    <LabelMstID>tbl_Employee</LabelMstID>
    <FieldName>name3</FieldName>
    <LabelID>lblname32h</LabelID>
    <LabelName>Name3</LabelName>
    <LangID>2</LangID>
    <COUNTRYID>8</COUNTRYID>
    <LANGDISP>ar-KW</LANGDISP>
    <Active>TRUE</Active>
  </PageList>
  <PageList>
    <ID>40</ID>
    <LabelMstID>tbl_Employee</LabelMstID>
    <FieldName>Studen_LoginID</FieldName>
    <LabelID>lblStuden_LoginID1s</LabelID>
    <LabelName>login</LabelName>
    <LangID>1</LangID>
    <COUNTRYID>8</COUNTRYID>
    <LANGDISP>en-US</LANGDISP>
    <Active>TRUE</Active>
  </PageList>
  <PageList>
    <ID>41</ID>
    <LabelMstID>tbl_Employee</LabelMstID>
    <FieldName>Studen_LoginID</FieldName>
    <LabelID>lblStuden_LoginID1s</LabelID>
    <LabelName />
    <LangID>3</LangID>
    <COUNTRYID>8</COUNTRYID>
    <LANGDISP>fr-FR</LANGDISP>
    <Active>TRUE</Active>
  </PageList>
  <PageList>
    <ID>42</ID>
    <LabelMstID>tbl_Employee</LabelMstID>
    <FieldName>Studen_LoginID</FieldName>
    <LabelID>lblStuden_LoginID2h</LabelID>
    <LabelName>اسم تسجيل دخول طالب</LabelName>
    <LangID>2</LangID>
    <COUNTRYID>8</COUNTRYID>
    <LANGDISP>ar-KW</LANGDISP>
    <Active>TRUE</Active>
  </PageList>
  <PageList>
    <ID>43</ID>
    <LabelMstID>tbl_Employee</LabelMstID>
    <FieldName>PASSWORD</FieldName>
    <LabelID>lblPASSWORD1s</LabelID>
    <LabelName>Password</LabelName>
    <LangID>1</LangID>
    <COUNTRYID>8</COUNTRYID>
    <LANGDISP>en-US</LANGDISP>
    <Active>TRUE</Active>
  </PageList>
  <PageList>
    <ID>44</ID>
    <LabelMstID>tbl_Employee</LabelMstID>
    <FieldName>PASSWORD</FieldName>
    <LabelID>lblPASSWORD1s</LabelID>
    <LabelName />
    <LangID>3</LangID>
    <COUNTRYID>8</COUNTRYID>
    <LANGDISP>fr-FR</LANGDISP>
    <Active>TRUE</Active>
  </PageList>
  <PageList>
    <ID>45</ID>
    <LabelMstID>tbl_Employee</LabelMstID>
    <FieldName>PASSWORD</FieldName>
    <LabelID>lblPASSWORD2h</LabelID>
    <LabelName>كلمة المرور</LabelName>
    <LangID>2</LangID>
    <COUNTRYID>8</COUNTRYID>
    <LANGDISP>ar-KW</LANGDISP>
    <Active>TRUE</Active>
  </PageList>
  <PageList>
    <ID>46</ID>
    <LabelMstID>tbl_Employee</LabelMstID>
    <FieldName>emp_smoker</FieldName>
    <LabelID>lblemp_smoker1s</LabelID>
    <LabelName>Employee</LabelName>
    <LangID>1</LangID>
    <COUNTRYID>8</COUNTRYID>
    <LANGDISP>en-US</LANGDISP>
    <Active>TRUE</Active>
  </PageList>
  <PageList>
    <ID>47</ID>
    <LabelMstID>tbl_Employee</LabelMstID>
    <FieldName>emp_smoker</FieldName>
    <LabelID>lblemp_smoker1s</LabelID>
    <LabelName />
    <LangID>3</LangID>
    <COUNTRYID>8</COUNTRYID>
    <LANGDISP>fr-FR</LANGDISP>
    <Active>TRUE</Active>
  </PageList>
  <PageList>
    <ID>48</ID>
    <LabelMstID>tbl_Employee</LabelMstID>
    <FieldName>emp_smoker</FieldName>
    <LabelID>lblemp_smoker2h</LabelID>
    <LabelName>مدخن Emp</LabelName>
    <LangID>2</LangID>
    <COUNTRYID>8</COUNTRYID>
    <LANGDISP>ar-KW</LANGDISP>
    <Active>TRUE</Active>
  </PageList>
  <PageList>
    <ID>49</ID>
    <LabelMstID>tbl_Employee</LabelMstID>
    <FieldName>ethnic_race_code</FieldName>
    <LabelID>lblethnic_race_code1s</LabelID>
    <LabelName>Employee</LabelName>
    <LangID>1</LangID>
    <COUNTRYID>8</COUNTRYID>
    <LANGDISP>en-US</LANGDISP>
    <Active>TRUE</Active>
  </PageList>
  <PageList>
    <ID>50</ID>
    <LabelMstID>tbl_Employee</LabelMstID>
    <FieldName>ethnic_race_code</FieldName>
    <LabelID>lblethnic_race_code1s</LabelID>
    <LabelName />
    <LangID>3</LangID>
    <COUNTRYID>8</COUNTRYID>
    <LANGDISP>fr-FR</LANGDISP>
    <Active>TRUE</Active>
  </PageList>
  <PageList>
    <ID>51</ID>
    <LabelMstID>tbl_Employee</LabelMstID>
    <FieldName>ethnic_race_code</FieldName>
    <LabelID>lblethnic_race_code2h</LabelID>
    <LabelName>رمز العنصر العرقي</LabelName>
    <LangID>2</LangID>
    <COUNTRYID>8</COUNTRYID>
    <LANGDISP>ar-KW</LANGDISP>
    <Active>TRUE</Active>
  </PageList>
  <PageList>
    <ID>52</ID>
    <LabelMstID>tbl_Employee</LabelMstID>
    <FieldName>emp_birthday</FieldName>
    <LabelID>lblemp_birthday1s</LabelID>
    <LabelName>Employee</LabelName>
    <LangID>1</LangID>
    <COUNTRYID>8</COUNTRYID>
    <LANGDISP>en-US</LANGDISP>
    <Active>TRUE</Active>
  </PageList>
  <PageList>
    <ID>53</ID>
    <LabelMstID>tbl_Employee</LabelMstID>
    <FieldName>emp_birthday</FieldName>
    <LabelID>lblemp_birthday1s</LabelID>
    <LabelName />
    <LangID>3</LangID>
    <COUNTRYID>8</COUNTRYID>
    <LANGDISP>fr-FR</LANGDISP>
    <Active>TRUE</Active>
  </PageList>
  <PageList>
    <ID>54</ID>
    <LabelMstID>tbl_Employee</LabelMstID>
    <FieldName>emp_birthday</FieldName>
    <LabelID>lblemp_birthday2h</LabelID>
    <LabelName>عيد ميلاد الشراكة الأورو-متوسطية</LabelName>
    <LangID>2</LangID>
    <COUNTRYID>8</COUNTRYID>
    <LANGDISP>ar-KW</LANGDISP>
    <Active>TRUE</Active>
  </PageList>
  <PageList>
    <ID>55</ID>
    <LabelMstID>tbl_Employee</LabelMstID>
    <FieldName>nation_code</FieldName>
    <LabelID>lblnation_code1s</LabelID>
    <LabelName>Employee</LabelName>
    <LangID>1</LangID>
    <COUNTRYID>8</COUNTRYID>
    <LANGDISP>en-US</LANGDISP>
    <Active>TRUE</Active>
  </PageList>
  <PageList>
    <ID>56</ID>
    <LabelMstID>tbl_Employee</LabelMstID>
    <FieldName>nation_code</FieldName>
    <LabelID>lblnation_code1s</LabelID>
    <LabelName />
    <LangID>3</LangID>
    <COUNTRYID>8</COUNTRYID>
    <LANGDISP>fr-FR</LANGDISP>
    <Active>TRUE</Active>
  </PageList>
  <PageList>
    <ID>57</ID>
    <LabelMstID>tbl_Employee</LabelMstID>
    <FieldName>nation_code</FieldName>
    <LabelID>lblnation_code2h</LabelID>
    <LabelName>رمز الأمة</LabelName>
    <LangID>2</LangID>
    <COUNTRYID>8</COUNTRYID>
    <LANGDISP>ar-KW</LANGDISP>
    <Active>TRUE</Active>
  </PageList>
  <PageList>
    <ID>58</ID>
    <LabelMstID>tbl_Employee</LabelMstID>
    <FieldName>emp_gender</FieldName>
    <LabelID>lblemp_gender1s</LabelID>
    <LabelName>Employee</LabelName>
    <LangID>1</LangID>
    <COUNTRYID>8</COUNTRYID>
    <LANGDISP>en-US</LANGDISP>
    <Active>TRUE</Active>
  </PageList>
  <PageList>
    <ID>59</ID>
    <LabelMstID>tbl_Employee</LabelMstID>
    <FieldName>emp_gender</FieldName>
    <LabelID>lblemp_gender1s</LabelID>
    <LabelName />
    <LangID>3</LangID>
    <COUNTRYID>8</COUNTRYID>
    <LANGDISP>fr-FR</LANGDISP>
    <Active>TRUE</Active>
  </PageList>
  <PageList>
    <ID>60</ID>
    <LabelMstID>tbl_Employee</LabelMstID>
    <FieldName>emp_gender</FieldName>
    <LabelID>lblemp_gender2h</LabelID>
    <LabelName>الشراكة الأورو-متوسطية بين الجنسين</LabelName>
    <LangID>2</LangID>
    <COUNTRYID>8</COUNTRYID>
    <LANGDISP>ar-KW</LANGDISP>
    <Active>TRUE</Active>
  </PageList>
  <PageList>
    <ID>61</ID>
    <LabelMstID>tbl_Employee</LabelMstID>
    <FieldName>emp_marital_status</FieldName>
    <LabelID>lblemp_marital_status1s</LabelID>
    <LabelName>Employee</LabelName>
    <LangID>1</LangID>
    <COUNTRYID>8</COUNTRYID>
    <LANGDISP>en-US</LANGDISP>
    <Active>TRUE</Active>
  </PageList>
  <PageList>
    <ID>62</ID>
    <LabelMstID>tbl_Employee</LabelMstID>
    <FieldName>emp_marital_status</FieldName>
    <LabelID>lblemp_marital_status1s</LabelID>
    <LabelName />
    <LangID>3</LangID>
    <COUNTRYID>8</COUNTRYID>
    <LANGDISP>fr-FR</LANGDISP>
    <Active>TRUE</Active>
  </PageList>
  <PageList>
    <ID>63</ID>
    <LabelMstID>tbl_Employee</LabelMstID>
    <FieldName>emp_marital_status</FieldName>
    <LabelID>lblemp_marital_status2h</LabelID>
    <LabelName>الشراكة الأورو-متوسطية الزواجية</LabelName>
    <LangID>2</LangID>
    <COUNTRYID>8</COUNTRYID>
    <LANGDISP>ar-KW</LANGDISP>
    <Active>TRUE</Active>
  </PageList>
  <PageList>
    <ID>64</ID>
    <LabelMstID>tbl_Employee</LabelMstID>
    <FieldName>emp_ssn_num</FieldName>
    <LabelID>lblemp_ssn_num1s</LabelID>
    <LabelName>Employee</LabelName>
    <LangID>1</LangID>
    <COUNTRYID>8</COUNTRYID>
    <LANGDISP>en-US</LANGDISP>
    <Active>TRUE</Active>
  </PageList>
  <PageList>
    <ID>65</ID>
    <LabelMstID>tbl_Employee</LabelMstID>
    <FieldName>emp_ssn_num</FieldName>
    <LabelID>lblemp_ssn_num1s</LabelID>
    <LabelName />
    <LangID>3</LangID>
    <COUNTRYID>8</COUNTRYID>
    <LANGDISP>fr-FR</LANGDISP>
    <Active>TRUE</Active>
  </PageList>
  <PageList>
    <ID>66</ID>
    <LabelMstID>tbl_Employee</LabelMstID>
    <FieldName>emp_ssn_num</FieldName>
    <LabelID>lblemp_ssn_num2h</LabelID>
    <LabelName>Emp ssn num</LabelName>
    <LangID>2</LangID>
    <COUNTRYID>8</COUNTRYID>
    <LANGDISP>ar-KW</LANGDISP>
    <Active>TRUE</Active>
  </PageList>
  <PageList>
    <ID>67</ID>
    <LabelMstID>tbl_Employee</LabelMstID>
    <FieldName>emp_sin_num</FieldName>
    <LabelID>lblemp_sin_num1s</LabelID>
    <LabelName>Employee</LabelName>
    <LangID>1</LangID>
    <COUNTRYID>8</COUNTRYID>
    <LANGDISP>en-US</LANGDISP>
    <Active>TRUE</Active>
  </PageList>
  <PageList>
    <ID>68</ID>
    <LabelMstID>tbl_Employee</LabelMstID>
    <FieldName>emp_sin_num</FieldName>
    <LabelID>lblemp_sin_num1s</LabelID>
    <LabelName />
    <LangID>3</LangID>
    <COUNTRYID>8</COUNTRYID>
    <LANGDISP>fr-FR</LANGDISP>
    <Active>TRUE</Active>
  </PageList>
  <PageList>
    <ID>69</ID>
    <LabelMstID>tbl_Employee</LabelMstID>
    <FieldName>emp_sin_num</FieldName>
    <LabelID>lblemp_sin_num2h</LabelID>
    <LabelName>Num الخطيئة Emp</LabelName>
    <LangID>2</LangID>
    <COUNTRYID>8</COUNTRYID>
    <LANGDISP>ar-KW</LANGDISP>
    <Active>TRUE</Active>
  </PageList>
  <PageList>
    <ID>70</ID>
    <LabelMstID>tbl_Employee</LabelMstID>
    <FieldName>emp_other_id</FieldName>
    <LabelID>lblemp_other_id1s</LabelID>
    <LabelName>Employee</LabelName>
    <LangID>1</LangID>
    <COUNTRYID>8</COUNTRYID>
    <LANGDISP>en-US</LANGDISP>
    <Active>TRUE</Active>
  </PageList>
  <PageList>
    <ID>71</ID>
    <LabelMstID>tbl_Employee</LabelMstID>
    <FieldName>emp_other_id</FieldName>
    <LabelID>lblemp_other_id1s</LabelID>
    <LabelName />
    <LangID>3</LangID>
    <COUNTRYID>8</COUNTRYID>
    <LANGDISP>fr-FR</LANGDISP>
    <Active>TRUE</Active>
  </PageList>
  <PageList>
    <ID>72</ID>
    <LabelMstID>tbl_Employee</LabelMstID>
    <FieldName>emp_other_id</FieldName>
    <LabelID>lblemp_other_id2h</LabelID>
    <LabelName>الشراكة الأورو-متوسطية أخرى معرف</LabelName>
    <LangID>2</LangID>
    <COUNTRYID>8</COUNTRYID>
    <LANGDISP>ar-KW</LANGDISP>
    <Active>TRUE</Active>
  </PageList>
  <PageList>
    <ID>73</ID>
    <LabelMstID>tbl_Employee</LabelMstID>
    <FieldName>emp_dri_lice_num</FieldName>
    <LabelID>lblemp_dri_lice_num1s</LabelID>
    <LabelName>Employee</LabelName>
    <LangID>1</LangID>
    <COUNTRYID>8</COUNTRYID>
    <LANGDISP>en-US</LANGDISP>
    <Active>TRUE</Active>
  </PageList>
  <PageList>
    <ID>74</ID>
    <LabelMstID>tbl_Employee</LabelMstID>
    <FieldName>emp_dri_lice_num</FieldName>
    <LabelID>lblemp_dri_lice_num1s</LabelID>
    <LabelName />
    <LangID>3</LangID>
    <COUNTRYID>8</COUNTRYID>
    <LANGDISP>fr-FR</LANGDISP>
    <Active>TRUE</Active>
  </PageList>
  <PageList>
    <ID>75</ID>
    <LabelMstID>tbl_Employee</LabelMstID>
    <FieldName>emp_dri_lice_num</FieldName>
    <LabelID>lblemp_dri_lice_num2h</LabelID>
    <LabelName>الشراكة الأورو-متوسطية dri القمل num</LabelName>
    <LangID>2</LangID>
    <COUNTRYID>8</COUNTRYID>
    <LANGDISP>ar-KW</LANGDISP>
    <Active>TRUE</Active>
  </PageList>
  <PageList>
    <ID>76</ID>
    <LabelMstID>tbl_Employee</LabelMstID>
    <FieldName>emp_dri_lice_exp_date</FieldName>
    <LabelID>lblemp_dri_lice_exp_date1s</LabelID>
    <LabelName>Employee</LabelName>
    <LangID>1</LangID>
    <COUNTRYID>8</COUNTRYID>
    <LANGDISP>en-US</LANGDISP>
    <Active>TRUE</Active>
  </PageList>
  <PageList>
    <ID>77</ID>
    <LabelMstID>tbl_Employee</LabelMstID>
    <FieldName>emp_dri_lice_exp_date</FieldName>
    <LabelID>lblemp_dri_lice_exp_date1s</LabelID>
    <LabelName />
    <LangID>3</LangID>
    <COUNTRYID>8</COUNTRYID>
    <LANGDISP>fr-FR</LANGDISP>
    <Active>TRUE</Active>
  </PageList>
  <PageList>
    <ID>78</ID>
    <LabelMstID>tbl_Employee</LabelMstID>
    <FieldName>emp_dri_lice_exp_date</FieldName>
    <LabelID>lblemp_dri_lice_exp_date2h</LabelID>
    <LabelName>الشراكة الأورو-متوسطية dri القمل أكسب التاريخ</LabelName>
    <LangID>2</LangID>
    <COUNTRYID>8</COUNTRYID>
    <LANGDISP>ar-KW</LANGDISP>
    <Active>TRUE</Active>
  </PageList>
  <PageList>
    <ID>79</ID>
    <LabelMstID>tbl_Employee</LabelMstID>
    <FieldName>emp_military_service</FieldName>
    <LabelID>lblemp_military_service1s</LabelID>
    <LabelName>Employee</LabelName>
    <LangID>1</LangID>
    <COUNTRYID>8</COUNTRYID>
    <LANGDISP>en-US</LANGDISP>
    <Active>TRUE</Active>
  </PageList>
  <PageList>
    <ID>80</ID>
    <LabelMstID>tbl_Employee</LabelMstID>
    <FieldName>emp_military_service</FieldName>
    <LabelID>lblemp_military_service1s</LabelID>
    <LabelName />
    <LangID>3</LangID>
    <COUNTRYID>8</COUNTRYID>
    <LANGDISP>fr-FR</LANGDISP>
    <Active>TRUE</Active>
  </PageList>
  <PageList>
    <ID>81</ID>
    <LabelMstID>tbl_Employee</LabelMstID>
    <FieldName>emp_military_service</FieldName>
    <LabelID>lblemp_military_service2h</LabelID>
    <LabelName>الشراكة الأورو-متوسطية الخدمة العسكرية</LabelName>
    <LangID>2</LangID>
    <COUNTRYID>8</COUNTRYID>
    <LANGDISP>ar-KW</LANGDISP>
    <Active>TRUE</Active>
  </PageList>
  <PageList>
    <ID>82</ID>
    <LabelMstID>tbl_Employee</LabelMstID>
    <FieldName>emp_status</FieldName>
    <LabelID>lblemp_status1s</LabelID>
    <LabelName>Employee</LabelName>
    <LangID>1</LangID>
    <COUNTRYID>8</COUNTRYID>
    <LANGDISP>en-US</LANGDISP>
    <Active>TRUE</Active>
  </PageList>
  <PageList>
    <ID>83</ID>
    <LabelMstID>tbl_Employee</LabelMstID>
    <FieldName>emp_status</FieldName>
    <LabelID>lblemp_status1s</LabelID>
    <LabelName />
    <LangID>3</LangID>
    <COUNTRYID>8</COUNTRYID>
    <LANGDISP>fr-FR</LANGDISP>
    <Active>TRUE</Active>
  </PageList>
  <PageList>
    <ID>84</ID>
    <LabelMstID>tbl_Employee</LabelMstID>
    <FieldName>emp_status</FieldName>
    <LabelID>lblemp_status2h</LabelID>
    <LabelName>مركز الشراكة الأورو-متوسطية</LabelName>
    <LangID>2</LangID>
    <COUNTRYID>8</COUNTRYID>
    <LANGDISP>ar-KW</LANGDISP>
    <Active>TRUE</Active>
  </PageList>
  <PageList>
    <ID>85</ID>
    <LabelMstID>tbl_Employee</LabelMstID>
    <FieldName>EmployeeType</FieldName>
    <LabelID>lblEmployeeType1s</LabelID>
    <LabelName>Employee</LabelName>
    <LangID>1</LangID>
    <COUNTRYID>8</COUNTRYID>
    <LANGDISP>en-US</LANGDISP>
    <Active>TRUE</Active>
  </PageList>
  <PageList>
    <ID>86</ID>
    <LabelMstID>tbl_Employee</LabelMstID>
    <FieldName>EmployeeType</FieldName>
    <LabelID>lblEmployeeType1s</LabelID>
    <LabelName />
    <LangID>3</LangID>
    <COUNTRYID>8</COUNTRYID>
    <LANGDISP>fr-FR</LANGDISP>
    <Active>TRUE</Active>
  </PageList>
  <PageList>
    <ID>87</ID>
    <LabelMstID>tbl_Employee</LabelMstID>
    <FieldName>EmployeeType</FieldName>
    <LabelID>lblEmployeeType2h</LabelID>
    <LabelName>امبلوييتيبي</LabelName>
    <LangID>2</LangID>
    <COUNTRYID>8</COUNTRYID>
    <LANGDISP>ar-KW</LANGDISP>
    <Active>TRUE</Active>
  </PageList>
  <PageList>
    <ID>88</ID>
    <LabelMstID>tbl_Employee</LabelMstID>
    <FieldName>job_title_code</FieldName>
    <LabelID>lbljob_title_code1s</LabelID>
    <LabelName>Employee</LabelName>
    <LangID>1</LangID>
    <COUNTRYID>8</COUNTRYID>
    <LANGDISP>en-US</LANGDISP>
    <Active>TRUE</Active>
  </PageList>
  <PageList>
    <ID>89</ID>
    <LabelMstID>tbl_Employee</LabelMstID>
    <FieldName>job_title_code</FieldName>
    <LabelID>lbljob_title_code1s</LabelID>
    <LabelName />
    <LangID>3</LangID>
    <COUNTRYID>8</COUNTRYID>
    <LANGDISP>fr-FR</LANGDISP>
    <Active>TRUE</Active>
  </PageList>
  <PageList>
    <ID>90</ID>
    <LabelMstID>tbl_Employee</LabelMstID>
    <FieldName>job_title_code</FieldName>
    <LabelID>lbljob_title_code2h</LabelID>
    <LabelName>كود عنوان الوظيفة</LabelName>
    <LangID>2</LangID>
    <COUNTRYID>8</COUNTRYID>
    <LANGDISP>ar-KW</LANGDISP>
    <Active>TRUE</Active>
  </PageList>
  <PageList>
    <ID>91</ID>
    <LabelMstID>tbl_Employee</LabelMstID>
    <FieldName>eeo_cat_code</FieldName>
    <LabelID>lbleeo_cat_code1s</LabelID>
    <LabelName>Employee</LabelName>
    <LangID>1</LangID>
    <COUNTRYID>8</COUNTRYID>
    <LANGDISP>en-US</LANGDISP>
    <Active>TRUE</Active>
  </PageList>
  <PageList>
    <ID>92</ID>
    <LabelMstID>tbl_Employee</LabelMstID>
    <FieldName>eeo_cat_code</FieldName>
    <LabelID>lbleeo_cat_code1s</LabelID>
    <LabelName />
    <LangID>3</LangID>
    <COUNTRYID>8</COUNTRYID>
    <LANGDISP>fr-FR</LANGDISP>
    <Active>TRUE</Active>
  </PageList>
  <PageList>
    <ID>93</ID>
    <LabelMstID>tbl_Employee</LabelMstID>
    <FieldName>eeo_cat_code</FieldName>
    <LabelID>lbleeo_cat_code2h</LabelID>
    <LabelName>رمز القط تكافؤ فرص العمل</LabelName>
    <LangID>2</LangID>
    <COUNTRYID>8</COUNTRYID>
    <LANGDISP>ar-KW</LANGDISP>
    <Active>TRUE</Active>
  </PageList>
  <PageList>
    <ID>94</ID>
    <LabelMstID>tbl_Employee</LabelMstID>
    <FieldName>work_station</FieldName>
    <LabelID>lblwork_station1s</LabelID>
    <LabelName>Employee</LabelName>
    <LangID>1</LangID>
    <COUNTRYID>8</COUNTRYID>
    <LANGDISP>en-US</LANGDISP>
    <Active>TRUE</Active>
  </PageList>
  <PageList>
    <ID>95</ID>
    <LabelMstID>tbl_Employee</LabelMstID>
    <FieldName>work_station</FieldName>
    <LabelID>lblwork_station1s</LabelID>
    <LabelName />
    <LangID>3</LangID>
    <COUNTRYID>8</COUNTRYID>
    <LANGDISP>fr-FR</LANGDISP>
    <Active>TRUE</Active>
  </PageList>
  <PageList>
    <ID>96</ID>
    <LabelMstID>tbl_Employee</LabelMstID>
    <FieldName>work_station</FieldName>
    <LabelID>lblwork_station2h</LabelID>
    <LabelName>محطة العمل</LabelName>
    <LangID>2</LangID>
    <COUNTRYID>8</COUNTRYID>
    <LANGDISP>ar-KW</LANGDISP>
    <Active>TRUE</Active>
  </PageList>
  <PageList>
    <ID>97</ID>
    <LabelMstID>tbl_Employee</LabelMstID>
    <FieldName>emp_street1</FieldName>
    <LabelID>lblemp_street11s</LabelID>
    <LabelName>Employee</LabelName>
    <LangID>1</LangID>
    <COUNTRYID>8</COUNTRYID>
    <LANGDISP>en-US</LANGDISP>
    <Active>TRUE</Active>
  </PageList>
  <PageList>
    <ID>98</ID>
    <LabelMstID>tbl_Employee</LabelMstID>
    <FieldName>emp_street1</FieldName>
    <LabelID>lblemp_street11s</LabelID>
    <LabelName />
    <LangID>3</LangID>
    <COUNTRYID>8</COUNTRYID>
    <LANGDISP>fr-FR</LANGDISP>
    <Active>TRUE</Active>
  </PageList>
  <PageList>
    <ID>99</ID>
    <LabelMstID>tbl_Employee</LabelMstID>
    <FieldName>emp_street1</FieldName>
    <LabelID>lblemp_street12h</LabelID>
    <LabelName>الشارع 1 الشراكة الأورو-متوسطية</LabelName>
    <LangID>2</LangID>
    <COUNTRYID>8</COUNTRYID>
    <LANGDISP>ar-KW</LANGDISP>
    <Active>TRUE</Active>
  </PageList>
  <PageList>
    <ID>100</ID>
    <LabelMstID>tbl_Employee</LabelMstID>
    <FieldName>emp_street2</FieldName>
    <LabelID>lblemp_street21s</LabelID>
    <LabelName>Employee</LabelName>
    <LangID>1</LangID>
    <COUNTRYID>8</COUNTRYID>
    <LANGDISP>en-US</LANGDISP>
    <Active>TRUE</Active>
  </PageList>
  <PageList>
    <ID>101</ID>
    <LabelMstID>tbl_Employee</LabelMstID>
    <FieldName>emp_street2</FieldName>
    <LabelID>lblemp_street21s</LabelID>
    <LabelName />
    <LangID>3</LangID>
    <COUNTRYID>8</COUNTRYID>
    <LANGDISP>fr-FR</LANGDISP>
    <Active>TRUE</Active>
  </PageList>
  <PageList>
    <ID>102</ID>
    <LabelMstID>tbl_Employee</LabelMstID>
    <FieldName>emp_street2</FieldName>
    <LabelID>lblemp_street22h</LabelID>
    <LabelName>Emp street2</LabelName>
    <LangID>2</LangID>
    <COUNTRYID>8</COUNTRYID>
    <LANGDISP>ar-KW</LANGDISP>
    <Active>TRUE</Active>
  </PageList>
  <PageList>
    <ID>103</ID>
    <LabelMstID>tbl_Employee</LabelMstID>
    <FieldName>city_code</FieldName>
    <LabelID>lblcity_code1s</LabelID>
    <LabelName>Employee</LabelName>
    <LangID>1</LangID>
    <COUNTRYID>8</COUNTRYID>
    <LANGDISP>en-US</LANGDISP>
    <Active>TRUE</Active>
  </PageList>
  <PageList>
    <ID>104</ID>
    <LabelMstID>tbl_Employee</LabelMstID>
    <FieldName>city_code</FieldName>
    <LabelID>lblcity_code1s</LabelID>
    <LabelName />
    <LangID>3</LangID>
    <COUNTRYID>8</COUNTRYID>
    <LANGDISP>fr-FR</LANGDISP>
    <Active>TRUE</Active>
  </PageList>
  <PageList>
    <ID>105</ID>
    <LabelMstID>tbl_Employee</LabelMstID>
    <FieldName>city_code</FieldName>
    <LabelID>lblcity_code2h</LabelID>
    <LabelName>رمز المدينة</LabelName>
    <LangID>2</LangID>
    <COUNTRYID>8</COUNTRYID>
    <LANGDISP>ar-KW</LANGDISP>
    <Active>TRUE</Active>
  </PageList>
  <PageList>
    <ID>106</ID>
    <LabelMstID>tbl_Employee</LabelMstID>
    <FieldName>coun_code</FieldName>
    <LabelID>lblcoun_code1s</LabelID>
    <LabelName>Employee</LabelName>
    <LangID>1</LangID>
    <COUNTRYID>8</COUNTRYID>
    <LANGDISP>en-US</LANGDISP>
    <Active>TRUE</Active>
  </PageList>
  <PageList>
    <ID>107</ID>
    <LabelMstID>tbl_Employee</LabelMstID>
    <FieldName>coun_code</FieldName>
    <LabelID>lblcoun_code1s</LabelID>
    <LabelName />
    <LangID>3</LangID>
    <COUNTRYID>8</COUNTRYID>
    <LANGDISP>fr-FR</LANGDISP>
    <Active>TRUE</Active>
  </PageList>
  <PageList>
    <ID>108</ID>
    <LabelMstID>tbl_Employee</LabelMstID>
    <FieldName>coun_code</FieldName>
    <LabelID>lblcoun_code2h</LabelID>
    <LabelName>رمز الشه</LabelName>
    <LangID>2</LangID>
    <COUNTRYID>8</COUNTRYID>
    <LANGDISP>ar-KW</LANGDISP>
    <Active>TRUE</Active>
  </PageList>
  <PageList>
    <ID>109</ID>
    <LabelMstID>tbl_Employee</LabelMstID>
    <FieldName>provin_code</FieldName>
    <LabelID>lblprovin_code1s</LabelID>
    <LabelName>Employee</LabelName>
    <LangID>1</LangID>
    <COUNTRYID>8</COUNTRYID>
    <LANGDISP>en-US</LANGDISP>
    <Active>TRUE</Active>
  </PageList>
  <PageList>
    <ID>110</ID>
    <LabelMstID>tbl_Employee</LabelMstID>
    <FieldName>provin_code</FieldName>
    <LabelID>lblprovin_code1s</LabelID>
    <LabelName />
    <LangID>3</LangID>
    <COUNTRYID>8</COUNTRYID>
    <LANGDISP>fr-FR</LANGDISP>
    <Active>TRUE</Active>
  </PageList>
  <PageList>
    <ID>111</ID>
    <LabelMstID>tbl_Employee</LabelMstID>
    <FieldName>provin_code</FieldName>
    <LabelID>lblprovin_code2h</LabelID>
    <LabelName>رمز برفين</LabelName>
    <LangID>2</LangID>
    <COUNTRYID>8</COUNTRYID>
    <LANGDISP>ar-KW</LANGDISP>
    <Active>TRUE</Active>
  </PageList>
  <PageList>
    <ID>112</ID>
    <LabelMstID>tbl_Employee</LabelMstID>
    <FieldName>emp_zipcode</FieldName>
    <LabelID>lblemp_zipcode1s</LabelID>
    <LabelName>Employee</LabelName>
    <LangID>1</LangID>
    <COUNTRYID>8</COUNTRYID>
    <LANGDISP>en-US</LANGDISP>
    <Active>TRUE</Active>
  </PageList>
  <PageList>
    <ID>113</ID>
    <LabelMstID>tbl_Employee</LabelMstID>
    <FieldName>emp_zipcode</FieldName>
    <LabelID>lblemp_zipcode1s</LabelID>
    <LabelName />
    <LangID>3</LangID>
    <COUNTRYID>8</COUNTRYID>
    <LANGDISP>fr-FR</LANGDISP>
    <Active>TRUE</Active>
  </PageList>
  <PageList>
    <ID>114</ID>
    <LabelMstID>tbl_Employee</LabelMstID>
    <FieldName>emp_zipcode</FieldName>
    <LabelID>lblemp_zipcode2h</LabelID>
    <LabelName>الرمز البريدي Emp</LabelName>
    <LangID>2</LangID>
    <COUNTRYID>8</COUNTRYID>
    <LANGDISP>ar-KW</LANGDISP>
    <Active>TRUE</Active>
  </PageList>
  <PageList>
    <ID>115</ID>
    <LabelMstID>tbl_Employee</LabelMstID>
    <FieldName>emp_hm_telephone</FieldName>
    <LabelID>lblemp_hm_telephone1s</LabelID>
    <LabelName>Employee</LabelName>
    <LangID>1</LangID>
    <COUNTRYID>8</COUNTRYID>
    <LANGDISP>en-US</LANGDISP>
    <Active>TRUE</Active>
  </PageList>
  <PageList>
    <ID>116</ID>
    <LabelMstID>tbl_Employee</LabelMstID>
    <FieldName>emp_hm_telephone</FieldName>
    <LabelID>lblemp_hm_telephone1s</LabelID>
    <LabelName />
    <LangID>3</LangID>
    <COUNTRYID>8</COUNTRYID>
    <LANGDISP>fr-FR</LANGDISP>
    <Active>TRUE</Active>
  </PageList>
  <PageList>
    <ID>117</ID>
    <LabelMstID>tbl_Employee</LabelMstID>
    <FieldName>emp_hm_telephone</FieldName>
    <LabelID>lblemp_hm_telephone2h</LabelID>
    <LabelName>الشراكة الأورو-متوسطية hm الهاتف</LabelName>
    <LangID>2</LangID>
    <COUNTRYID>8</COUNTRYID>
    <LANGDISP>ar-KW</LANGDISP>
    <Active>TRUE</Active>
  </PageList>
  <PageList>
    <ID>118</ID>
    <LabelMstID>tbl_Employee</LabelMstID>
    <FieldName>emp_mobile</FieldName>
    <LabelID>lblemp_mobile1s</LabelID>
    <LabelName>Employee</LabelName>
    <LangID>1</LangID>
    <COUNTRYID>8</COUNTRYID>
    <LANGDISP>en-US</LANGDISP>
    <Active>TRUE</Active>
  </PageList>
  <PageList>
    <ID>119</ID>
    <LabelMstID>tbl_Employee</LabelMstID>
    <FieldName>emp_mobile</FieldName>
    <LabelID>lblemp_mobile1s</LabelID>
    <LabelName />
    <LangID>3</LangID>
    <COUNTRYID>8</COUNTRYID>
    <LANGDISP>fr-FR</LANGDISP>
    <Active>TRUE</Active>
  </PageList>
  <PageList>
    <ID>120</ID>
    <LabelMstID>tbl_Employee</LabelMstID>
    <FieldName>emp_mobile</FieldName>
    <LabelID>lblemp_mobile2h</LabelID>
    <LabelName>Emp المتنقلة</LabelName>
    <LangID>2</LangID>
    <COUNTRYID>8</COUNTRYID>
    <LANGDISP>ar-KW</LANGDISP>
    <Active>TRUE</Active>
  </PageList>
  <PageList>
    <ID>121</ID>
    <LabelMstID>tbl_Employee</LabelMstID>
    <FieldName>emp_work_telephone</FieldName>
    <LabelID>lblemp_work_telephone1s</LabelID>
    <LabelName>Employee</LabelName>
    <LangID>1</LangID>
    <COUNTRYID>8</COUNTRYID>
    <LANGDISP>en-US</LANGDISP>
    <Active>TRUE</Active>
  </PageList>
  <PageList>
    <ID>122</ID>
    <LabelMstID>tbl_Employee</LabelMstID>
    <FieldName>emp_work_telephone</FieldName>
    <LabelID>lblemp_work_telephone1s</LabelID>
    <LabelName />
    <LangID>3</LangID>
    <COUNTRYID>8</COUNTRYID>
    <LANGDISP>fr-FR</LANGDISP>
    <Active>TRUE</Active>
  </PageList>
  <PageList>
    <ID>123</ID>
    <LabelMstID>tbl_Employee</LabelMstID>
    <FieldName>emp_work_telephone</FieldName>
    <LabelID>lblemp_work_telephone2h</LabelID>
    <LabelName>الهاتف عمل الشراكة الأورو-متوسطية</LabelName>
    <LangID>2</LangID>
    <COUNTRYID>8</COUNTRYID>
    <LANGDISP>ar-KW</LANGDISP>
    <Active>TRUE</Active>
  </PageList>
  <PageList>
    <ID>124</ID>
    <LabelMstID>tbl_Employee</LabelMstID>
    <FieldName>emp_work_email</FieldName>
    <LabelID>lblemp_work_email1s</LabelID>
    <LabelName>Employee</LabelName>
    <LangID>1</LangID>
    <COUNTRYID>8</COUNTRYID>
    <LANGDISP>en-US</LANGDISP>
    <Active>TRUE</Active>
  </PageList>
  <PageList>
    <ID>125</ID>
    <LabelMstID>tbl_Employee</LabelMstID>
    <FieldName>emp_work_email</FieldName>
    <LabelID>lblemp_work_email1s</LabelID>
    <LabelName />
    <LangID>3</LangID>
    <COUNTRYID>8</COUNTRYID>
    <LANGDISP>fr-FR</LANGDISP>
    <Active>TRUE</Active>
  </PageList>
  <PageList>
    <ID>126</ID>
    <LabelMstID>tbl_Employee</LabelMstID>
    <FieldName>emp_work_email</FieldName>
    <LabelID>lblemp_work_email2h</LabelID>
    <LabelName>الشراكة الأورو-متوسطية عمل البريد الإلكتروني</LabelName>
    <LangID>2</LangID>
    <COUNTRYID>8</COUNTRYID>
    <LANGDISP>ar-KW</LANGDISP>
    <Active>TRUE</Active>
  </PageList>
  <PageList>
    <ID>127</ID>
    <LabelMstID>tbl_Employee</LabelMstID>
    <FieldName>sal_grd_code</FieldName>
    <LabelID>lblsal_grd_code1s</LabelID>
    <LabelName>Employee</LabelName>
    <LangID>1</LangID>
    <COUNTRYID>8</COUNTRYID>
    <LANGDISP>en-US</LANGDISP>
    <Active>TRUE</Active>
  </PageList>
  <PageList>
    <ID>128</ID>
    <LabelMstID>tbl_Employee</LabelMstID>
    <FieldName>sal_grd_code</FieldName>
    <LabelID>lblsal_grd_code1s</LabelID>
    <LabelName />
    <LangID>3</LangID>
    <COUNTRYID>8</COUNTRYID>
    <LANGDISP>fr-FR</LANGDISP>
    <Active>TRUE</Active>
  </PageList>
  <PageList>
    <ID>129</ID>
    <LabelMstID>tbl_Employee</LabelMstID>
    <FieldName>sal_grd_code</FieldName>
    <LabelID>lblsal_grd_code2h</LabelID>
    <LabelName>سأل grd التعليمات البرمجية</LabelName>
    <LangID>2</LangID>
    <COUNTRYID>8</COUNTRYID>
    <LANGDISP>ar-KW</LANGDISP>
    <Active>TRUE</Active>
  </PageList>
  <PageList>
    <ID>130</ID>
    <LabelMstID>tbl_Employee</LabelMstID>
    <FieldName>joined_date</FieldName>
    <LabelID>lbljoined_date1s</LabelID>
    <LabelName>Employee</LabelName>
    <LangID>1</LangID>
    <COUNTRYID>8</COUNTRYID>
    <LANGDISP>en-US</LANGDISP>
    <Active>TRUE</Active>
  </PageList>
  <PageList>
    <ID>131</ID>
    <LabelMstID>tbl_Employee</LabelMstID>
    <FieldName>joined_date</FieldName>
    <LabelID>lbljoined_date1s</LabelID>
    <LabelName />
    <LangID>3</LangID>
    <COUNTRYID>8</COUNTRYID>
    <LANGDISP>fr-FR</LANGDISP>
    <Active>TRUE</Active>
  </PageList>
  <PageList>
    <ID>132</ID>
    <LabelMstID>tbl_Employee</LabelMstID>
    <FieldName>joined_date</FieldName>
    <LabelID>lbljoined_date2h</LabelID>
    <LabelName>انضم حتى الآن</LabelName>
    <LangID>2</LangID>
    <COUNTRYID>8</COUNTRYID>
    <LANGDISP>ar-KW</LANGDISP>
    <Active>TRUE</Active>
  </PageList>
  <PageList>
    <ID>133</ID>
    <LabelMstID>tbl_Employee</LabelMstID>
    <FieldName>emp_oth_email</FieldName>
    <LabelID>lblemp_oth_email1s</LabelID>
    <LabelName>Employee</LabelName>
    <LangID>1</LangID>
    <COUNTRYID>8</COUNTRYID>
    <LANGDISP>en-US</LANGDISP>
    <Active>TRUE</Active>
  </PageList>
  <PageList>
    <ID>134</ID>
    <LabelMstID>tbl_Employee</LabelMstID>
    <FieldName>emp_oth_email</FieldName>
    <LabelID>lblemp_oth_email1s</LabelID>
    <LabelName />
    <LangID>3</LangID>
    <COUNTRYID>8</COUNTRYID>
    <LANGDISP>fr-FR</LANGDISP>
    <Active>TRUE</Active>
  </PageList>
  <PageList>
    <ID>135</ID>
    <LabelMstID>tbl_Employee</LabelMstID>
    <FieldName>emp_oth_email</FieldName>
    <LabelID>lblemp_oth_email2h</LabelID>
    <LabelName>الشراكة الأورو-متوسطية أوراسكوم تليكوم القابضة البريد الإلكتروني</LabelName>
    <LangID>2</LangID>
    <COUNTRYID>8</COUNTRYID>
    <LANGDISP>ar-KW</LANGDISP>
    <Active>TRUE</Active>
  </PageList>
  <PageList>
    <ID>136</ID>
    <LabelMstID>tbl_Employee</LabelMstID>
    <FieldName>termination_id</FieldName>
    <LabelID>lbltermination_id1s</LabelID>
    <LabelName>Employee</LabelName>
    <LangID>1</LangID>
    <COUNTRYID>8</COUNTRYID>
    <LANGDISP>en-US</LANGDISP>
    <Active>TRUE</Active>
  </PageList>
  <PageList>
    <ID>137</ID>
    <LabelMstID>tbl_Employee</LabelMstID>
    <FieldName>termination_id</FieldName>
    <LabelID>lbltermination_id1s</LabelID>
    <LabelName />
    <LangID>3</LangID>
    <COUNTRYID>8</COUNTRYID>
    <LANGDISP>fr-FR</LANGDISP>
    <Active>TRUE</Active>
  </PageList>
  <PageList>
    <ID>138</ID>
    <LabelMstID>tbl_Employee</LabelMstID>
    <FieldName>termination_id</FieldName>
    <LabelID>lbltermination_id2h</LabelID>
    <LabelName>معرف الإنهاء</LabelName>
    <LangID>2</LangID>
    <COUNTRYID>8</COUNTRYID>
    <LANGDISP>ar-KW</LANGDISP>
    <Active>TRUE</Active>
  </PageList>
  <PageList>
    <ID>139</ID>
    <LabelMstID>tbl_Employee</LabelMstID>
    <FieldName>custom1</FieldName>
    <LabelID>lblcustom11s</LabelID>
    <LabelName>Employee</LabelName>
    <LangID>1</LangID>
    <COUNTRYID>8</COUNTRYID>
    <LANGDISP>en-US</LANGDISP>
    <Active>TRUE</Active>
  </PageList>
  <PageList>
    <ID>140</ID>
    <LabelMstID>tbl_Employee</LabelMstID>
    <FieldName>custom1</FieldName>
    <LabelID>lblcustom11s</LabelID>
    <LabelName />
    <LangID>3</LangID>
    <COUNTRYID>8</COUNTRYID>
    <LANGDISP>fr-FR</LANGDISP>
    <Active>TRUE</Active>
  </PageList>
  <PageList>
    <ID>141</ID>
    <LabelMstID>tbl_Employee</LabelMstID>
    <FieldName>custom1</FieldName>
    <LabelID>lblcustom12h</LabelID>
    <LabelName>Custom1</LabelName>
    <LangID>2</LangID>
    <COUNTRYID>8</COUNTRYID>
    <LANGDISP>ar-KW</LANGDISP>
    <Active>TRUE</Active>
  </PageList>
  <PageList>
    <ID>142</ID>
    <LabelMstID>tbl_Employee</LabelMstID>
    <FieldName>custom2</FieldName>
    <LabelID>lblcustom21s</LabelID>
    <LabelName>Employee</LabelName>
    <LangID>1</LangID>
    <COUNTRYID>8</COUNTRYID>
    <LANGDISP>en-US</LANGDISP>
    <Active>TRUE</Active>
  </PageList>
  <PageList>
    <ID>143</ID>
    <LabelMstID>tbl_Employee</LabelMstID>
    <FieldName>custom2</FieldName>
    <LabelID>lblcustom21s</LabelID>
    <LabelName />
    <LangID>3</LangID>
    <COUNTRYID>8</COUNTRYID>
    <LANGDISP>fr-FR</LANGDISP>
    <Active>TRUE</Active>
  </PageList>
  <PageList>
    <ID>144</ID>
    <LabelMstID>tbl_Employee</LabelMstID>
    <FieldName>custom2</FieldName>
    <LabelID>lblcustom22h</LabelID>
    <LabelName>Custom2</LabelName>
    <LangID>2</LangID>
    <COUNTRYID>8</COUNTRYID>
    <LANGDISP>ar-KW</LANGDISP>
    <Active>TRUE</Active>
  </PageList>
  <PageList>
    <ID>145</ID>
    <LabelMstID>tbl_Employee</LabelMstID>
    <FieldName>custom3</FieldName>
    <LabelID>lblcustom31s</LabelID>
    <LabelName>Employee</LabelName>
    <LangID>1</LangID>
    <COUNTRYID>8</COUNTRYID>
    <LANGDISP>en-US</LANGDISP>
    <Active>TRUE</Active>
  </PageList>
  <PageList>
    <ID>146</ID>
    <LabelMstID>tbl_Employee</LabelMstID>
    <FieldName>custom3</FieldName>
    <LabelID>lblcustom31s</LabelID>
    <LabelName />
    <LangID>3</LangID>
    <COUNTRYID>8</COUNTRYID>
    <LANGDISP>fr-FR</LANGDISP>
    <Active>TRUE</Active>
  </PageList>
  <PageList>
    <ID>147</ID>
    <LabelMstID>tbl_Employee</LabelMstID>
    <FieldName>custom3</FieldName>
    <LabelID>lblcustom32h</LabelID>
    <LabelName>Custom3</LabelName>
    <LangID>2</LangID>
    <COUNTRYID>8</COUNTRYID>
    <LANGDISP>ar-KW</LANGDISP>
    <Active>TRUE</Active>
  </PageList>
  <PageList>
    <ID>148</ID>
    <LabelMstID>tbl_Employee</LabelMstID>
    <FieldName>custom4</FieldName>
    <LabelID>lblcustom41s</LabelID>
    <LabelName>Employee</LabelName>
    <LangID>1</LangID>
    <COUNTRYID>8</COUNTRYID>
    <LANGDISP>en-US</LANGDISP>
    <Active>TRUE</Active>
  </PageList>
  <PageList>
    <ID>149</ID>
    <LabelMstID>tbl_Employee</LabelMstID>
    <FieldName>custom4</FieldName>
    <LabelID>lblcustom41s</LabelID>
    <LabelName />
    <LangID>3</LangID>
    <COUNTRYID>8</COUNTRYID>
    <LANGDISP>fr-FR</LANGDISP>
    <Active>TRUE</Active>
  </PageList>
  <PageList>
    <ID>150</ID>
    <LabelMstID>tbl_Employee</LabelMstID>
    <FieldName>custom4</FieldName>
    <LabelID>lblcustom42h</LabelID>
    <LabelName>Custom4</LabelName>
    <LangID>2</LangID>
    <COUNTRYID>8</COUNTRYID>
    <LANGDISP>ar-KW</LANGDISP>
    <Active>TRUE</Active>
  </PageList>
  <PageList>
    <ID>151</ID>
    <LabelMstID>tbl_Employee</LabelMstID>
    <FieldName>custom5</FieldName>
    <LabelID>lblcustom51s</LabelID>
    <LabelName>Employee</LabelName>
    <LangID>1</LangID>
    <COUNTRYID>8</COUNTRYID>
    <LANGDISP>en-US</LANGDISP>
    <Active>TRUE</Active>
  </PageList>
  <PageList>
    <ID>152</ID>
    <LabelMstID>tbl_Employee</LabelMstID>
    <FieldName>custom5</FieldName>
    <LabelID>lblcustom51s</LabelID>
    <LabelName />
    <LangID>3</LangID>
    <COUNTRYID>8</COUNTRYID>
    <LANGDISP>fr-FR</LANGDISP>
    <Active>TRUE</Active>
  </PageList>
  <PageList>
    <ID>153</ID>
    <LabelMstID>tbl_Employee</LabelMstID>
    <FieldName>custom5</FieldName>
    <LabelID>lblcustom52h</LabelID>
    <LabelName>Custom5</LabelName>
    <LangID>2</LangID>
    <COUNTRYID>8</COUNTRYID>
    <LANGDISP>ar-KW</LANGDISP>
    <Active>TRUE</Active>
  </PageList>
  <PageList>
    <ID>154</ID>
    <LabelMstID>tbl_Employee</LabelMstID>
    <FieldName>custom6</FieldName>
    <LabelID>lblcustom61s</LabelID>
    <LabelName>Employee</LabelName>
    <LangID>1</LangID>
    <COUNTRYID>8</COUNTRYID>
    <LANGDISP>en-US</LANGDISP>
    <Active>TRUE</Active>
  </PageList>
  <PageList>
    <ID>155</ID>
    <LabelMstID>tbl_Employee</LabelMstID>
    <FieldName>custom6</FieldName>
    <LabelID>lblcustom61s</LabelID>
    <LabelName />
    <LangID>3</LangID>
    <COUNTRYID>8</COUNTRYID>
    <LANGDISP>fr-FR</LANGDISP>
    <Active>TRUE</Active>
  </PageList>
  <PageList>
    <ID>156</ID>
    <LabelMstID>tbl_Employee</LabelMstID>
    <FieldName>custom6</FieldName>
    <LabelID>lblcustom62h</LabelID>
    <LabelName>Custom6</LabelName>
    <LangID>2</LangID>
    <COUNTRYID>8</COUNTRYID>
    <LANGDISP>ar-KW</LANGDISP>
    <Active>TRUE</Active>
  </PageList>
  <PageList>
    <ID>157</ID>
    <LabelMstID>tbl_Employee</LabelMstID>
    <FieldName>custom7</FieldName>
    <LabelID>lblcustom71s</LabelID>
    <LabelName>Employee</LabelName>
    <LangID>1</LangID>
    <COUNTRYID>8</COUNTRYID>
    <LANGDISP>en-US</LANGDISP>
    <Active>TRUE</Active>
  </PageList>
  <PageList>
    <ID>158</ID>
    <LabelMstID>tbl_Employee</LabelMstID>
    <FieldName>custom7</FieldName>
    <LabelID>lblcustom71s</LabelID>
    <LabelName />
    <LangID>3</LangID>
    <COUNTRYID>8</COUNTRYID>
    <LANGDISP>fr-FR</LANGDISP>
    <Active>TRUE</Active>
  </PageList>
  <PageList>
    <ID>159</ID>
    <LabelMstID>tbl_Employee</LabelMstID>
    <FieldName>custom7</FieldName>
    <LabelID>lblcustom72h</LabelID>
    <LabelName>Custom7</LabelName>
    <LangID>2</LangID>
    <COUNTRYID>8</COUNTRYID>
    <LANGDISP>ar-KW</LANGDISP>
    <Active>TRUE</Active>
  </PageList>
  <PageList>
    <ID>160</ID>
    <LabelMstID>tbl_Employee</LabelMstID>
    <FieldName>custom8</FieldName>
    <LabelID>lblcustom81s</LabelID>
    <LabelName>Employee</LabelName>
    <LangID>1</LangID>
    <COUNTRYID>8</COUNTRYID>
    <LANGDISP>en-US</LANGDISP>
    <Active>TRUE</Active>
  </PageList>
  <PageList>
    <ID>161</ID>
    <LabelMstID>tbl_Employee</LabelMstID>
    <FieldName>custom8</FieldName>
    <LabelID>lblcustom81s</LabelID>
    <LabelName />
    <LangID>3</LangID>
    <COUNTRYID>8</COUNTRYID>
    <LANGDISP>fr-FR</LANGDISP>
    <Active>TRUE</Active>
  </PageList>
  <PageList>
    <ID>162</ID>
    <LabelMstID>tbl_Employee</LabelMstID>
    <FieldName>custom8</FieldName>
    <LabelID>lblcustom82h</LabelID>
    <LabelName>Custom8</LabelName>
    <LangID>2</LangID>
    <COUNTRYID>8</COUNTRYID>
    <LANGDISP>ar-KW</LANGDISP>
    <Active>TRUE</Active>
  </PageList>
  <PageList>
    <ID>163</ID>
    <LabelMstID>tbl_Employee</LabelMstID>
    <FieldName>custom9</FieldName>
    <LabelID>lblcustom91s</LabelID>
    <LabelName>Employee</LabelName>
    <LangID>1</LangID>
    <COUNTRYID>8</COUNTRYID>
    <LANGDISP>en-US</LANGDISP>
    <Active>TRUE</Active>
  </PageList>
  <PageList>
    <ID>164</ID>
    <LabelMstID>tbl_Employee</LabelMstID>
    <FieldName>custom9</FieldName>
    <LabelID>lblcustom91s</LabelID>
    <LabelName />
    <LangID>3</LangID>
    <COUNTRYID>8</COUNTRYID>
    <LANGDISP>fr-FR</LANGDISP>
    <Active>TRUE</Active>
  </PageList>
  <PageList>
    <ID>165</ID>
    <LabelMstID>tbl_Employee</LabelMstID>
    <FieldName>custom9</FieldName>
    <LabelID>lblcustom92h</LabelID>
    <LabelName>Custom9</LabelName>
    <LangID>2</LangID>
    <COUNTRYID>8</COUNTRYID>
    <LANGDISP>ar-KW</LANGDISP>
    <Active>TRUE</Active>
  </PageList>
  <PageList>
    <ID>166</ID>
    <LabelMstID>tbl_Employee</LabelMstID>
    <FieldName>custom10</FieldName>
    <LabelID>lblcustom101s</LabelID>
    <LabelName>Employee</LabelName>
    <LangID>1</LangID>
    <COUNTRYID>8</COUNTRYID>
    <LANGDISP>en-US</LANGDISP>
    <Active>TRUE</Active>
  </PageList>
  <PageList>
    <ID>167</ID>
    <LabelMstID>tbl_Employee</LabelMstID>
    <FieldName>custom10</FieldName>
    <LabelID>lblcustom101s</LabelID>
    <LabelName />
    <LangID>3</LangID>
    <COUNTRYID>8</COUNTRYID>
    <LANGDISP>fr-FR</LANGDISP>
    <Active>TRUE</Active>
  </PageList>
  <PageList>
    <ID>168</ID>
    <LabelMstID>tbl_Employee</LabelMstID>
    <FieldName>custom10</FieldName>
    <LabelID>lblcustom102h</LabelID>
    <LabelName>Custom10</LabelName>
    <LangID>2</LangID>
    <COUNTRYID>8</COUNTRYID>
    <LANGDISP>ar-KW</LANGDISP>
    <Active>TRUE</Active>
  </PageList>
  <PageList>
    <ID>169</ID>
    <LabelMstID>tbl_Employee</LabelMstID>
    <FieldName>Active</FieldName>
    <LabelID>lblActive1s</LabelID>
    <LabelName>Employee</LabelName>
    <LangID>1</LangID>
    <COUNTRYID>8</COUNTRYID>
    <LANGDISP>en-US</LANGDISP>
    <Active>TRUE</Active>
  </PageList>
  <PageList>
    <ID>170</ID>
    <LabelMstID>tbl_Employee</LabelMstID>
    <FieldName>Active</FieldName>
    <LabelID>lblActive1s</LabelID>
    <LabelName />
    <LangID>3</LangID>
    <COUNTRYID>8</COUNTRYID>
    <LANGDISP>fr-FR</LANGDISP>
    <Active>TRUE</Active>
  </PageList>
  <PageList>
    <ID>171</ID>
    <LabelMstID>tbl_Employee</LabelMstID>
    <FieldName>Active</FieldName>
    <LabelID>lblActive2h</LabelID>
    <LabelName>النشطة</LabelName>
    <LangID>2</LangID>
    <COUNTRYID>8</COUNTRYID>
    <LANGDISP>ar-KW</LANGDISP>
    <Active>TRUE</Active>
  </PageList>
  <PageList>
    <ID>172</ID>
    <LabelMstID>tbl_Employee</LabelMstID>
    <FieldName>Deleted</FieldName>
    <LabelID>lblDeleted1s</LabelID>
    <LabelName>Employee</LabelName>
    <LangID>1</LangID>
    <COUNTRYID>8</COUNTRYID>
    <LANGDISP>en-US</LANGDISP>
    <Active>TRUE</Active>
  </PageList>
  <PageList>
    <ID>173</ID>
    <LabelMstID>tbl_Employee</LabelMstID>
    <FieldName>Deleted</FieldName>
    <LabelID>lblDeleted1s</LabelID>
    <LabelName />
    <LangID>3</LangID>
    <COUNTRYID>8</COUNTRYID>
    <LANGDISP>fr-FR</LANGDISP>
    <Active>TRUE</Active>
  </PageList>
  <PageList>
    <ID>174</ID>
    <LabelMstID>tbl_Employee</LabelMstID>
    <FieldName>Deleted</FieldName>
    <LabelID>lblDeleted2h</LabelID>
    <LabelName>حذف</LabelName>
    <LangID>2</LangID>
    <COUNTRYID>8</COUNTRYID>
    <LANGDISP>ar-KW</LANGDISP>
    <Active>TRUE</Active>
  </PageList>
  <PageList>
    <ID>175</ID>
    <LabelMstID>tbl_Employee</LabelMstID>
    <FieldName>DateTime</FieldName>
    <LabelID>lblDateTime1s</LabelID>
    <LabelName>Employee</LabelName>
    <LangID>1</LangID>
    <COUNTRYID>8</COUNTRYID>
    <LANGDISP>en-US</LANGDISP>
    <Active>TRUE</Active>
  </PageList>
  <PageList>
    <ID>176</ID>
    <LabelMstID>tbl_Employee</LabelMstID>
    <FieldName>DateTime</FieldName>
    <LabelID>lblDateTime1s</LabelID>
    <LabelName />
    <LangID>3</LangID>
    <COUNTRYID>8</COUNTRYID>
    <LANGDISP>fr-FR</LANGDISP>
    <Active>TRUE</Active>
  </PageList>
  <PageList>
    <ID>177</ID>
    <LabelMstID>tbl_Employee</LabelMstID>
    <FieldName>DateTime</FieldName>
    <LabelID>lblDateTime2h</LabelID>
    <LabelName>التاريخ والوقت</LabelName>
    <LangID>2</LangID>
    <COUNTRYID>8</COUNTRYID>
    <LANGDISP>ar-KW</LANGDISP>
    <Active>TRUE</Active>
  </PageList>
  <PageList>
    <ID>178</ID>
    <LabelMstID>tbl_Employee</LabelMstID>
    <FieldName>DeviceID</FieldName>
    <LabelID>lblDeviceID1s</LabelID>
    <LabelName>Employee</LabelName>
    <LangID>1</LangID>
    <COUNTRYID>8</COUNTRYID>
    <LANGDISP>en-US</LANGDISP>
    <Active>TRUE</Active>
  </PageList>
  <PageList>
    <ID>179</ID>
    <LabelMstID>tbl_Employee</LabelMstID>
    <FieldName>DeviceID</FieldName>
    <LabelID>lblDeviceID1s</LabelID>
    <LabelName />
    <LangID>3</LangID>
    <COUNTRYID>8</COUNTRYID>
    <LANGDISP>fr-FR</LANGDISP>
    <Active>TRUE</Active>
  </PageList>
  <PageList>
    <ID>180</ID>
    <LabelMstID>tbl_Employee</LabelMstID>
    <FieldName>DeviceID</FieldName>
    <LabelID>lblDeviceID2h</LabelID>
    <LabelName>اسم الجهاز</LabelName>
    <LangID>2</LangID>
    <COUNTRYID>8</COUNTRYID>
    <LANGDISP>ar-KW</LANGDISP>
    <Active>TRUE</Active>
  </PageList>
  <PageList>
    <ID>181</ID>
    <LabelMstID>tbl_Employee</LabelMstID>
    <FieldName>NULL</FieldName>
    <LabelID>lblHeader1s</LabelID>
    <LabelName>Employee</LabelName>
    <LangID>1</LangID>
    <COUNTRYID>8</COUNTRYID>
    <LANGDISP>en-US</LANGDISP>
    <Active>TRUE</Active>
  </PageList>
  <PageList>
    <ID>182</ID>
    <LabelMstID>tbl_Employee</LabelMstID>
    <FieldName>NULL</FieldName>
    <LabelID>lblHeader1s</LabelID>
    <LabelName>Employee</LabelName>
    <LangID>3</LangID>
    <COUNTRYID>8</COUNTRYID>
    <LANGDISP>fr-FR</LANGDISP>
    <Active>TRUE</Active>
  </PageList>
  <PageList>
    <ID>183</ID>
    <LabelMstID>tbl_Employee</LabelMstID>
    <FieldName>NULL</FieldName>
    <LabelID>lblHeader2h</LabelID>
    <LabelName>الموظف</LabelName>
    <LangID>2</LangID>
    <COUNTRYID>8</COUNTRYID>
    <LANGDISP>ar-KW</LANGDISP>
    <Active>TRUE</Active>
  </PageList>
</TBLLabelDTL>