<?xml version="1.0" standalone="yes"?>
<TBLLabelDTL>
<PageList><ID>1</ID><LabelMstID>tbl_Receipe</LabelMstID><FieldName>TenentID</FieldName><LabelID>lblTenentID1s</LabelID><LabelName>Tenent name</LabelName><LangID>1</LangID><COUNTRYID>8</COUNTRYID><LANGDISP>en-US</LANGDISP><Active>TRUE</Active></PageList> 
<PageList><ID>2</ID><LabelMstID>tbl_Receipe</LabelMstID><FieldName>TenentID</FieldName><LabelID>lblTenentID1s</LabelID><LabelName>Tenent nom</LabelName><LangID>3</LangID><COUNTRYID>8</COUNTRYID><LANGDISP>fr-FR</LANGDISP><Active>TRUE</Active></PageList> 
<PageList><ID>3</ID><LabelMstID>tbl_Receipe</LabelMstID><FieldName>TenentID</FieldName><LabelID>lblTenentID2h</LabelID><LabelName>اسم تينيت</LabelName><LangID>2</LangID><COUNTRYID>8</COUNTRYID><LANGDISP>ar-KW</LANGDISP><Active>TRUE</Active></PageList> 
<PageList><ID>4</ID><LabelMstID>tbl_Receipe</LabelMstID><FieldName>recNo</FieldName><LabelID>lblrecNo1s</LabelID><LabelName>Recno</LabelName><LangID>1</LangID><COUNTRYID>8</COUNTRYID><LANGDISP>en-US</LANGDISP><Active>TRUE</Active></PageList> 
<PageList><ID>5</ID><LabelMstID>tbl_Receipe</LabelMstID><FieldName>recNo</FieldName><LabelID>lblrecNo1s</LabelID><LabelName>RECNO</LabelName><LangID>3</LangID><COUNTRYID>8</COUNTRYID><LANGDISP>fr-FR</LANGDISP><Active>TRUE</Active></PageList> 
<PageList><ID>6</ID><LabelMstID>tbl_Receipe</LabelMstID><FieldName>recNo</FieldName><LabelID>lblrecNo2h</LabelID><LabelName>ريكنو</LabelName><LangID>2</LangID><COUNTRYID>8</COUNTRYID><LANGDISP>ar-KW</LANGDISP><Active>TRUE</Active></PageList> 
<PageList><ID>7</ID><LabelMstID>tbl_Receipe</LabelMstID><FieldName>Receipe_English</FieldName><LabelID>lblReceipe_English1s</LabelID><LabelName>Receipe English</LabelName><LangID>1</LangID><COUNTRYID>8</COUNTRYID><LANGDISP>en-US</LANGDISP><Active>TRUE</Active></PageList> 
<PageList><ID>8</ID><LabelMstID>tbl_Receipe</LabelMstID><FieldName>Receipe_English</FieldName><LabelID>lblReceipe_English1s</LabelID><LabelName>Recette anglaise</LabelName><LangID>3</LangID><COUNTRYID>8</COUNTRYID><LANGDISP>fr-FR</LANGDISP><Active>TRUE</Active></PageList> 
<PageList><ID>9</ID><LabelMstID>tbl_Receipe</LabelMstID><FieldName>Receipe_English</FieldName><LabelID>lblReceipe_English2h</LabelID><LabelName>الإنجليزية Receipe</LabelName><LangID>2</LangID><COUNTRYID>8</COUNTRYID><LANGDISP>ar-KW</LANGDISP><Active>TRUE</Active></PageList> 
<PageList><ID>10</ID><LabelMstID>tbl_Receipe</LabelMstID><FieldName>Receipe_Arabic</FieldName><LabelID>lblReceipe_Arabic1s</LabelID><LabelName>Receipe Arabic</LabelName><LangID>1</LangID><COUNTRYID>8</COUNTRYID><LANGDISP>en-US</LANGDISP><Active>TRUE</Active></PageList> 
<PageList><ID>11</ID><LabelMstID>tbl_Receipe</LabelMstID><FieldName>Receipe_Arabic</FieldName><LabelID>lblReceipe_Arabic1s</LabelID><LabelName>Recette arabe</LabelName><LangID>3</LangID><COUNTRYID>8</COUNTRYID><LANGDISP>fr-FR</LANGDISP><Active>TRUE</Active></PageList> 
<PageList><ID>12</ID><LabelMstID>tbl_Receipe</LabelMstID><FieldName>Receipe_Arabic</FieldName><LabelID>lblReceipe_Arabic2h</LabelID><LabelName>العربية Receipe</LabelName><LangID>2</LangID><COUNTRYID>8</COUNTRYID><LANGDISP>ar-KW</LANGDISP><Active>TRUE</Active></PageList> 
<PageList><ID>13</ID><LabelMstID>tbl_Receipe</LabelMstID><FieldName>ExpireDays</FieldName><LabelID>lblExpireDays1s</LabelID><LabelName>Expire Days</LabelName><LangID>1</LangID><COUNTRYID>8</COUNTRYID><LANGDISP>en-US</LANGDISP><Active>TRUE</Active></PageList> 
<PageList><ID>14</ID><LabelMstID>tbl_Receipe</LabelMstID><FieldName>ExpireDays</FieldName><LabelID>lblExpireDays1s</LabelID><LabelName>Expirer en jours</LabelName><LangID>3</LangID><COUNTRYID>8</COUNTRYID><LANGDISP>fr-FR</LANGDISP><Active>TRUE</Active></PageList> 
<PageList><ID>15</ID><LabelMstID>tbl_Receipe</LabelMstID><FieldName>ExpireDays</FieldName><LabelID>lblExpireDays2h</LabelID><LabelName>تنتهي الأيام</LabelName><LangID>2</LangID><COUNTRYID>8</COUNTRYID><LANGDISP>ar-KW</LANGDISP><Active>TRUE</Active></PageList> 
<PageList><ID>16</ID><LabelMstID>tbl_Receipe</LabelMstID><FieldName>UploadDate</FieldName><LabelID>lblUploadDate1s</LabelID><LabelName>Upload Date</LabelName><LangID>1</LangID><COUNTRYID>8</COUNTRYID><LANGDISP>en-US</LANGDISP><Active>TRUE</Active></PageList> 
<PageList><ID>17</ID><LabelMstID>tbl_Receipe</LabelMstID><FieldName>UploadDate</FieldName><LabelID>lblUploadDate1s</LabelID><LabelName>Télécharger Date</LabelName><LangID>3</LangID><COUNTRYID>8</COUNTRYID><LANGDISP>fr-FR</LANGDISP><Active>TRUE</Active></PageList> 
<PageList><ID>18</ID><LabelMstID>tbl_Receipe</LabelMstID><FieldName>UploadDate</FieldName><LabelID>lblUploadDate2h</LabelID><LabelName>تحميل التاريخ</LabelName><LangID>2</LangID><COUNTRYID>8</COUNTRYID><LANGDISP>ar-KW</LANGDISP><Active>TRUE</Active></PageList> 
<PageList><ID>19</ID><LabelMstID>tbl_Receipe</LabelMstID><FieldName>Uploadby</FieldName><LabelID>lblUploadby1s</LabelID><LabelName>Upload By</LabelName><LangID>1</LangID><COUNTRYID>8</COUNTRYID><LANGDISP>en-US</LANGDISP><Active>TRUE</Active></PageList> 
<PageList><ID>20</ID><LabelMstID>tbl_Receipe</LabelMstID><FieldName>Uploadby</FieldName><LabelID>lblUploadby1s</LabelID><LabelName>Télécharger par</LabelName><LangID>3</LangID><COUNTRYID>8</COUNTRYID><LANGDISP>fr-FR</LANGDISP><Active>TRUE</Active></PageList> 
<PageList><ID>21</ID><LabelMstID>tbl_Receipe</LabelMstID><FieldName>Uploadby</FieldName><LabelID>lblUploadby2h</LabelID><LabelName>تحميل بواسطة</LabelName><LangID>2</LangID><COUNTRYID>8</COUNTRYID><LANGDISP>ar-KW</LANGDISP><Active>TRUE</Active></PageList> 
<PageList><ID>22</ID><LabelMstID>tbl_Receipe</LabelMstID><FieldName>SyncDate</FieldName><LabelID>lblSyncDate1s</LabelID><LabelName>Syncdate</LabelName><LangID>1</LangID><COUNTRYID>8</COUNTRYID><LANGDISP>en-US</LANGDISP><Active>TRUE</Active></PageList> 
<PageList><ID>23</ID><LabelMstID>tbl_Receipe</LabelMstID><FieldName>SyncDate</FieldName><LabelID>lblSyncDate1s</LabelID><LabelName>SyncDate</LabelName><LangID>3</LangID><COUNTRYID>8</COUNTRYID><LANGDISP>fr-FR</LANGDISP><Active>TRUE</Active></PageList> 
<PageList><ID>24</ID><LabelMstID>tbl_Receipe</LabelMstID><FieldName>SyncDate</FieldName><LabelID>lblSyncDate2h</LabelID><LabelName>سينكداتي</LabelName><LangID>2</LangID><COUNTRYID>8</COUNTRYID><LANGDISP>ar-KW</LANGDISP><Active>TRUE</Active></PageList> 
<PageList><ID>25</ID><LabelMstID>tbl_Receipe</LabelMstID><FieldName>Syncby</FieldName><LabelID>lblSyncby1s</LabelID><LabelName>Syncby</LabelName><LangID>1</LangID><COUNTRYID>8</COUNTRYID><LANGDISP>en-US</LANGDISP><Active>TRUE</Active></PageList> 
<PageList><ID>26</ID><LabelMstID>tbl_Receipe</LabelMstID><FieldName>Syncby</FieldName><LabelID>lblSyncby1s</LabelID><LabelName>Syncde</LabelName><LangID>3</LangID><COUNTRYID>8</COUNTRYID><LANGDISP>fr-FR</LANGDISP><Active>TRUE</Active></PageList> 
<PageList><ID>27</ID><LabelMstID>tbl_Receipe</LabelMstID><FieldName>Syncby</FieldName><LabelID>lblSyncby2h</LabelID><LabelName>سينكبي</LabelName><LangID>2</LangID><COUNTRYID>8</COUNTRYID><LANGDISP>ar-KW</LANGDISP><Active>TRUE</Active></PageList> 
<PageList><ID>28</ID><LabelMstID>tbl_Receipe</LabelMstID><FieldName>SynID</FieldName><LabelID>lblSynID1s</LabelID><LabelName>Syn name</LabelName><LangID>1</LangID><COUNTRYID>8</COUNTRYID><LANGDISP>en-US</LANGDISP><Active>TRUE</Active></PageList> 
<PageList><ID>29</ID><LabelMstID>tbl_Receipe</LabelMstID><FieldName>SynID</FieldName><LabelID>lblSynID1s</LabelID><LabelName>Nom de syn</LabelName><LangID>3</LangID><COUNTRYID>8</COUNTRYID><LANGDISP>fr-FR</LANGDISP><Active>TRUE</Active></PageList> 
<PageList><ID>30</ID><LabelMstID>tbl_Receipe</LabelMstID><FieldName>SynID</FieldName><LabelID>lblSynID2h</LabelID><LabelName>اسم اصطناعي</LabelName><LangID>2</LangID><COUNTRYID>8</COUNTRYID><LANGDISP>ar-KW</LANGDISP><Active>TRUE</Active></PageList> 
<PageList><ID>31</ID><LabelMstID>tbl_Receipe</LabelMstID><FieldName>NULL</FieldName><LabelID>lblHeader1s</LabelID><LabelName>Receipe</LabelName><LangID>1</LangID><COUNTRYID>8</COUNTRYID><LANGDISP>en-US</LANGDISP><Active>TRUE</Active></PageList> 
<PageList><ID>32</ID><LabelMstID>tbl_Receipe</LabelMstID><FieldName>NULL</FieldName><LabelID>lblHeader1s</LabelID><LabelName>Receipe</LabelName><LangID>3</LangID><COUNTRYID>8</COUNTRYID><LANGDISP>fr-FR</LANGDISP><Active>TRUE</Active></PageList> 
<PageList><ID>33</ID><LabelMstID>tbl_Receipe</LabelMstID><FieldName>NULL</FieldName><LabelID>lblHeader2h</LabelID><LabelName>Receipe</LabelName><LangID>2</LangID><COUNTRYID>8</COUNTRYID><LANGDISP>ar-KW</LANGDISP><Active>TRUE</Active></PageList> 

</TBLLabelDTL>