<?xml version="1.0" standalone="yes"?>
<TBLLabelDTL>
  <PageList>
    <ID>1</ID>
    <LabelMstID>Tbl_Event_Main</LabelMstID>
    <FieldName>TenantID</FieldName>
    <LabelID>lblTenantID1s</LabelID>
    <LabelName>Event Main</LabelName>
    <LangID>1</LangID>
    <COUNTRYID>8</COUNTRYID>
    <LANGDISP>en-US</LANGDISP>
    <Active>TRUE</Active>
  </PageList>
  <PageList>
    <ID>2</ID>
    <LabelMstID>Tbl_Event_Main</LabelMstID>
    <FieldName>TenantID</FieldName>
    <LabelID>lblTenantID1s</LabelID>
    <LabelName>Nom du locataire</LabelName>
    <LangID>3</LangID>
    <COUNTRYID>8</COUNTRYID>
    <LANGDISP>fr-FR</LANGDISP>
    <Active>TRUE</Active>
  </PageList>
  <PageList>
    <ID>3</ID>
    <LabelMstID>Tbl_Event_Main</LabelMstID>
    <FieldName>TenantID</FieldName>
    <LabelID>lblTenantID2h</LabelID>
    <LabelName>اسم المستأجر</LabelName>
    <LangID>2</LangID>
    <COUNTRYID>8</COUNTRYID>
    <LANGDISP>ar-KW</LANGDISP>
    <Active>TRUE</Active>
  </PageList>
  <PageList>
    <ID>4</ID>
    <LabelMstID>Tbl_Event_Main</LabelMstID>
    <FieldName>EventID</FieldName>
    <LabelID>lblEventID1s</LabelID>
    <LabelName>Event ID</LabelName>
    <LangID>1</LangID>
    <COUNTRYID>8</COUNTRYID>
    <LANGDISP>en-US</LANGDISP>
    <Active>TRUE</Active>
  </PageList>
  <PageList>
    <ID>5</ID>
    <LabelMstID>Tbl_Event_Main</LabelMstID>
    <FieldName>EventID</FieldName>
    <LabelID>lblEventID1s</LabelID>
    <LabelName>Nom de l’événement</LabelName>
    <LangID>3</LangID>
    <COUNTRYID>8</COUNTRYID>
    <LANGDISP>fr-FR</LANGDISP>
    <Active>TRUE</Active>
  </PageList>
  <PageList>
    <ID>6</ID>
    <LabelMstID>Tbl_Event_Main</LabelMstID>
    <FieldName>EventID</FieldName>
    <LabelID>lblEventID2h</LabelID>
    <LabelName>اسم الحدث</LabelName>
    <LangID>2</LangID>
    <COUNTRYID>8</COUNTRYID>
    <LANGDISP>ar-KW</LANGDISP>
    <Active>TRUE</Active>
  </PageList>
  <PageList>
    <ID>7</ID>
    <LabelMstID>Tbl_Event_Main</LabelMstID>
    <FieldName>Title2Print</FieldName>
    <LabelID>lblTitle2Print1s</LabelID>
    <LabelName>Title 2 Print</LabelName>
    <LangID>1</LangID>
    <COUNTRYID>8</COUNTRYID>
    <LANGDISP>en-US</LANGDISP>
    <Active>TRUE</Active>
  </PageList>
  <PageList>
    <ID>8</ID>
    <LabelMstID>Tbl_Event_Main</LabelMstID>
    <FieldName>Title2Print</FieldName>
    <LabelID>lblTitle2Print1s</LabelID>
    <LabelName>Impression du titre 2</LabelName>
    <LangID>3</LangID>
    <COUNTRYID>8</COUNTRYID>
    <LANGDISP>fr-FR</LANGDISP>
    <Active>TRUE</Active>
  </PageList>
  <PageList>
    <ID>9</ID>
    <LabelMstID>Tbl_Event_Main</LabelMstID>
    <FieldName>Title2Print</FieldName>
    <LabelID>lblTitle2Print2h</LabelID>
    <LabelName>طباعة العنوان 2</LabelName>
    <LangID>2</LangID>
    <COUNTRYID>8</COUNTRYID>
    <LANGDISP>ar-KW</LANGDISP>
    <Active>TRUE</Active>
  </PageList>
  <PageList>
    <ID>10</ID>
    <LabelMstID>Tbl_Event_Main</LabelMstID>
    <FieldName>FromDate</FieldName>
    <LabelID>lblFromDate1s</LabelID>
    <LabelName>From Date</LabelName>
    <LangID>1</LangID>
    <COUNTRYID>8</COUNTRYID>
    <LANGDISP>en-US</LANGDISP>
    <Active>TRUE</Active>
  </PageList>
  <PageList>
    <ID>11</ID>
    <LabelMstID>Tbl_Event_Main</LabelMstID>
    <FieldName>FromDate</FieldName>
    <LabelID>lblFromDate1s</LabelID>
    <LabelName>De la Date</LabelName>
    <LangID>3</LangID>
    <COUNTRYID>8</COUNTRYID>
    <LANGDISP>fr-FR</LANGDISP>
    <Active>TRUE</Active>
  </PageList>
  <PageList>
    <ID>12</ID>
    <LabelMstID>Tbl_Event_Main</LabelMstID>
    <FieldName>FromDate</FieldName>
    <LabelID>lblFromDate2h</LabelID>
    <LabelName>من تاريخ</LabelName>
    <LangID>2</LangID>
    <COUNTRYID>8</COUNTRYID>
    <LANGDISP>ar-KW</LANGDISP>
    <Active>TRUE</Active>
  </PageList>
  <PageList>
    <ID>13</ID>
    <LabelMstID>Tbl_Event_Main</LabelMstID>
    <FieldName>ToDate</FieldName>
    <LabelID>lblToDate1s</LabelID>
    <LabelName>To Date</LabelName>
    <LangID>1</LangID>
    <COUNTRYID>8</COUNTRYID>
    <LANGDISP>en-US</LANGDISP>
    <Active>TRUE</Active>
  </PageList>
  <PageList>
    <ID>14</ID>
    <LabelMstID>Tbl_Event_Main</LabelMstID>
    <FieldName>ToDate</FieldName>
    <LabelID>lblToDate1s</LabelID>
    <LabelName>À ce jour</LabelName>
    <LangID>3</LangID>
    <COUNTRYID>8</COUNTRYID>
    <LANGDISP>fr-FR</LANGDISP>
    <Active>TRUE</Active>
  </PageList>
  <PageList>
    <ID>15</ID>
    <LabelMstID>Tbl_Event_Main</LabelMstID>
    <FieldName>ToDate</FieldName>
    <LabelID>lblToDate2h</LabelID>
    <LabelName>وحتى الآن</LabelName>
    <LangID>2</LangID>
    <COUNTRYID>8</COUNTRYID>
    <LANGDISP>ar-KW</LANGDISP>
    <Active>TRUE</Active>
  </PageList>
  <PageList>
    <ID>16</ID>
    <LabelMstID>Tbl_Event_Main</LabelMstID>
    <FieldName>RegURL</FieldName>
    <LabelID>lblRegURL1s</LabelID>
    <LabelName>Registration URL</LabelName>
    <LangID>1</LangID>
    <COUNTRYID>8</COUNTRYID>
    <LANGDISP>en-US</LANGDISP>
    <Active>TRUE</Active>
  </PageList>
  <PageList>
    <ID>17</ID>
    <LabelMstID>Tbl_Event_Main</LabelMstID>
    <FieldName>RegURL</FieldName>
    <LabelID>lblRegURL1s</LabelID>
    <LabelName>URL d’inscription</LabelName>
    <LangID>3</LangID>
    <COUNTRYID>8</COUNTRYID>
    <LANGDISP>fr-FR</LANGDISP>
    <Active>TRUE</Active>
  </PageList>
  <PageList>
    <ID>18</ID>
    <LabelMstID>Tbl_Event_Main</LabelMstID>
    <FieldName>RegURL</FieldName>
    <LabelID>lblRegURL2h</LabelID>
    <LabelName>رابط التسجيل</LabelName>
    <LangID>2</LangID>
    <COUNTRYID>8</COUNTRYID>
    <LANGDISP>ar-KW</LANGDISP>
    <Active>TRUE</Active>
  </PageList>
  <PageList>
    <ID>19</ID>
    <LabelMstID>Tbl_Event_Main</LabelMstID>
    <FieldName>Deleted</FieldName>
    <LabelID>lblDeleted1s</LabelID>
    <LabelName>Event Main</LabelName>
    <LangID>1</LangID>
    <COUNTRYID>8</COUNTRYID>
    <LANGDISP>en-US</LANGDISP>
    <Active>TRUE</Active>
  </PageList>
  <PageList>
    <ID>20</ID>
    <LabelMstID>Tbl_Event_Main</LabelMstID>
    <FieldName>Deleted</FieldName>
    <LabelID>lblDeleted1s</LabelID>
    <LabelName>Supprimé</LabelName>
    <LangID>3</LangID>
    <COUNTRYID>8</COUNTRYID>
    <LANGDISP>fr-FR</LANGDISP>
    <Active>TRUE</Active>
  </PageList>
  <PageList>
    <ID>21</ID>
    <LabelMstID>Tbl_Event_Main</LabelMstID>
    <FieldName>Deleted</FieldName>
    <LabelID>lblDeleted2h</LabelID>
    <LabelName>حذف</LabelName>
    <LangID>2</LangID>
    <COUNTRYID>8</COUNTRYID>
    <LANGDISP>ar-KW</LANGDISP>
    <Active>TRUE</Active>
  </PageList>
  <PageList>
    <ID>22</ID>
    <LabelMstID>Tbl_Event_Main</LabelMstID>
    <FieldName>Activated</FieldName>
    <LabelID>lblActivated1s</LabelID>
    <LabelName>Event Main</LabelName>
    <LangID>1</LangID>
    <COUNTRYID>8</COUNTRYID>
    <LANGDISP>en-US</LANGDISP>
    <Active>TRUE</Active>
  </PageList>
  <PageList>
    <ID>23</ID>
    <LabelMstID>Tbl_Event_Main</LabelMstID>
    <FieldName>Activated</FieldName>
    <LabelID>lblActivated1s</LabelID>
    <LabelName>Activé</LabelName>
    <LangID>3</LangID>
    <COUNTRYID>8</COUNTRYID>
    <LANGDISP>fr-FR</LANGDISP>
    <Active>TRUE</Active>
  </PageList>
  <PageList>
    <ID>24</ID>
    <LabelMstID>Tbl_Event_Main</LabelMstID>
    <FieldName>Activated</FieldName>
    <LabelID>lblActivated2h</LabelID>
    <LabelName>تنشيط</LabelName>
    <LangID>2</LangID>
    <COUNTRYID>8</COUNTRYID>
    <LANGDISP>ar-KW</LANGDISP>
    <Active>TRUE</Active>
  </PageList>
  <PageList>
    <ID>25</ID>
    <LabelMstID>Tbl_Event_Main</LabelMstID>
    <FieldName>ActivatedDate</FieldName>
    <LabelID>lblActivatedDate1s</LabelID>
    <LabelName>Event Main</LabelName>
    <LangID>1</LangID>
    <COUNTRYID>8</COUNTRYID>
    <LANGDISP>en-US</LANGDISP>
    <Active>TRUE</Active>
  </PageList>
  <PageList>
    <ID>26</ID>
    <LabelMstID>Tbl_Event_Main</LabelMstID>
    <FieldName>ActivatedDate</FieldName>
    <LabelID>lblActivatedDate1s</LabelID>
    <LabelName>Activateddate</LabelName>
    <LangID>3</LangID>
    <COUNTRYID>8</COUNTRYID>
    <LANGDISP>fr-FR</LANGDISP>
    <Active>TRUE</Active>
  </PageList>
  <PageList>
    <ID>27</ID>
    <LabelMstID>Tbl_Event_Main</LabelMstID>
    <FieldName>ActivatedDate</FieldName>
    <LabelID>lblActivatedDate2h</LabelID>
    <LabelName>أكتيفاتيداتي</LabelName>
    <LangID>2</LangID>
    <COUNTRYID>8</COUNTRYID>
    <LANGDISP>ar-KW</LANGDISP>
    <Active>TRUE</Active>
  </PageList>
  <PageList>
    <ID>28</ID>
    <LabelMstID>Tbl_Event_Main</LabelMstID>
    <FieldName>ActivatedBy</FieldName>
    <LabelID>lblActivatedBy1s</LabelID>
    <LabelName>Event Main</LabelName>
    <LangID>1</LangID>
    <COUNTRYID>8</COUNTRYID>
    <LANGDISP>en-US</LANGDISP>
    <Active>TRUE</Active>
  </PageList>
  <PageList>
    <ID>29</ID>
    <LabelMstID>Tbl_Event_Main</LabelMstID>
    <FieldName>ActivatedBy</FieldName>
    <LabelID>lblActivatedBy1s</LabelID>
    <LabelName>Activé par</LabelName>
    <LangID>3</LangID>
    <COUNTRYID>8</COUNTRYID>
    <LANGDISP>fr-FR</LANGDISP>
    <Active>TRUE</Active>
  </PageList>
  <PageList>
    <ID>30</ID>
    <LabelMstID>Tbl_Event_Main</LabelMstID>
    <FieldName>ActivatedBy</FieldName>
    <LabelID>lblActivatedBy2h</LabelID>
    <LabelName>تنشيط بواسطة</LabelName>
    <LangID>2</LangID>
    <COUNTRYID>8</COUNTRYID>
    <LANGDISP>ar-KW</LANGDISP>
    <Active>TRUE</Active>
  </PageList>
  <PageList>
    <ID>31</ID>
    <LabelMstID>Tbl_Event_Main</LabelMstID>
    <FieldName>CreatedBy</FieldName>
    <LabelID>lblCreatedBy1s</LabelID>
    <LabelName>Event Main</LabelName>
    <LangID>1</LangID>
    <COUNTRYID>8</COUNTRYID>
    <LANGDISP>en-US</LANGDISP>
    <Active>TRUE</Active>
  </PageList>
  <PageList>
    <ID>32</ID>
    <LabelMstID>Tbl_Event_Main</LabelMstID>
    <FieldName>CreatedBy</FieldName>
    <LabelID>lblCreatedBy1s</LabelID>
    <LabelName>CreatedBy</LabelName>
    <LangID>3</LangID>
    <COUNTRYID>8</COUNTRYID>
    <LANGDISP>fr-FR</LANGDISP>
    <Active>TRUE</Active>
  </PageList>
  <PageList>
    <ID>33</ID>
    <LabelMstID>Tbl_Event_Main</LabelMstID>
    <FieldName>CreatedBy</FieldName>
    <LabelID>lblCreatedBy2h</LabelID>
    <LabelName>Createdby</LabelName>
    <LangID>2</LangID>
    <COUNTRYID>8</COUNTRYID>
    <LANGDISP>ar-KW</LANGDISP>
    <Active>TRUE</Active>
  </PageList>
  <PageList>
    <ID>34</ID>
    <LabelMstID>Tbl_Event_Main</LabelMstID>
    <FieldName>CreatedDate</FieldName>
    <LabelID>lblCreatedDate1s</LabelID>
    <LabelName>Event Main</LabelName>
    <LangID>1</LangID>
    <COUNTRYID>8</COUNTRYID>
    <LANGDISP>en-US</LANGDISP>
    <Active>TRUE</Active>
  </PageList>
  <PageList>
    <ID>35</ID>
    <LabelMstID>Tbl_Event_Main</LabelMstID>
    <FieldName>CreatedDate</FieldName>
    <LabelID>lblCreatedDate1s</LabelID>
    <LabelName>CreatedDate</LabelName>
    <LangID>3</LangID>
    <COUNTRYID>8</COUNTRYID>
    <LANGDISP>fr-FR</LANGDISP>
    <Active>TRUE</Active>
  </PageList>
  <PageList>
    <ID>36</ID>
    <LabelMstID>Tbl_Event_Main</LabelMstID>
    <FieldName>CreatedDate</FieldName>
    <LabelID>lblCreatedDate2h</LabelID>
    <LabelName>كريتيداتي</LabelName>
    <LangID>2</LangID>
    <COUNTRYID>8</COUNTRYID>
    <LANGDISP>ar-KW</LANGDISP>
    <Active>TRUE</Active>
  </PageList>
  <PageList>
    <ID>37</ID>
    <LabelMstID>Tbl_Event_Main</LabelMstID>
    <FieldName>NULL</FieldName>
    <LabelID>lblHeader1s</LabelID>
    <LabelName>Event Main</LabelName>
    <LangID>1</LangID>
    <COUNTRYID>8</COUNTRYID>
    <LANGDISP>en-US</LANGDISP>
    <Active>TRUE</Active>
  </PageList>
  <PageList>
    <ID>38</ID>
    <LabelMstID>Tbl_Event_Main</LabelMstID>
    <FieldName>NULL</FieldName>
    <LabelID>lblHeader1s</LabelID>
    <LabelName>Tbl_Event_Main</LabelName>
    <LangID>3</LangID>
    <COUNTRYID>8</COUNTRYID>
    <LANGDISP>fr-FR</LANGDISP>
    <Active>TRUE</Active>
  </PageList>
  <PageList>
    <ID>39</ID>
    <LabelMstID>Tbl_Event_Main</LabelMstID>
    <FieldName>NULL</FieldName>
    <LabelID>lblHeader2h</LabelID>
    <LabelName />
    <LangID>2</LangID>
    <COUNTRYID>8</COUNTRYID>
    <LANGDISP>ar-KW</LANGDISP>
    <Active>TRUE</Active>
  </PageList>
</TBLLabelDTL>