<?xml version="1.0" standalone="yes"?>
<TBLLabelDTL>
<PageList><ID>1</ID><LabelMstID>tbl_ISSearchUser_Master</LabelMstID><FieldName>TanentId</FieldName><LabelID>lblTanentId1s</LabelID><LabelName>Tanentid</LabelName><LangID>1</LangID><COUNTRYID>8</COUNTRYID><LANGDISP>en-US</LANGDISP><Active>TRUE</Active></PageList> 
<PageList><ID>2</ID><LabelMstID>tbl_ISSearchUser_Master</LabelMstID><FieldName>TanentId</FieldName><LabelID>lblTanentId1s</LabelID><LabelName>Tanentid</LabelName><LangID>3</LangID><COUNTRYID>8</COUNTRYID><LANGDISP>fr-FR</LANGDISP><Active>TRUE</Active></PageList> 
<PageList><ID>3</ID><LabelMstID>tbl_ISSearchUser_Master</LabelMstID><FieldName>TanentId</FieldName><LabelID>lblTanentId2h</LabelID><LabelName>تانينتيد</LabelName><LangID>2</LangID><COUNTRYID>8</COUNTRYID><LANGDISP>ar-KW</LANGDISP><Active>TRUE</Active></PageList> 
<PageList><ID>4</ID><LabelMstID>tbl_ISSearchUser_Master</LabelMstID><FieldName>LocationID</FieldName><LabelID>lblLocationID1s</LabelID><LabelName>Location name</LabelName><LangID>1</LangID><COUNTRYID>8</COUNTRYID><LANGDISP>en-US</LANGDISP><Active>TRUE</Active></PageList> 
<PageList><ID>5</ID><LabelMstID>tbl_ISSearchUser_Master</LabelMstID><FieldName>LocationID</FieldName><LabelID>lblLocationID1s</LabelID><LabelName>Nom de l’emplacement</LabelName><LangID>3</LangID><COUNTRYID>8</COUNTRYID><LANGDISP>fr-FR</LANGDISP><Active>TRUE</Active></PageList> 
<PageList><ID>6</ID><LabelMstID>tbl_ISSearchUser_Master</LabelMstID><FieldName>LocationID</FieldName><LabelID>lblLocationID2h</LabelID><LabelName>اسم الموقع</LabelName><LangID>2</LangID><COUNTRYID>8</COUNTRYID><LANGDISP>ar-KW</LANGDISP><Active>TRUE</Active></PageList> 
<PageList><ID>7</ID><LabelMstID>tbl_ISSearchUser_Master</LabelMstID><FieldName>SearchID</FieldName><LabelID>lblSearchID1s</LabelID><LabelName>Search name</LabelName><LangID>1</LangID><COUNTRYID>8</COUNTRYID><LANGDISP>en-US</LANGDISP><Active>TRUE</Active></PageList> 
<PageList><ID>8</ID><LabelMstID>tbl_ISSearchUser_Master</LabelMstID><FieldName>SearchID</FieldName><LabelID>lblSearchID1s</LabelID><LabelName>Nom de la recherche</LabelName><LangID>3</LangID><COUNTRYID>8</COUNTRYID><LANGDISP>fr-FR</LANGDISP><Active>TRUE</Active></PageList> 
<PageList><ID>9</ID><LabelMstID>tbl_ISSearchUser_Master</LabelMstID><FieldName>SearchID</FieldName><LabelID>lblSearchID2h</LabelID><LabelName>اسم البحث</LabelName><LangID>2</LangID><COUNTRYID>8</COUNTRYID><LANGDISP>ar-KW</LANGDISP><Active>TRUE</Active></PageList> 
<PageList><ID>10</ID><LabelMstID>tbl_ISSearchUser_Master</LabelMstID><FieldName>userID</FieldName><LabelID>lbluserID1s</LabelID><LabelName>User name</LabelName><LangID>1</LangID><COUNTRYID>8</COUNTRYID><LANGDISP>en-US</LANGDISP><Active>TRUE</Active></PageList> 
<PageList><ID>11</ID><LabelMstID>tbl_ISSearchUser_Master</LabelMstID><FieldName>userID</FieldName><LabelID>lbluserID1s</LabelID><LabelName>Nom d’utilisateur</LabelName><LangID>3</LangID><COUNTRYID>8</COUNTRYID><LANGDISP>fr-FR</LANGDISP><Active>TRUE</Active></PageList> 
<PageList><ID>12</ID><LabelMstID>tbl_ISSearchUser_Master</LabelMstID><FieldName>userID</FieldName><LabelID>lbluserID2h</LabelID><LabelName>اسم المستخدم</LabelName><LangID>2</LangID><COUNTRYID>8</COUNTRYID><LANGDISP>ar-KW</LANGDISP><Active>TRUE</Active></PageList> 
<PageList><ID>13</ID><LabelMstID>tbl_ISSearchUser_Master</LabelMstID><FieldName>Allow</FieldName><LabelID>lblAllow1s</LabelID><LabelName>Allow</LabelName><LangID>1</LangID><COUNTRYID>8</COUNTRYID><LANGDISP>en-US</LANGDISP><Active>TRUE</Active></PageList> 
<PageList><ID>14</ID><LabelMstID>tbl_ISSearchUser_Master</LabelMstID><FieldName>Allow</FieldName><LabelID>lblAllow1s</LabelID><LabelName>Permettre à</LabelName><LangID>3</LangID><COUNTRYID>8</COUNTRYID><LANGDISP>fr-FR</LANGDISP><Active>TRUE</Active></PageList> 
<PageList><ID>15</ID><LabelMstID>tbl_ISSearchUser_Master</LabelMstID><FieldName>Allow</FieldName><LabelID>lblAllow2h</LabelID><LabelName>تسمح</LabelName><LangID>2</LangID><COUNTRYID>8</COUNTRYID><LANGDISP>ar-KW</LANGDISP><Active>TRUE</Active></PageList> 
<PageList><ID>16</ID><LabelMstID>tbl_ISSearchUser_Master</LabelMstID><FieldName>NULL</FieldName><LabelID>lblHeader1s</LabelID><LabelName>ISSearchUser_Master</LabelName><LangID>1</LangID><COUNTRYID>8</COUNTRYID><LANGDISP>en-US</LANGDISP><Active>TRUE</Active></PageList> 
<PageList><ID>17</ID><LabelMstID>tbl_ISSearchUser_Master</LabelMstID><FieldName>NULL</FieldName><LabelID>lblHeader1s</LabelID><LabelName>ISSearchUser_Master</LabelName><LangID>3</LangID><COUNTRYID>8</COUNTRYID><LANGDISP>fr-FR</LANGDISP><Active>TRUE</Active></PageList> 
<PageList><ID>18</ID><LabelMstID>tbl_ISSearchUser_Master</LabelMstID><FieldName>NULL</FieldName><LabelID>lblHeader2h</LabelID><LabelName>ISSearchUser_Master</LabelName><LangID>2</LangID><COUNTRYID>8</COUNTRYID><LANGDISP>ar-KW</LANGDISP><Active>TRUE</Active></PageList> 

</TBLLabelDTL>