<?xml version="1.0" standalone="yes"?>
<TBLLabelDTL>
  <PageList>
    <ID>1</ID>
    <LabelMstID>tblCityStatesCounty</LabelMstID>
    <FieldName>CityID</FieldName>
    <LabelID>lblCityID1s</LabelID>
    <LabelName>City setup</LabelName>
    <LangID>1</LangID>
    <COUNTRYID>8</COUNTRYID>
    <LANGDISP>en-US</LANGDISP>
    <Active>TRUE</Active>
  </PageList>
  <PageList>
    <ID>2</ID>
    <LabelMstID>tblCityStatesCounty</LabelMstID>
    <FieldName>CityID</FieldName>
    <LabelID>lblCityID1s</LabelID>
    <LabelName>Ville</LabelName>
    <LangID>3</LangID>
    <COUNTRYID>8</COUNTRYID>
    <LANGDISP>fr-FR</LANGDISP>
    <Active>TRUE</Active>
  </PageList>
  <PageList>
    <ID>3</ID>
    <LabelMstID>tblCityStatesCounty</LabelMstID>
    <FieldName>CityID</FieldName>
    <LabelID>lblCityID2h</LabelID>
    <LabelName>مدينة</LabelName>
    <LangID>2</LangID>
    <COUNTRYID>8</COUNTRYID>
    <LANGDISP>ar-KW</LANGDISP>
    <Active>TRUE</Active>
  </PageList>
  <PageList>
    <ID>4</ID>
    <LabelMstID>tblCityStatesCounty</LabelMstID>
    <FieldName>StateID</FieldName>
    <LabelID>lblStateID1s</LabelID>
    <LabelName>State</LabelName>
    <LangID>1</LangID>
    <COUNTRYID>8</COUNTRYID>
    <LANGDISP>en-US</LANGDISP>
    <Active>TRUE</Active>
  </PageList>
  <PageList>
    <ID>5</ID>
    <LabelMstID>tblCityStatesCounty</LabelMstID>
    <FieldName>StateID</FieldName>
    <LabelID>lblStateID1s</LabelID>
    <LabelName>État</LabelName>
    <LangID>3</LangID>
    <COUNTRYID>8</COUNTRYID>
    <LANGDISP>fr-FR</LANGDISP>
    <Active>TRUE</Active>
  </PageList>
  <PageList>
    <ID>6</ID>
    <LabelMstID>tblCityStatesCounty</LabelMstID>
    <FieldName>StateID</FieldName>
    <LabelID>lblStateID2h</LabelID>
    <LabelName>الدولة</LabelName>
    <LangID>2</LangID>
    <COUNTRYID>8</COUNTRYID>
    <LANGDISP>ar-KW</LANGDISP>
    <Active>TRUE</Active>
  </PageList>
  <PageList>
    <ID>7</ID>
    <LabelMstID>tblCityStatesCounty</LabelMstID>
    <FieldName>COUNTRYID</FieldName>
    <LabelID>lblCOUNTRYID1s</LabelID>
    <LabelName>Country</LabelName>
    <LangID>1</LangID>
    <COUNTRYID>8</COUNTRYID>
    <LANGDISP>en-US</LANGDISP>
    <Active>TRUE</Active>
  </PageList>
  <PageList>
    <ID>8</ID>
    <LabelMstID>tblCityStatesCounty</LabelMstID>
    <FieldName>COUNTRYID</FieldName>
    <LabelID>lblCOUNTRYID1s</LabelID>
    <LabelName>Pays</LabelName>
    <LangID>3</LangID>
    <COUNTRYID>8</COUNTRYID>
    <LANGDISP>fr-FR</LANGDISP>
    <Active>TRUE</Active>
  </PageList>
  <PageList>
    <ID>9</ID>
    <LabelMstID>tblCityStatesCounty</LabelMstID>
    <FieldName>COUNTRYID</FieldName>
    <LabelID>lblCOUNTRYID2h</LabelID>
    <LabelName>البلد</LabelName>
    <LangID>2</LangID>
    <COUNTRYID>8</COUNTRYID>
    <LANGDISP>ar-KW</LANGDISP>
    <Active>TRUE</Active>
  </PageList>
  <PageList>
    <ID>10</ID>
    <LabelMstID>tblCityStatesCounty</LabelMstID>
    <FieldName>CityEnglish</FieldName>
    <LabelID>lblCityEnglish1s</LabelID>
    <LabelName>City English</LabelName>
    <LangID>1</LangID>
    <COUNTRYID>8</COUNTRYID>
    <LANGDISP>en-US</LANGDISP>
    <Active>TRUE</Active>
  </PageList>
  <PageList>
    <ID>11</ID>
    <LabelMstID>tblCityStatesCounty</LabelMstID>
    <FieldName>CityEnglish</FieldName>
    <LabelID>lblCityEnglish1s</LabelID>
    <LabelName>Anglais de la ville</LabelName>
    <LangID>3</LangID>
    <COUNTRYID>8</COUNTRYID>
    <LANGDISP>fr-FR</LANGDISP>
    <Active>TRUE</Active>
  </PageList>
  <PageList>
    <ID>12</ID>
    <LabelMstID>tblCityStatesCounty</LabelMstID>
    <FieldName>CityEnglish</FieldName>
    <LabelID>lblCityEnglish2h</LabelID>
    <LabelName>مدينة اللغة الإنجليزية</LabelName>
    <LangID>2</LangID>
    <COUNTRYID>8</COUNTRYID>
    <LANGDISP>ar-KW</LANGDISP>
    <Active>TRUE</Active>
  </PageList>
  <PageList>
    <ID>13</ID>
    <LabelMstID>tblCityStatesCounty</LabelMstID>
    <FieldName>CityArabic</FieldName>
    <LabelID>lblCityArabic1s</LabelID>
    <LabelName>City Arabic</LabelName>
    <LangID>1</LangID>
    <COUNTRYID>8</COUNTRYID>
    <LANGDISP>en-US</LANGDISP>
    <Active>TRUE</Active>
  </PageList>
  <PageList>
    <ID>14</ID>
    <LabelMstID>tblCityStatesCounty</LabelMstID>
    <FieldName>CityArabic</FieldName>
    <LabelID>lblCityArabic1s</LabelID>
    <LabelName>Ville arabe</LabelName>
    <LangID>3</LangID>
    <COUNTRYID>8</COUNTRYID>
    <LANGDISP>fr-FR</LANGDISP>
    <Active>TRUE</Active>
  </PageList>
  <PageList>
    <ID>15</ID>
    <LabelMstID>tblCityStatesCounty</LabelMstID>
    <FieldName>CityArabic</FieldName>
    <LabelID>lblCityArabic2h</LabelID>
    <LabelName>مدينة اللغة العربية</LabelName>
    <LangID>2</LangID>
    <COUNTRYID>8</COUNTRYID>
    <LANGDISP>ar-KW</LANGDISP>
    <Active>TRUE</Active>
  </PageList>
  <PageList>
    <ID>16</ID>
    <LabelMstID>tblCityStatesCounty</LabelMstID>
    <FieldName>CityOther</FieldName>
    <LabelID>lblCityOther1s</LabelID>
    <LabelName>City Other</LabelName>
    <LangID>1</LangID>
    <COUNTRYID>8</COUNTRYID>
    <LANGDISP>en-US</LANGDISP>
    <Active>TRUE</Active>
  </PageList>
  <PageList>
    <ID>17</ID>
    <LabelMstID>tblCityStatesCounty</LabelMstID>
    <FieldName>CityOther</FieldName>
    <LabelID>lblCityOther1s</LabelID>
    <LabelName>Ville d’autre</LabelName>
    <LangID>3</LangID>
    <COUNTRYID>8</COUNTRYID>
    <LANGDISP>fr-FR</LANGDISP>
    <Active>TRUE</Active>
  </PageList>
  <PageList>
    <ID>18</ID>
    <LabelMstID>tblCityStatesCounty</LabelMstID>
    <FieldName>CityOther</FieldName>
    <LabelID>lblCityOther2h</LabelID>
    <LabelName>مدينة أخرى</LabelName>
    <LangID>2</LangID>
    <COUNTRYID>8</COUNTRYID>
    <LANGDISP>ar-KW</LANGDISP>
    <Active>TRUE</Active>
  </PageList>
  <PageList>
    <ID>19</ID>
    <LabelMstID>tblCityStatesCounty</LabelMstID>
    <FieldName>LandLine</FieldName>
    <LabelID>lblLandLine1s</LabelID>
    <LabelName>City setup</LabelName>
    <LangID>1</LangID>
    <COUNTRYID>8</COUNTRYID>
    <LANGDISP>en-US</LANGDISP>
    <Active>TRUE</Active>
  </PageList>
  <PageList>
    <ID>20</ID>
    <LabelMstID>tblCityStatesCounty</LabelMstID>
    <FieldName>LandLine</FieldName>
    <LabelID>lblLandLine1s</LabelID>
    <LabelName>Téléphone fixe</LabelName>
    <LangID>3</LangID>
    <COUNTRYID>8</COUNTRYID>
    <LANGDISP>fr-FR</LANGDISP>
    <Active>TRUE</Active>
  </PageList>
  <PageList>
    <ID>21</ID>
    <LabelMstID>tblCityStatesCounty</LabelMstID>
    <FieldName>LandLine</FieldName>
    <LabelID>lblLandLine2h</LabelID>
    <LabelName>الهاتف الثابت</LabelName>
    <LangID>2</LangID>
    <COUNTRYID>8</COUNTRYID>
    <LANGDISP>ar-KW</LANGDISP>
    <Active>TRUE</Active>
  </PageList>
  <PageList>
    <ID>22</ID>
    <LabelMstID>tblCityStatesCounty</LabelMstID>
    <FieldName>ACTIVE1</FieldName>
    <LabelID>lblACTIVE11s</LabelID>
    <LabelName>City setup</LabelName>
    <LangID>1</LangID>
    <COUNTRYID>8</COUNTRYID>
    <LANGDISP>en-US</LANGDISP>
    <Active>TRUE</Active>
  </PageList>
  <PageList>
    <ID>23</ID>
    <LabelMstID>tblCityStatesCounty</LabelMstID>
    <FieldName>ACTIVE1</FieldName>
    <LabelID>lblACTIVE11s</LabelID>
    <LabelName>Active1</LabelName>
    <LangID>3</LangID>
    <COUNTRYID>8</COUNTRYID>
    <LANGDISP>fr-FR</LANGDISP>
    <Active>TRUE</Active>
  </PageList>
  <PageList>
    <ID>24</ID>
    <LabelMstID>tblCityStatesCounty</LabelMstID>
    <FieldName>ACTIVE1</FieldName>
    <LabelID>lblACTIVE12h</LabelID>
    <LabelName>Active1</LabelName>
    <LangID>2</LangID>
    <COUNTRYID>8</COUNTRYID>
    <LANGDISP>ar-KW</LANGDISP>
    <Active>TRUE</Active>
  </PageList>
  <PageList>
    <ID>25</ID>
    <LabelMstID>tblCityStatesCounty</LabelMstID>
    <FieldName>ACTIVE2</FieldName>
    <LabelID>lblACTIVE21s</LabelID>
    <LabelName>City setup</LabelName>
    <LangID>1</LangID>
    <COUNTRYID>8</COUNTRYID>
    <LANGDISP>en-US</LANGDISP>
    <Active>TRUE</Active>
  </PageList>
  <PageList>
    <ID>26</ID>
    <LabelMstID>tblCityStatesCounty</LabelMstID>
    <FieldName>ACTIVE2</FieldName>
    <LabelID>lblACTIVE21s</LabelID>
    <LabelName>Active2</LabelName>
    <LangID>3</LangID>
    <COUNTRYID>8</COUNTRYID>
    <LANGDISP>fr-FR</LANGDISP>
    <Active>TRUE</Active>
  </PageList>
  <PageList>
    <ID>27</ID>
    <LabelMstID>tblCityStatesCounty</LabelMstID>
    <FieldName>ACTIVE2</FieldName>
    <LabelID>lblACTIVE22h</LabelID>
    <LabelName>Active2</LabelName>
    <LangID>2</LangID>
    <COUNTRYID>8</COUNTRYID>
    <LANGDISP>ar-KW</LANGDISP>
    <Active>TRUE</Active>
  </PageList>
  <PageList>
    <ID>28</ID>
    <LabelMstID>tblCityStatesCounty</LabelMstID>
    <FieldName>CRUP_ID</FieldName>
    <LabelID>lblCRUP_ID1s</LabelID>
    <LabelName>City setup</LabelName>
    <LangID>1</LangID>
    <COUNTRYID>8</COUNTRYID>
    <LANGDISP>en-US</LANGDISP>
    <Active>TRUE</Active>
  </PageList>
  <PageList>
    <ID>29</ID>
    <LabelMstID>tblCityStatesCounty</LabelMstID>
    <FieldName>CRUP_ID</FieldName>
    <LabelID>lblCRUP_ID1s</LabelID>
    <LabelName>Crup nom</LabelName>
    <LangID>3</LangID>
    <COUNTRYID>8</COUNTRYID>
    <LANGDISP>fr-FR</LANGDISP>
    <Active>TRUE</Active>
  </PageList>
  <PageList>
    <ID>30</ID>
    <LabelMstID>tblCityStatesCounty</LabelMstID>
    <FieldName>CRUP_ID</FieldName>
    <LabelID>lblCRUP_ID2h</LabelID>
    <LabelName>اسم Crup</LabelName>
    <LangID>2</LangID>
    <COUNTRYID>8</COUNTRYID>
    <LANGDISP>ar-KW</LANGDISP>
    <Active>TRUE</Active>
  </PageList>
  <PageList>
    <ID>31</ID>
    <LabelMstID>tblCityStatesCounty</LabelMstID>
    <FieldName>AssignedRoute</FieldName>
    <LabelID>lblAssignedRoute1s</LabelID>
    <LabelName>City setup</LabelName>
    <LangID>1</LangID>
    <COUNTRYID>8</COUNTRYID>
    <LANGDISP>en-US</LANGDISP>
    <Active>TRUE</Active>
  </PageList>
  <PageList>
    <ID>32</ID>
    <LabelMstID>tblCityStatesCounty</LabelMstID>
    <FieldName>AssignedRoute</FieldName>
    <LabelID>lblAssignedRoute1s</LabelID>
    <LabelName>Assignedroute</LabelName>
    <LangID>3</LangID>
    <COUNTRYID>8</COUNTRYID>
    <LANGDISP>fr-FR</LANGDISP>
    <Active>TRUE</Active>
  </PageList>
  <PageList>
    <ID>33</ID>
    <LabelMstID>tblCityStatesCounty</LabelMstID>
    <FieldName>AssignedRoute</FieldName>
    <LabelID>lblAssignedRoute2h</LabelID>
    <LabelName>أسيجنيدروتي</LabelName>
    <LangID>2</LangID>
    <COUNTRYID>8</COUNTRYID>
    <LANGDISP>ar-KW</LANGDISP>
    <Active>TRUE</Active>
  </PageList>
  <PageList>
    <ID>34</ID>
    <LabelMstID>tblCityStatesCounty</LabelMstID>
    <FieldName>SHORTCODE</FieldName>
    <LabelID>lblSHORTCODE1s</LabelID>
    <LabelName>City setup</LabelName>
    <LangID>1</LangID>
    <COUNTRYID>8</COUNTRYID>
    <LANGDISP>en-US</LANGDISP>
    <Active>TRUE</Active>
  </PageList>
  <PageList>
    <ID>35</ID>
    <LabelMstID>tblCityStatesCounty</LabelMstID>
    <FieldName>SHORTCODE</FieldName>
    <LabelID>lblSHORTCODE1s</LabelID>
    <LabelName>Shortcode</LabelName>
    <LangID>3</LangID>
    <COUNTRYID>8</COUNTRYID>
    <LANGDISP>fr-FR</LANGDISP>
    <Active>TRUE</Active>
  </PageList>
  <PageList>
    <ID>36</ID>
    <LabelMstID>tblCityStatesCounty</LabelMstID>
    <FieldName>SHORTCODE</FieldName>
    <LabelID>lblSHORTCODE2h</LabelID>
    <LabelName>القصير</LabelName>
    <LangID>2</LangID>
    <COUNTRYID>8</COUNTRYID>
    <LANGDISP>ar-KW</LANGDISP>
    <Active>TRUE</Active>
  </PageList>
  <PageList>
    <ID>37</ID>
    <LabelMstID>tblCityStatesCounty</LabelMstID>
    <FieldName>ZONE</FieldName>
    <LabelID>lblZONE1s</LabelID>
    <LabelName>City setup</LabelName>
    <LangID>1</LangID>
    <COUNTRYID>8</COUNTRYID>
    <LANGDISP>en-US</LANGDISP>
    <Active>TRUE</Active>
  </PageList>
  <PageList>
    <ID>38</ID>
    <LabelMstID>tblCityStatesCounty</LabelMstID>
    <FieldName>ZONE</FieldName>
    <LabelID>lblZONE1s</LabelID>
    <LabelName>Zone de</LabelName>
    <LangID>3</LangID>
    <COUNTRYID>8</COUNTRYID>
    <LANGDISP>fr-FR</LANGDISP>
    <Active>TRUE</Active>
  </PageList>
  <PageList>
    <ID>39</ID>
    <LabelMstID>tblCityStatesCounty</LabelMstID>
    <FieldName>ZONE</FieldName>
    <LabelID>lblZONE2h</LabelID>
    <LabelName>المنطقة</LabelName>
    <LangID>2</LangID>
    <COUNTRYID>8</COUNTRYID>
    <LANGDISP>ar-KW</LANGDISP>
    <Active>TRUE</Active>
  </PageList>
  <PageList>
    <ID>40</ID>
    <LabelMstID>tblCityStatesCounty</LabelMstID>
    <FieldName>UploadDate</FieldName>
    <LabelID>lblUploadDate1s</LabelID>
    <LabelName>City setup</LabelName>
    <LangID>1</LangID>
    <COUNTRYID>8</COUNTRYID>
    <LANGDISP>en-US</LANGDISP>
    <Active>TRUE</Active>
  </PageList>
  <PageList>
    <ID>41</ID>
    <LabelMstID>tblCityStatesCounty</LabelMstID>
    <FieldName>UploadDate</FieldName>
    <LabelID>lblUploadDate1s</LabelID>
    <LabelName>Uploaddate</LabelName>
    <LangID>3</LangID>
    <COUNTRYID>8</COUNTRYID>
    <LANGDISP>fr-FR</LANGDISP>
    <Active>TRUE</Active>
  </PageList>
  <PageList>
    <ID>42</ID>
    <LabelMstID>tblCityStatesCounty</LabelMstID>
    <FieldName>UploadDate</FieldName>
    <LabelID>lblUploadDate2h</LabelID>
    <LabelName>أوبلواداتي</LabelName>
    <LangID>2</LangID>
    <COUNTRYID>8</COUNTRYID>
    <LANGDISP>ar-KW</LANGDISP>
    <Active>TRUE</Active>
  </PageList>
  <PageList>
    <ID>43</ID>
    <LabelMstID>tblCityStatesCounty</LabelMstID>
    <FieldName>Uploadby</FieldName>
    <LabelID>lblUploadby1s</LabelID>
    <LabelName>City setup</LabelName>
    <LangID>1</LangID>
    <COUNTRYID>8</COUNTRYID>
    <LANGDISP>en-US</LANGDISP>
    <Active>TRUE</Active>
  </PageList>
  <PageList>
    <ID>44</ID>
    <LabelMstID>tblCityStatesCounty</LabelMstID>
    <FieldName>Uploadby</FieldName>
    <LabelID>lblUploadby1s</LabelID>
    <LabelName>Uploadby</LabelName>
    <LangID>3</LangID>
    <COUNTRYID>8</COUNTRYID>
    <LANGDISP>fr-FR</LANGDISP>
    <Active>TRUE</Active>
  </PageList>
  <PageList>
    <ID>45</ID>
    <LabelMstID>tblCityStatesCounty</LabelMstID>
    <FieldName>Uploadby</FieldName>
    <LabelID>lblUploadby2h</LabelID>
    <LabelName>أوبلوادبي</LabelName>
    <LangID>2</LangID>
    <COUNTRYID>8</COUNTRYID>
    <LANGDISP>ar-KW</LANGDISP>
    <Active>TRUE</Active>
  </PageList>
  <PageList>
    <ID>46</ID>
    <LabelMstID>tblCityStatesCounty</LabelMstID>
    <FieldName>SyncDate</FieldName>
    <LabelID>lblSyncDate1s</LabelID>
    <LabelName>City setup</LabelName>
    <LangID>1</LangID>
    <COUNTRYID>8</COUNTRYID>
    <LANGDISP>en-US</LANGDISP>
    <Active>TRUE</Active>
  </PageList>
  <PageList>
    <ID>47</ID>
    <LabelMstID>tblCityStatesCounty</LabelMstID>
    <FieldName>SyncDate</FieldName>
    <LabelID>lblSyncDate1s</LabelID>
    <LabelName>SyncDate</LabelName>
    <LangID>3</LangID>
    <COUNTRYID>8</COUNTRYID>
    <LANGDISP>fr-FR</LANGDISP>
    <Active>TRUE</Active>
  </PageList>
  <PageList>
    <ID>48</ID>
    <LabelMstID>tblCityStatesCounty</LabelMstID>
    <FieldName>SyncDate</FieldName>
    <LabelID>lblSyncDate2h</LabelID>
    <LabelName>سينكداتي</LabelName>
    <LangID>2</LangID>
    <COUNTRYID>8</COUNTRYID>
    <LANGDISP>ar-KW</LANGDISP>
    <Active>TRUE</Active>
  </PageList>
  <PageList>
    <ID>49</ID>
    <LabelMstID>tblCityStatesCounty</LabelMstID>
    <FieldName>Syncby</FieldName>
    <LabelID>lblSyncby1s</LabelID>
    <LabelName>City setup</LabelName>
    <LangID>1</LangID>
    <COUNTRYID>8</COUNTRYID>
    <LANGDISP>en-US</LANGDISP>
    <Active>TRUE</Active>
  </PageList>
  <PageList>
    <ID>50</ID>
    <LabelMstID>tblCityStatesCounty</LabelMstID>
    <FieldName>Syncby</FieldName>
    <LabelID>lblSyncby1s</LabelID>
    <LabelName>Syncde</LabelName>
    <LangID>3</LangID>
    <COUNTRYID>8</COUNTRYID>
    <LANGDISP>fr-FR</LANGDISP>
    <Active>TRUE</Active>
  </PageList>
  <PageList>
    <ID>51</ID>
    <LabelMstID>tblCityStatesCounty</LabelMstID>
    <FieldName>Syncby</FieldName>
    <LabelID>lblSyncby2h</LabelID>
    <LabelName>سينكبي</LabelName>
    <LangID>2</LangID>
    <COUNTRYID>8</COUNTRYID>
    <LANGDISP>ar-KW</LANGDISP>
    <Active>TRUE</Active>
  </PageList>
  <PageList>
    <ID>52</ID>
    <LabelMstID>tblCityStatesCounty</LabelMstID>
    <FieldName>SynID</FieldName>
    <LabelID>lblSynID1s</LabelID>
    <LabelName>City setup</LabelName>
    <LangID>1</LangID>
    <COUNTRYID>8</COUNTRYID>
    <LANGDISP>en-US</LANGDISP>
    <Active>TRUE</Active>
  </PageList>
  <PageList>
    <ID>53</ID>
    <LabelMstID>tblCityStatesCounty</LabelMstID>
    <FieldName>SynID</FieldName>
    <LabelID>lblSynID1s</LabelID>
    <LabelName>Nom de syn</LabelName>
    <LangID>3</LangID>
    <COUNTRYID>8</COUNTRYID>
    <LANGDISP>fr-FR</LANGDISP>
    <Active>TRUE</Active>
  </PageList>
  <PageList>
    <ID>54</ID>
    <LabelMstID>tblCityStatesCounty</LabelMstID>
    <FieldName>SynID</FieldName>
    <LabelID>lblSynID2h</LabelID>
    <LabelName>اسم اصطناعي</LabelName>
    <LangID>2</LangID>
    <COUNTRYID>8</COUNTRYID>
    <LANGDISP>ar-KW</LANGDISP>
    <Active>TRUE</Active>
  </PageList>
  <PageList>
    <ID>55</ID>
    <LabelMstID>tblCityStatesCounty</LabelMstID>
    <FieldName>NULL</FieldName>
    <LabelID>lblHeader1s</LabelID>
    <LabelName>City setup</LabelName>
    <LangID>1</LangID>
    <COUNTRYID>8</COUNTRYID>
    <LANGDISP>en-US</LANGDISP>
    <Active>TRUE</Active>
  </PageList>
  <PageList>
    <ID>56</ID>
    <LabelMstID>tblCityStatesCounty</LabelMstID>
    <FieldName>NULL</FieldName>
    <LabelID>lblHeader1s</LabelID>
    <LabelName>tblCityStatesCounty</LabelName>
    <LangID>3</LangID>
    <COUNTRYID>8</COUNTRYID>
    <LANGDISP>fr-FR</LANGDISP>
    <Active>TRUE</Active>
  </PageList>
  <PageList>
    <ID>57</ID>
    <LabelMstID>tblCityStatesCounty</LabelMstID>
    <FieldName>NULL</FieldName>
    <LabelID>lblHeader2h</LabelID>
    <LabelName>تبلسيتيستاتيسكونتي</LabelName>
    <LangID>2</LangID>
    <COUNTRYID>8</COUNTRYID>
    <LANGDISP>ar-KW</LANGDISP>
    <Active>TRUE</Active>
  </PageList>
</TBLLabelDTL>