<?xml version="1.0" standalone="yes"?>
<TBLLabelDTL>
  <PageList>
    <ID>1</ID>
    <LabelMstID>TBLCONTACT_DEL_ADRES</LabelMstID>
    <FieldName>TenentID</FieldName>
    <LabelID>lblTenentID1s</LabelID>
    <LabelName>CONTACT_DEL_ADRES</LabelName>
    <LangID>1</LangID>
    <COUNTRYID>8</COUNTRYID>
    <LANGDISP>en-US</LANGDISP>
    <Active>TRUE</Active>
  </PageList>
  <PageList>
    <ID>2</ID>
    <LabelMstID>TBLCONTACT_DEL_ADRES</LabelMstID>
    <FieldName>TenentID</FieldName>
    <LabelID>lblTenentID1s</LabelID>
    <LabelName>Tenent nom</LabelName>
    <LangID>3</LangID>
    <COUNTRYID>8</COUNTRYID>
    <LANGDISP>fr-FR</LANGDISP>
    <Active>TRUE</Active>
  </PageList>
  <PageList>
    <ID>3</ID>
    <LabelMstID>TBLCONTACT_DEL_ADRES</LabelMstID>
    <FieldName>TenentID</FieldName>
    <LabelID>lblTenentID2h</LabelID>
    <LabelName>اسم تينيت</LabelName>
    <LangID>2</LangID>
    <COUNTRYID>8</COUNTRYID>
    <LANGDISP>ar-KW</LANGDISP>
    <Active>TRUE</Active>
  </PageList>
  <PageList>
    <ID>4</ID>
    <LabelMstID>TBLCONTACT_DEL_ADRES</LabelMstID>
    <FieldName>ContactMyID</FieldName>
    <LabelID>lblContactMyID1s</LabelID>
    <LabelName>Contactmy ID</LabelName>
    <LangID>1</LangID>
    <COUNTRYID>8</COUNTRYID>
    <LANGDISP>en-US</LANGDISP>
    <Active>TRUE</Active>
  </PageList>
  <PageList>
    <ID>5</ID>
    <LabelMstID>TBLCONTACT_DEL_ADRES</LabelMstID>
    <FieldName>ContactMyID</FieldName>
    <LabelID>lblContactMyID1s</LabelID>
    <LabelName>Contactmy nom</LabelName>
    <LangID>3</LangID>
    <COUNTRYID>8</COUNTRYID>
    <LANGDISP>fr-FR</LANGDISP>
    <Active>TRUE</Active>
  </PageList>
  <PageList>
    <ID>6</ID>
    <LabelMstID>TBLCONTACT_DEL_ADRES</LabelMstID>
    <FieldName>ContactMyID</FieldName>
    <LabelID>lblContactMyID2h</LabelID>
    <LabelName>اسم كونتاكتمي</LabelName>
    <LangID>2</LangID>
    <COUNTRYID>8</COUNTRYID>
    <LANGDISP>ar-KW</LANGDISP>
    <Active>TRUE</Active>
  </PageList>
  <PageList>
    <ID>7</ID>
    <LabelMstID>TBLCONTACT_DEL_ADRES</LabelMstID>
    <FieldName>DeliveryAdressID</FieldName>
    <LabelID>lblDeliveryAdressID1s</LabelID>
    <LabelName>CONTACT_DEL_ADRES</LabelName>
    <LangID>1</LangID>
    <COUNTRYID>8</COUNTRYID>
    <LANGDISP>en-US</LANGDISP>
    <Active>TRUE</Active>
  </PageList>
  <PageList>
    <ID>8</ID>
    <LabelMstID>TBLCONTACT_DEL_ADRES</LabelMstID>
    <FieldName>DeliveryAdressID</FieldName>
    <LabelID>lblDeliveryAdressID1s</LabelID>
    <LabelName>Deliveryadress nom</LabelName>
    <LangID>3</LangID>
    <COUNTRYID>8</COUNTRYID>
    <LANGDISP>fr-FR</LANGDISP>
    <Active>TRUE</Active>
  </PageList>
  <PageList>
    <ID>9</ID>
    <LabelMstID>TBLCONTACT_DEL_ADRES</LabelMstID>
    <FieldName>DeliveryAdressID</FieldName>
    <LabelID>lblDeliveryAdressID2h</LabelID>
    <LabelName>اسم ديليفيريادريس</LabelName>
    <LangID>2</LangID>
    <COUNTRYID>8</COUNTRYID>
    <LANGDISP>ar-KW</LANGDISP>
    <Active>TRUE</Active>
  </PageList>
  <PageList>
    <ID>10</ID>
    <LabelMstID>TBLCONTACT_DEL_ADRES</LabelMstID>
    <FieldName>GoogleName</FieldName>
    <LabelID>lblGoogleName1s</LabelID>
    <LabelName>CONTACT_DEL_ADRES</LabelName>
    <LangID>1</LangID>
    <COUNTRYID>8</COUNTRYID>
    <LANGDISP>en-US</LANGDISP>
    <Active>TRUE</Active>
  </PageList>
  <PageList>
    <ID>11</ID>
    <LabelMstID>TBLCONTACT_DEL_ADRES</LabelMstID>
    <FieldName>GoogleName</FieldName>
    <LabelID>lblGoogleName1s</LabelID>
    <LabelName>Googlename</LabelName>
    <LangID>3</LangID>
    <COUNTRYID>8</COUNTRYID>
    <LANGDISP>fr-FR</LANGDISP>
    <Active>TRUE</Active>
  </PageList>
  <PageList>
    <ID>12</ID>
    <LabelMstID>TBLCONTACT_DEL_ADRES</LabelMstID>
    <FieldName>GoogleName</FieldName>
    <LabelID>lblGoogleName2h</LabelID>
    <LabelName>جوجلينامي</LabelName>
    <LangID>2</LangID>
    <COUNTRYID>8</COUNTRYID>
    <LANGDISP>ar-KW</LANGDISP>
    <Active>TRUE</Active>
  </PageList>
  <PageList>
    <ID>13</ID>
    <LabelMstID>TBLCONTACT_DEL_ADRES</LabelMstID>
    <FieldName>Latitute</FieldName>
    <LabelID>lblLatitute1s</LabelID>
    <LabelName>Latitute</LabelName>
    <LangID>1</LangID>
    <COUNTRYID>8</COUNTRYID>
    <LANGDISP>en-US</LANGDISP>
    <Active>TRUE</Active>
  </PageList>
  <PageList>
    <ID>14</ID>
    <LabelMstID>TBLCONTACT_DEL_ADRES</LabelMstID>
    <FieldName>Latitute</FieldName>
    <LabelID>lblLatitute1s</LabelID>
    <LabelName>Latitute</LabelName>
    <LangID>3</LangID>
    <COUNTRYID>8</COUNTRYID>
    <LANGDISP>fr-FR</LANGDISP>
    <Active>TRUE</Active>
  </PageList>
  <PageList>
    <ID>15</ID>
    <LabelMstID>TBLCONTACT_DEL_ADRES</LabelMstID>
    <FieldName>Latitute</FieldName>
    <LabelID>lblLatitute2h</LabelID>
    <LabelName>لاتيتوتي</LabelName>
    <LangID>2</LangID>
    <COUNTRYID>8</COUNTRYID>
    <LANGDISP>ar-KW</LANGDISP>
    <Active>TRUE</Active>
  </PageList>
  <PageList>
    <ID>16</ID>
    <LabelMstID>TBLCONTACT_DEL_ADRES</LabelMstID>
    <FieldName>Longitute</FieldName>
    <LabelID>lblLongitute1s</LabelID>
    <LabelName>Longitute</LabelName>
    <LangID>1</LangID>
    <COUNTRYID>8</COUNTRYID>
    <LANGDISP>en-US</LANGDISP>
    <Active>TRUE</Active>
  </PageList>
  <PageList>
    <ID>17</ID>
    <LabelMstID>TBLCONTACT_DEL_ADRES</LabelMstID>
    <FieldName>Longitute</FieldName>
    <LabelID>lblLongitute1s</LabelID>
    <LabelName>Longitude</LabelName>
    <LangID>3</LangID>
    <COUNTRYID>8</COUNTRYID>
    <LANGDISP>fr-FR</LANGDISP>
    <Active>TRUE</Active>
  </PageList>
  <PageList>
    <ID>18</ID>
    <LabelMstID>TBLCONTACT_DEL_ADRES</LabelMstID>
    <FieldName>Longitute</FieldName>
    <LabelID>lblLongitute2h</LabelID>
    <LabelName>لونجيتوتي</LabelName>
    <LangID>2</LangID>
    <COUNTRYID>8</COUNTRYID>
    <LANGDISP>ar-KW</LANGDISP>
    <Active>TRUE</Active>
  </PageList>
  <PageList>
    <ID>19</ID>
    <LabelMstID>TBLCONTACT_DEL_ADRES</LabelMstID>
    <FieldName>ContactID</FieldName>
    <LabelID>lblContactID1s</LabelID>
    <LabelName>CONTACT_DEL_ADRES</LabelName>
    <LangID>1</LangID>
    <COUNTRYID>8</COUNTRYID>
    <LANGDISP>en-US</LANGDISP>
    <Active>TRUE</Active>
  </PageList>
  <PageList>
    <ID>20</ID>
    <LabelMstID>TBLCONTACT_DEL_ADRES</LabelMstID>
    <FieldName>ContactID</FieldName>
    <LabelID>lblContactID1s</LabelID>
    <LabelName>Personne-ressource</LabelName>
    <LangID>3</LangID>
    <COUNTRYID>8</COUNTRYID>
    <LANGDISP>fr-FR</LANGDISP>
    <Active>TRUE</Active>
  </PageList>
  <PageList>
    <ID>21</ID>
    <LabelMstID>TBLCONTACT_DEL_ADRES</LabelMstID>
    <FieldName>ContactID</FieldName>
    <LabelID>lblContactID2h</LabelID>
    <LabelName>اسم جهة الاتصال</LabelName>
    <LangID>2</LangID>
    <COUNTRYID>8</COUNTRYID>
    <LANGDISP>ar-KW</LANGDISP>
    <Active>TRUE</Active>
  </PageList>
  <PageList>
    <ID>22</ID>
    <LabelMstID>TBLCONTACT_DEL_ADRES</LabelMstID>
    <FieldName>AdressShortName1</FieldName>
    <LabelID>lblAdressShortName11s</LabelID>
    <LabelName>CONTACT_DEL_ADRES</LabelName>
    <LangID>1</LangID>
    <COUNTRYID>8</COUNTRYID>
    <LANGDISP>en-US</LANGDISP>
    <Active>TRUE</Active>
  </PageList>
  <PageList>
    <ID>23</ID>
    <LabelMstID>TBLCONTACT_DEL_ADRES</LabelMstID>
    <FieldName>AdressShortName1</FieldName>
    <LabelID>lblAdressShortName11s</LabelID>
    <LabelName>Adressshortname 1</LabelName>
    <LangID>3</LangID>
    <COUNTRYID>8</COUNTRYID>
    <LANGDISP>fr-FR</LANGDISP>
    <Active>TRUE</Active>
  </PageList>
  <PageList>
    <ID>24</ID>
    <LabelMstID>TBLCONTACT_DEL_ADRES</LabelMstID>
    <FieldName>AdressShortName1</FieldName>
    <LabelID>lblAdressShortName12h</LabelID>
    <LabelName>1 أدريسششورتنامي</LabelName>
    <LangID>2</LangID>
    <COUNTRYID>8</COUNTRYID>
    <LANGDISP>ar-KW</LANGDISP>
    <Active>TRUE</Active>
  </PageList>
  <PageList>
    <ID>25</ID>
    <LabelMstID>TBLCONTACT_DEL_ADRES</LabelMstID>
    <FieldName>AdressName1</FieldName>
    <LabelID>lblAdressName11s</LabelID>
    <LabelName>Adress name 1</LabelName>
    <LangID>1</LangID>
    <COUNTRYID>8</COUNTRYID>
    <LANGDISP>en-US</LANGDISP>
    <Active>TRUE</Active>
  </PageList>
  <PageList>
    <ID>26</ID>
    <LabelMstID>TBLCONTACT_DEL_ADRES</LabelMstID>
    <FieldName>AdressName1</FieldName>
    <LabelID>lblAdressName11s</LabelID>
    <LabelName>Adressname 1</LabelName>
    <LangID>3</LangID>
    <COUNTRYID>8</COUNTRYID>
    <LANGDISP>fr-FR</LANGDISP>
    <Active>TRUE</Active>
  </PageList>
  <PageList>
    <ID>27</ID>
    <LabelMstID>TBLCONTACT_DEL_ADRES</LabelMstID>
    <FieldName>AdressName1</FieldName>
    <LabelID>lblAdressName12h</LabelID>
    <LabelName>1 أدريسنامي</LabelName>
    <LangID>2</LangID>
    <COUNTRYID>8</COUNTRYID>
    <LANGDISP>ar-KW</LANGDISP>
    <Active>TRUE</Active>
  </PageList>
  <PageList>
    <ID>28</ID>
    <LabelMstID>TBLCONTACT_DEL_ADRES</LabelMstID>
    <FieldName>ADDR1</FieldName>
    <LabelID>lblADDR11s</LabelID>
    <LabelName>Address 1</LabelName>
    <LangID>1</LangID>
    <COUNTRYID>8</COUNTRYID>
    <LANGDISP>en-US</LANGDISP>
    <Active>TRUE</Active>
  </PageList>
  <PageList>
    <ID>29</ID>
    <LabelMstID>TBLCONTACT_DEL_ADRES</LabelMstID>
    <FieldName>ADDR1</FieldName>
    <LabelID>lblADDR11s</LabelID>
    <LabelName>1 addr</LabelName>
    <LangID>3</LangID>
    <COUNTRYID>8</COUNTRYID>
    <LANGDISP>fr-FR</LANGDISP>
    <Active>TRUE</Active>
  </PageList>
  <PageList>
    <ID>30</ID>
    <LabelMstID>TBLCONTACT_DEL_ADRES</LabelMstID>
    <FieldName>ADDR1</FieldName>
    <LabelID>lblADDR12h</LabelID>
    <LabelName>العنوان 1</LabelName>
    <LangID>2</LangID>
    <COUNTRYID>8</COUNTRYID>
    <LANGDISP>ar-KW</LANGDISP>
    <Active>TRUE</Active>
  </PageList>
  <PageList>
    <ID>31</ID>
    <LabelMstID>TBLCONTACT_DEL_ADRES</LabelMstID>
    <FieldName>ADDR2</FieldName>
    <LabelID>lblADDR21s</LabelID>
    <LabelName>Address 2</LabelName>
    <LangID>1</LangID>
    <COUNTRYID>8</COUNTRYID>
    <LANGDISP>en-US</LANGDISP>
    <Active>TRUE</Active>
  </PageList>
  <PageList>
    <ID>32</ID>
    <LabelMstID>TBLCONTACT_DEL_ADRES</LabelMstID>
    <FieldName>ADDR2</FieldName>
    <LabelID>lblADDR21s</LabelID>
    <LabelName>Addr 2</LabelName>
    <LangID>3</LangID>
    <COUNTRYID>8</COUNTRYID>
    <LANGDISP>fr-FR</LANGDISP>
    <Active>TRUE</Active>
  </PageList>
  <PageList>
    <ID>33</ID>
    <LabelMstID>TBLCONTACT_DEL_ADRES</LabelMstID>
    <FieldName>ADDR2</FieldName>
    <LabelID>lblADDR22h</LabelID>
    <LabelName>العنوان 2</LabelName>
    <LangID>2</LangID>
    <COUNTRYID>8</COUNTRYID>
    <LANGDISP>ar-KW</LANGDISP>
    <Active>TRUE</Active>
  </PageList>
  <PageList>
    <ID>34</ID>
    <LabelMstID>TBLCONTACT_DEL_ADRES</LabelMstID>
    <FieldName>CITY</FieldName>
    <LabelID>lblCITY1s</LabelID>
    <LabelName>City</LabelName>
    <LangID>1</LangID>
    <COUNTRYID>8</COUNTRYID>
    <LANGDISP>en-US</LANGDISP>
    <Active>TRUE</Active>
  </PageList>
  <PageList>
    <ID>35</ID>
    <LabelMstID>TBLCONTACT_DEL_ADRES</LabelMstID>
    <FieldName>CITY</FieldName>
    <LabelID>lblCITY1s</LabelID>
    <LabelName>Ville</LabelName>
    <LangID>3</LangID>
    <COUNTRYID>8</COUNTRYID>
    <LANGDISP>fr-FR</LANGDISP>
    <Active>TRUE</Active>
  </PageList>
  <PageList>
    <ID>36</ID>
    <LabelMstID>TBLCONTACT_DEL_ADRES</LabelMstID>
    <FieldName>CITY</FieldName>
    <LabelID>lblCITY2h</LabelID>
    <LabelName>مدينة</LabelName>
    <LangID>2</LangID>
    <COUNTRYID>8</COUNTRYID>
    <LANGDISP>ar-KW</LANGDISP>
    <Active>TRUE</Active>
  </PageList>
  <PageList>
    <ID>37</ID>
    <LabelMstID>TBLCONTACT_DEL_ADRES</LabelMstID>
    <FieldName>STATE</FieldName>
    <LabelID>lblSTATE1s</LabelID>
    <LabelName>State</LabelName>
    <LangID>1</LangID>
    <COUNTRYID>8</COUNTRYID>
    <LANGDISP>en-US</LANGDISP>
    <Active>TRUE</Active>
  </PageList>
  <PageList>
    <ID>38</ID>
    <LabelMstID>TBLCONTACT_DEL_ADRES</LabelMstID>
    <FieldName>STATE</FieldName>
    <LabelID>lblSTATE1s</LabelID>
    <LabelName>État</LabelName>
    <LangID>3</LangID>
    <COUNTRYID>8</COUNTRYID>
    <LANGDISP>fr-FR</LANGDISP>
    <Active>TRUE</Active>
  </PageList>
  <PageList>
    <ID>39</ID>
    <LabelMstID>TBLCONTACT_DEL_ADRES</LabelMstID>
    <FieldName>STATE</FieldName>
    <LabelID>lblSTATE2h</LabelID>
    <LabelName>الدولة</LabelName>
    <LangID>2</LangID>
    <COUNTRYID>8</COUNTRYID>
    <LANGDISP>ar-KW</LANGDISP>
    <Active>TRUE</Active>
  </PageList>
  <PageList>
    <ID>40</ID>
    <LabelMstID>TBLCONTACT_DEL_ADRES</LabelMstID>
    <FieldName>COUNTRYID</FieldName>
    <LabelID>lblCOUNTRYID1s</LabelID>
    <LabelName>Country ID</LabelName>
    <LangID>1</LangID>
    <COUNTRYID>8</COUNTRYID>
    <LANGDISP>en-US</LANGDISP>
    <Active>TRUE</Active>
  </PageList>
  <PageList>
    <ID>41</ID>
    <LabelMstID>TBLCONTACT_DEL_ADRES</LabelMstID>
    <FieldName>COUNTRYID</FieldName>
    <LabelID>lblCOUNTRYID1s</LabelID>
    <LabelName>Nom du pays</LabelName>
    <LangID>3</LangID>
    <COUNTRYID>8</COUNTRYID>
    <LANGDISP>fr-FR</LANGDISP>
    <Active>TRUE</Active>
  </PageList>
  <PageList>
    <ID>42</ID>
    <LabelMstID>TBLCONTACT_DEL_ADRES</LabelMstID>
    <FieldName>COUNTRYID</FieldName>
    <LabelID>lblCOUNTRYID2h</LabelID>
    <LabelName>اسم البلد</LabelName>
    <LangID>2</LangID>
    <COUNTRYID>8</COUNTRYID>
    <LANGDISP>ar-KW</LANGDISP>
    <Active>TRUE</Active>
  </PageList>
  <PageList>
    <ID>43</ID>
    <LabelMstID>TBLCONTACT_DEL_ADRES</LabelMstID>
    <FieldName>REMARKS</FieldName>
    <LabelID>lblREMARKS1s</LabelID>
    <LabelName>Remarks</LabelName>
    <LangID>1</LangID>
    <COUNTRYID>8</COUNTRYID>
    <LANGDISP>en-US</LANGDISP>
    <Active>TRUE</Active>
  </PageList>
  <PageList>
    <ID>44</ID>
    <LabelMstID>TBLCONTACT_DEL_ADRES</LabelMstID>
    <FieldName>REMARKS</FieldName>
    <LabelID>lblREMARKS1s</LabelID>
    <LabelName>Remarques</LabelName>
    <LangID>3</LangID>
    <COUNTRYID>8</COUNTRYID>
    <LANGDISP>fr-FR</LANGDISP>
    <Active>TRUE</Active>
  </PageList>
  <PageList>
    <ID>45</ID>
    <LabelMstID>TBLCONTACT_DEL_ADRES</LabelMstID>
    <FieldName>REMARKS</FieldName>
    <LabelID>lblREMARKS2h</LabelID>
    <LabelName>الملاحظات</LabelName>
    <LangID>2</LangID>
    <COUNTRYID>8</COUNTRYID>
    <LANGDISP>ar-KW</LANGDISP>
    <Active>TRUE</Active>
  </PageList>
  <PageList>
    <ID>46</ID>
    <LabelMstID>TBLCONTACT_DEL_ADRES</LabelMstID>
    <FieldName>CRUP_ID</FieldName>
    <LabelID>lblCRUP_ID1s</LabelID>
    <LabelName>CONTACT_DEL_ADRES</LabelName>
    <LangID>1</LangID>
    <COUNTRYID>8</COUNTRYID>
    <LANGDISP>en-US</LANGDISP>
    <Active>TRUE</Active>
  </PageList>
  <PageList>
    <ID>47</ID>
    <LabelMstID>TBLCONTACT_DEL_ADRES</LabelMstID>
    <FieldName>CRUP_ID</FieldName>
    <LabelID>lblCRUP_ID1s</LabelID>
    <LabelName>Crup nom</LabelName>
    <LangID>3</LangID>
    <COUNTRYID>8</COUNTRYID>
    <LANGDISP>fr-FR</LANGDISP>
    <Active>TRUE</Active>
  </PageList>
  <PageList>
    <ID>48</ID>
    <LabelMstID>TBLCONTACT_DEL_ADRES</LabelMstID>
    <FieldName>CRUP_ID</FieldName>
    <LabelID>lblCRUP_ID2h</LabelID>
    <LabelName>اسم Crup</LabelName>
    <LangID>2</LangID>
    <COUNTRYID>8</COUNTRYID>
    <LANGDISP>ar-KW</LANGDISP>
    <Active>TRUE</Active>
  </PageList>
  <PageList>
    <ID>49</ID>
    <LabelMstID>TBLCONTACT_DEL_ADRES</LabelMstID>
    <FieldName>CUSERID</FieldName>
    <LabelID>lblCUSERID1s</LabelID>
    <LabelName>CONTACT_DEL_ADRES</LabelName>
    <LangID>1</LangID>
    <COUNTRYID>8</COUNTRYID>
    <LANGDISP>en-US</LANGDISP>
    <Active>TRUE</Active>
  </PageList>
  <PageList>
    <ID>50</ID>
    <LabelMstID>TBLCONTACT_DEL_ADRES</LabelMstID>
    <FieldName>CUSERID</FieldName>
    <LabelID>lblCUSERID1s</LabelID>
    <LabelName>Cuser nom</LabelName>
    <LangID>3</LangID>
    <COUNTRYID>8</COUNTRYID>
    <LANGDISP>fr-FR</LANGDISP>
    <Active>TRUE</Active>
  </PageList>
  <PageList>
    <ID>51</ID>
    <LabelMstID>TBLCONTACT_DEL_ADRES</LabelMstID>
    <FieldName>CUSERID</FieldName>
    <LabelID>lblCUSERID2h</LabelID>
    <LabelName>اسم قصر</LabelName>
    <LangID>2</LangID>
    <COUNTRYID>8</COUNTRYID>
    <LANGDISP>ar-KW</LANGDISP>
    <Active>TRUE</Active>
  </PageList>
  <PageList>
    <ID>52</ID>
    <LabelMstID>TBLCONTACT_DEL_ADRES</LabelMstID>
    <FieldName>ENTRYDATE</FieldName>
    <LabelID>lblENTRYDATE1s</LabelID>
    <LabelName>CONTACT_DEL_ADRES</LabelName>
    <LangID>1</LangID>
    <COUNTRYID>8</COUNTRYID>
    <LANGDISP>en-US</LANGDISP>
    <Active>TRUE</Active>
  </PageList>
  <PageList>
    <ID>53</ID>
    <LabelMstID>TBLCONTACT_DEL_ADRES</LabelMstID>
    <FieldName>ENTRYDATE</FieldName>
    <LabelID>lblENTRYDATE1s</LabelID>
    <LabelName>ENTRYDATE</LabelName>
    <LangID>3</LangID>
    <COUNTRYID>8</COUNTRYID>
    <LANGDISP>fr-FR</LANGDISP>
    <Active>TRUE</Active>
  </PageList>
  <PageList>
    <ID>54</ID>
    <LabelMstID>TBLCONTACT_DEL_ADRES</LabelMstID>
    <FieldName>ENTRYDATE</FieldName>
    <LabelID>lblENTRYDATE2h</LabelID>
    <LabelName>انتريداتي</LabelName>
    <LangID>2</LangID>
    <COUNTRYID>8</COUNTRYID>
    <LANGDISP>ar-KW</LANGDISP>
    <Active>TRUE</Active>
  </PageList>
  <PageList>
    <ID>55</ID>
    <LabelMstID>TBLCONTACT_DEL_ADRES</LabelMstID>
    <FieldName>ENTRYTIME</FieldName>
    <LabelID>lblENTRYTIME1s</LabelID>
    <LabelName>CONTACT_DEL_ADRES</LabelName>
    <LangID>1</LangID>
    <COUNTRYID>8</COUNTRYID>
    <LANGDISP>en-US</LANGDISP>
    <Active>TRUE</Active>
  </PageList>
  <PageList>
    <ID>56</ID>
    <LabelMstID>TBLCONTACT_DEL_ADRES</LabelMstID>
    <FieldName>ENTRYTIME</FieldName>
    <LabelID>lblENTRYTIME1s</LabelID>
    <LabelName>EntryTime</LabelName>
    <LangID>3</LangID>
    <COUNTRYID>8</COUNTRYID>
    <LANGDISP>fr-FR</LANGDISP>
    <Active>TRUE</Active>
  </PageList>
  <PageList>
    <ID>57</ID>
    <LabelMstID>TBLCONTACT_DEL_ADRES</LabelMstID>
    <FieldName>ENTRYTIME</FieldName>
    <LabelID>lblENTRYTIME2h</LabelID>
    <LabelName>انتريتيمي</LabelName>
    <LangID>2</LangID>
    <COUNTRYID>8</COUNTRYID>
    <LANGDISP>ar-KW</LANGDISP>
    <Active>TRUE</Active>
  </PageList>
  <PageList>
    <ID>58</ID>
    <LabelMstID>TBLCONTACT_DEL_ADRES</LabelMstID>
    <FieldName>UPDTTIME</FieldName>
    <LabelID>lblUPDTTIME1s</LabelID>
    <LabelName>CONTACT_DEL_ADRES</LabelName>
    <LangID>1</LangID>
    <COUNTRYID>8</COUNTRYID>
    <LANGDISP>en-US</LANGDISP>
    <Active>TRUE</Active>
  </PageList>
  <PageList>
    <ID>59</ID>
    <LabelMstID>TBLCONTACT_DEL_ADRES</LabelMstID>
    <FieldName>UPDTTIME</FieldName>
    <LabelID>lblUPDTTIME1s</LabelID>
    <LabelName>Updttime</LabelName>
    <LangID>3</LangID>
    <COUNTRYID>8</COUNTRYID>
    <LANGDISP>fr-FR</LANGDISP>
    <Active>TRUE</Active>
  </PageList>
  <PageList>
    <ID>60</ID>
    <LabelMstID>TBLCONTACT_DEL_ADRES</LabelMstID>
    <FieldName>UPDTTIME</FieldName>
    <LabelID>lblUPDTTIME2h</LabelID>
    <LabelName>أوبدتيمي</LabelName>
    <LangID>2</LangID>
    <COUNTRYID>8</COUNTRYID>
    <LANGDISP>ar-KW</LANGDISP>
    <Active>TRUE</Active>
  </PageList>
  <PageList>
    <ID>61</ID>
    <LabelMstID>TBLCONTACT_DEL_ADRES</LabelMstID>
    <FieldName>Active</FieldName>
    <LabelID>lblActive1s</LabelID>
    <LabelName>CONTACT_DEL_ADRES</LabelName>
    <LangID>1</LangID>
    <COUNTRYID>8</COUNTRYID>
    <LANGDISP>en-US</LANGDISP>
    <Active>TRUE</Active>
  </PageList>
  <PageList>
    <ID>62</ID>
    <LabelMstID>TBLCONTACT_DEL_ADRES</LabelMstID>
    <FieldName>Active</FieldName>
    <LabelID>lblActive1s</LabelID>
    <LabelName>Actif</LabelName>
    <LangID>3</LangID>
    <COUNTRYID>8</COUNTRYID>
    <LANGDISP>fr-FR</LANGDISP>
    <Active>TRUE</Active>
  </PageList>
  <PageList>
    <ID>63</ID>
    <LabelMstID>TBLCONTACT_DEL_ADRES</LabelMstID>
    <FieldName>Active</FieldName>
    <LabelID>lblActive2h</LabelID>
    <LabelName>النشطة</LabelName>
    <LangID>2</LangID>
    <COUNTRYID>8</COUNTRYID>
    <LANGDISP>ar-KW</LANGDISP>
    <Active>TRUE</Active>
  </PageList>
  <PageList>
    <ID>64</ID>
    <LabelMstID>TBLCONTACT_DEL_ADRES</LabelMstID>
    <FieldName>Defualt</FieldName>
    <LabelID>lblDefualt1s</LabelID>
    <LabelName>CONTACT_DEL_ADRES</LabelName>
    <LangID>1</LangID>
    <COUNTRYID>8</COUNTRYID>
    <LANGDISP>en-US</LANGDISP>
    <Active>TRUE</Active>
  </PageList>
  <PageList>
    <ID>65</ID>
    <LabelMstID>TBLCONTACT_DEL_ADRES</LabelMstID>
    <FieldName>Defualt</FieldName>
    <LabelID>lblDefualt1s</LabelID>
    <LabelName>DEFAUT</LabelName>
    <LangID>3</LangID>
    <COUNTRYID>8</COUNTRYID>
    <LANGDISP>fr-FR</LANGDISP>
    <Active>TRUE</Active>
  </PageList>
  <PageList>
    <ID>66</ID>
    <LabelMstID>TBLCONTACT_DEL_ADRES</LabelMstID>
    <FieldName>Defualt</FieldName>
    <LabelID>lblDefualt2h</LabelID>
    <LabelName>الافتراضي</LabelName>
    <LangID>2</LangID>
    <COUNTRYID>8</COUNTRYID>
    <LANGDISP>ar-KW</LANGDISP>
    <Active>TRUE</Active>
  </PageList>
  <PageList>
    <ID>67</ID>
    <LabelMstID>TBLCONTACT_DEL_ADRES</LabelMstID>
    <FieldName>NULL</FieldName>
    <LabelID>lblHeader1s</LabelID>
    <LabelName>CONTACT_DEL_ADRES</LabelName>
    <LangID>1</LangID>
    <COUNTRYID>8</COUNTRYID>
    <LANGDISP>en-US</LANGDISP>
    <Active>TRUE</Active>
  </PageList>
  <PageList>
    <ID>68</ID>
    <LabelMstID>TBLCONTACT_DEL_ADRES</LabelMstID>
    <FieldName>NULL</FieldName>
    <LabelID>lblHeader1s</LabelID>
    <LabelName>TBLCONTACT_DEL_ADRES</LabelName>
    <LangID>3</LangID>
    <COUNTRYID>8</COUNTRYID>
    <LANGDISP>fr-FR</LANGDISP>
    <Active>TRUE</Active>
  </PageList>
  <PageList>
    <ID>69</ID>
    <LabelMstID>TBLCONTACT_DEL_ADRES</LabelMstID>
    <FieldName>NULL</FieldName>
    <LabelID>lblHeader2h</LabelID>
    <LabelName>TBLCONTACT_DEL_ADRES</LabelName>
    <LangID>2</LangID>
    <COUNTRYID>8</COUNTRYID>
    <LANGDISP>ar-KW</LANGDISP>
    <Active>TRUE</Active>
  </PageList>
</TBLLabelDTL>