<?xml version="1.0" standalone="yes"?>
<TBLLabelDTL>
  <PageList>
    <ID>1</ID>
    <LabelMstID>tblCOUNTRY</LabelMstID>
    <FieldName>TenantID</FieldName>
    <LabelID>lblTenantID1s</LabelID>
    <LabelName>Tenant name</LabelName>
    <LangID>1</LangID>
    <COUNTRYID>8</COUNTRYID>
    <LANGDISP>en-US</LANGDISP>
    <Active>TRUE</Active>
  </PageList>
  <PageList>
    <ID>2</ID>
    <LabelMstID>tblCOUNTRY</LabelMstID>
    <FieldName>TenantID</FieldName>
    <LabelID>lblTenantID1s</LabelID>
    <LabelName>Nom du locataire</LabelName>
    <LangID>3</LangID>
    <COUNTRYID>8</COUNTRYID>
    <LANGDISP>fr-FR</LANGDISP>
    <Active>TRUE</Active>
  </PageList>
  <PageList>
    <ID>3</ID>
    <LabelMstID>tblCOUNTRY</LabelMstID>
    <FieldName>TenantID</FieldName>
    <LabelID>lblTenantID2h</LabelID>
    <LabelName>اسم المستأجر</LabelName>
    <LangID>2</LangID>
    <COUNTRYID>8</COUNTRYID>
    <LANGDISP>ar-KW</LANGDISP>
    <Active>TRUE</Active>
  </PageList>
  <PageList>
    <ID>4</ID>
    <LabelMstID>tblCOUNTRY</LabelMstID>
    <FieldName>COUNTRYID</FieldName>
    <LabelID>lblCOUNTRYID1s</LabelID>
    <LabelName>Country name</LabelName>
    <LangID>1</LangID>
    <COUNTRYID>8</COUNTRYID>
    <LANGDISP>en-US</LANGDISP>
    <Active>TRUE</Active>
  </PageList>
  <PageList>
    <ID>5</ID>
    <LabelMstID>tblCOUNTRY</LabelMstID>
    <FieldName>COUNTRYID</FieldName>
    <LabelID>lblCOUNTRYID1s</LabelID>
    <LabelName>Nom du pays</LabelName>
    <LangID>3</LangID>
    <COUNTRYID>8</COUNTRYID>
    <LANGDISP>fr-FR</LANGDISP>
    <Active>TRUE</Active>
  </PageList>
  <PageList>
    <ID>6</ID>
    <LabelMstID>tblCOUNTRY</LabelMstID>
    <FieldName>COUNTRYID</FieldName>
    <LabelID>lblCOUNTRYID2h</LabelID>
    <LabelName>اسم البلد</LabelName>
    <LangID>2</LangID>
    <COUNTRYID>8</COUNTRYID>
    <LANGDISP>ar-KW</LANGDISP>
    <Active>TRUE</Active>
  </PageList>
  <PageList>
    <ID>7</ID>
    <LabelMstID>tblCOUNTRY</LabelMstID>
    <FieldName>REGION1</FieldName>
    <LabelID>lblREGION11s</LabelID>
    <LabelName>Region </LabelName>
    <LangID>1</LangID>
    <COUNTRYID>8</COUNTRYID>
    <LANGDISP>en-US</LANGDISP>
    <Active>TRUE</Active>
  </PageList>
  <PageList>
    <ID>8</ID>
    <LabelMstID>tblCOUNTRY</LabelMstID>
    <FieldName>REGION1</FieldName>
    <LabelID>lblREGION11s</LabelID>
    <LabelName>Région 1</LabelName>
    <LangID>3</LangID>
    <COUNTRYID>8</COUNTRYID>
    <LANGDISP>fr-FR</LANGDISP>
    <Active>TRUE</Active>
  </PageList>
  <PageList>
    <ID>9</ID>
    <LabelMstID>tblCOUNTRY</LabelMstID>
    <FieldName>REGION1</FieldName>
    <LabelID>lblREGION12h</LabelID>
    <LabelName>المنطقة 1</LabelName>
    <LangID>2</LangID>
    <COUNTRYID>8</COUNTRYID>
    <LANGDISP>ar-KW</LANGDISP>
    <Active>TRUE</Active>
  </PageList>
  <PageList>
    <ID>10</ID>
    <LabelMstID>tblCOUNTRY</LabelMstID>
    <FieldName>COUNAME1</FieldName>
    <LabelID>lblCOUNAME11s</LabelID>
    <LabelName>Country Name </LabelName>
    <LangID>1</LangID>
    <COUNTRYID>8</COUNTRYID>
    <LANGDISP>en-US</LANGDISP>
    <Active>TRUE</Active>
  </PageList>
  <PageList>
    <ID>11</ID>
    <LabelMstID>tblCOUNTRY</LabelMstID>
    <FieldName>COUNAME1</FieldName>
    <LabelID>lblCOUNAME11s</LabelID>
    <LabelName>Couname 1</LabelName>
    <LangID>3</LangID>
    <COUNTRYID>8</COUNTRYID>
    <LANGDISP>fr-FR</LANGDISP>
    <Active>TRUE</Active>
  </PageList>
  <PageList>
    <ID>12</ID>
    <LabelMstID>tblCOUNTRY</LabelMstID>
    <FieldName>COUNAME1</FieldName>
    <LabelID>lblCOUNAME12h</LabelID>
    <LabelName>1 كونام</LabelName>
    <LangID>2</LangID>
    <COUNTRYID>8</COUNTRYID>
    <LANGDISP>ar-KW</LANGDISP>
    <Active>TRUE</Active>
  </PageList>
  <PageList>
    <ID>13</ID>
    <LabelMstID>tblCOUNTRY</LabelMstID>
    <FieldName>COUNAME2</FieldName>
    <LabelID>lblCOUNAME21s</LabelID>
    <LabelName>Country Name 2</LabelName>
    <LangID>1</LangID>
    <COUNTRYID>8</COUNTRYID>
    <LANGDISP>en-US</LANGDISP>
    <Active>TRUE</Active>
  </PageList>
  <PageList>
    <ID>14</ID>
    <LabelMstID>tblCOUNTRY</LabelMstID>
    <FieldName>COUNAME2</FieldName>
    <LabelID>lblCOUNAME21s</LabelID>
    <LabelName>Couname 2</LabelName>
    <LangID>3</LangID>
    <COUNTRYID>8</COUNTRYID>
    <LANGDISP>fr-FR</LANGDISP>
    <Active>TRUE</Active>
  </PageList>
  <PageList>
    <ID>15</ID>
    <LabelMstID>tblCOUNTRY</LabelMstID>
    <FieldName>COUNAME2</FieldName>
    <LabelID>lblCOUNAME22h</LabelID>
    <LabelName>2 كونام</LabelName>
    <LangID>2</LangID>
    <COUNTRYID>8</COUNTRYID>
    <LANGDISP>ar-KW</LANGDISP>
    <Active>TRUE</Active>
  </PageList>
  <PageList>
    <ID>16</ID>
    <LabelMstID>tblCOUNTRY</LabelMstID>
    <FieldName>COUNAME3</FieldName>
    <LabelID>lblCOUNAME31s</LabelID>
    <LabelName>Country Name 3</LabelName>
    <LangID>1</LangID>
    <COUNTRYID>8</COUNTRYID>
    <LANGDISP>en-US</LANGDISP>
    <Active>TRUE</Active>
  </PageList>
  <PageList>
    <ID>17</ID>
    <LabelMstID>tblCOUNTRY</LabelMstID>
    <FieldName>COUNAME3</FieldName>
    <LabelID>lblCOUNAME31s</LabelID>
    <LabelName>Couname 3</LabelName>
    <LangID>3</LangID>
    <COUNTRYID>8</COUNTRYID>
    <LANGDISP>fr-FR</LANGDISP>
    <Active>TRUE</Active>
  </PageList>
  <PageList>
    <ID>18</ID>
    <LabelMstID>tblCOUNTRY</LabelMstID>
    <FieldName>COUNAME3</FieldName>
    <LabelID>lblCOUNAME32h</LabelID>
    <LabelName>3 كونام</LabelName>
    <LangID>2</LangID>
    <COUNTRYID>8</COUNTRYID>
    <LANGDISP>ar-KW</LANGDISP>
    <Active>TRUE</Active>
  </PageList>
  <PageList>
    <ID>19</ID>
    <LabelMstID>tblCOUNTRY</LabelMstID>
    <FieldName>CAPITAL</FieldName>
    <LabelID>lblCAPITAL1s</LabelID>
    <LabelName>Capital</LabelName>
    <LangID>1</LangID>
    <COUNTRYID>8</COUNTRYID>
    <LANGDISP>en-US</LANGDISP>
    <Active>TRUE</Active>
  </PageList>
  <PageList>
    <ID>20</ID>
    <LabelMstID>tblCOUNTRY</LabelMstID>
    <FieldName>CAPITAL</FieldName>
    <LabelID>lblCAPITAL1s</LabelID>
    <LabelName>Capital</LabelName>
    <LangID>3</LangID>
    <COUNTRYID>8</COUNTRYID>
    <LANGDISP>fr-FR</LANGDISP>
    <Active>TRUE</Active>
  </PageList>
  <PageList>
    <ID>21</ID>
    <LabelMstID>tblCOUNTRY</LabelMstID>
    <FieldName>CAPITAL</FieldName>
    <LabelID>lblCAPITAL2h</LabelID>
    <LabelName>رأس المال</LabelName>
    <LangID>2</LangID>
    <COUNTRYID>8</COUNTRYID>
    <LANGDISP>ar-KW</LANGDISP>
    <Active>TRUE</Active>
  </PageList>
  <PageList>
    <ID>22</ID>
    <LabelMstID>tblCOUNTRY</LabelMstID>
    <FieldName>NATIONALITY1</FieldName>
    <LabelID>lblNATIONALITY11s</LabelID>
    <LabelName>Nationality 1</LabelName>
    <LangID>1</LangID>
    <COUNTRYID>8</COUNTRYID>
    <LANGDISP>en-US</LANGDISP>
    <Active>TRUE</Active>
  </PageList>
  <PageList>
    <ID>23</ID>
    <LabelMstID>tblCOUNTRY</LabelMstID>
    <FieldName>NATIONALITY1</FieldName>
    <LabelID>lblNATIONALITY11s</LabelID>
    <LabelName>Nationalité 1</LabelName>
    <LangID>3</LangID>
    <COUNTRYID>8</COUNTRYID>
    <LANGDISP>fr-FR</LANGDISP>
    <Active>TRUE</Active>
  </PageList>
  <PageList>
    <ID>24</ID>
    <LabelMstID>tblCOUNTRY</LabelMstID>
    <FieldName>NATIONALITY1</FieldName>
    <LabelID>lblNATIONALITY12h</LabelID>
    <LabelName>الجنسية 1</LabelName>
    <LangID>2</LangID>
    <COUNTRYID>8</COUNTRYID>
    <LANGDISP>ar-KW</LANGDISP>
    <Active>TRUE</Active>
  </PageList>
  <PageList>
    <ID>25</ID>
    <LabelMstID>tblCOUNTRY</LabelMstID>
    <FieldName>NATIONALITY2</FieldName>
    <LabelID>lblNATIONALITY21s</LabelID>
    <LabelName>Nationality 2</LabelName>
    <LangID>1</LangID>
    <COUNTRYID>8</COUNTRYID>
    <LANGDISP>en-US</LANGDISP>
    <Active>TRUE</Active>
  </PageList>
  <PageList>
    <ID>26</ID>
    <LabelMstID>tblCOUNTRY</LabelMstID>
    <FieldName>NATIONALITY2</FieldName>
    <LabelID>lblNATIONALITY21s</LabelID>
    <LabelName>Nationalité 2</LabelName>
    <LangID>3</LangID>
    <COUNTRYID>8</COUNTRYID>
    <LANGDISP>fr-FR</LANGDISP>
    <Active>TRUE</Active>
  </PageList>
  <PageList>
    <ID>27</ID>
    <LabelMstID>tblCOUNTRY</LabelMstID>
    <FieldName>NATIONALITY2</FieldName>
    <LabelID>lblNATIONALITY22h</LabelID>
    <LabelName>الجنسية 2</LabelName>
    <LangID>2</LangID>
    <COUNTRYID>8</COUNTRYID>
    <LANGDISP>ar-KW</LANGDISP>
    <Active>TRUE</Active>
  </PageList>
  <PageList>
    <ID>28</ID>
    <LabelMstID>tblCOUNTRY</LabelMstID>
    <FieldName>NATIONALITY3</FieldName>
    <LabelID>lblNATIONALITY31s</LabelID>
    <LabelName>Nationality 3</LabelName>
    <LangID>1</LangID>
    <COUNTRYID>8</COUNTRYID>
    <LANGDISP>en-US</LANGDISP>
    <Active>TRUE</Active>
  </PageList>
  <PageList>
    <ID>29</ID>
    <LabelMstID>tblCOUNTRY</LabelMstID>
    <FieldName>NATIONALITY3</FieldName>
    <LabelID>lblNATIONALITY31s</LabelID>
    <LabelName>Nationalité, 3</LabelName>
    <LangID>3</LangID>
    <COUNTRYID>8</COUNTRYID>
    <LANGDISP>fr-FR</LANGDISP>
    <Active>TRUE</Active>
  </PageList>
  <PageList>
    <ID>30</ID>
    <LabelMstID>tblCOUNTRY</LabelMstID>
    <FieldName>NATIONALITY3</FieldName>
    <LabelID>lblNATIONALITY32h</LabelID>
    <LabelName>الجنسية 3</LabelName>
    <LangID>2</LangID>
    <COUNTRYID>8</COUNTRYID>
    <LANGDISP>ar-KW</LANGDISP>
    <Active>TRUE</Active>
  </PageList>
  <PageList>
    <ID>31</ID>
    <LabelMstID>tblCOUNTRY</LabelMstID>
    <FieldName>CURRENCYNAME1</FieldName>
    <LabelID>lblCURRENCYNAME11s</LabelID>
    <LabelName>Currency Name 1</LabelName>
    <LangID>1</LangID>
    <COUNTRYID>8</COUNTRYID>
    <LANGDISP>en-US</LANGDISP>
    <Active>TRUE</Active>
  </PageList>
  <PageList>
    <ID>32</ID>
    <LabelMstID>tblCOUNTRY</LabelMstID>
    <FieldName>CURRENCYNAME1</FieldName>
    <LabelID>lblCURRENCYNAME11s</LabelID>
    <LabelName>CurrencyName 1</LabelName>
    <LangID>3</LangID>
    <COUNTRYID>8</COUNTRYID>
    <LANGDISP>fr-FR</LANGDISP>
    <Active>TRUE</Active>
  </PageList>
  <PageList>
    <ID>33</ID>
    <LabelMstID>tblCOUNTRY</LabelMstID>
    <FieldName>CURRENCYNAME1</FieldName>
    <LabelID>lblCURRENCYNAME12h</LabelID>
    <LabelName>1 كورينسينامي</LabelName>
    <LangID>2</LangID>
    <COUNTRYID>8</COUNTRYID>
    <LANGDISP>ar-KW</LANGDISP>
    <Active>TRUE</Active>
  </PageList>
  <PageList>
    <ID>34</ID>
    <LabelMstID>tblCOUNTRY</LabelMstID>
    <FieldName>CURRENCYNAME2</FieldName>
    <LabelID>lblCURRENCYNAME21s</LabelID>
    <LabelName>Currency Name 2</LabelName>
    <LangID>1</LangID>
    <COUNTRYID>8</COUNTRYID>
    <LANGDISP>en-US</LANGDISP>
    <Active>TRUE</Active>
  </PageList>
  <PageList>
    <ID>35</ID>
    <LabelMstID>tblCOUNTRY</LabelMstID>
    <FieldName>CURRENCYNAME2</FieldName>
    <LabelID>lblCURRENCYNAME21s</LabelID>
    <LabelName>CurrencyName 2</LabelName>
    <LangID>3</LangID>
    <COUNTRYID>8</COUNTRYID>
    <LANGDISP>fr-FR</LANGDISP>
    <Active>TRUE</Active>
  </PageList>
  <PageList>
    <ID>36</ID>
    <LabelMstID>tblCOUNTRY</LabelMstID>
    <FieldName>CURRENCYNAME2</FieldName>
    <LabelID>lblCURRENCYNAME22h</LabelID>
    <LabelName>2 كورينسينامي</LabelName>
    <LangID>2</LangID>
    <COUNTRYID>8</COUNTRYID>
    <LANGDISP>ar-KW</LANGDISP>
    <Active>TRUE</Active>
  </PageList>
  <PageList>
    <ID>37</ID>
    <LabelMstID>tblCOUNTRY</LabelMstID>
    <FieldName>CURRENCYNAME3</FieldName>
    <LabelID>lblCURRENCYNAME31s</LabelID>
    <LabelName>Currency Name 3</LabelName>
    <LangID>1</LangID>
    <COUNTRYID>8</COUNTRYID>
    <LANGDISP>en-US</LANGDISP>
    <Active>TRUE</Active>
  </PageList>
  <PageList>
    <ID>38</ID>
    <LabelMstID>tblCOUNTRY</LabelMstID>
    <FieldName>CURRENCYNAME3</FieldName>
    <LabelID>lblCURRENCYNAME31s</LabelID>
    <LabelName>CurrencyName 3</LabelName>
    <LangID>3</LangID>
    <COUNTRYID>8</COUNTRYID>
    <LANGDISP>fr-FR</LANGDISP>
    <Active>TRUE</Active>
  </PageList>
  <PageList>
    <ID>39</ID>
    <LabelMstID>tblCOUNTRY</LabelMstID>
    <FieldName>CURRENCYNAME3</FieldName>
    <LabelID>lblCURRENCYNAME32h</LabelID>
    <LabelName>3 كورينسينامي</LabelName>
    <LangID>2</LangID>
    <COUNTRYID>8</COUNTRYID>
    <LANGDISP>ar-KW</LANGDISP>
    <Active>TRUE</Active>
  </PageList>
  <PageList>
    <ID>40</ID>
    <LabelMstID>tblCOUNTRY</LabelMstID>
    <FieldName>CURRENTCONVRATE</FieldName>
    <LabelID>lblCURRENTCONVRATE1s</LabelID>
    <LabelName>Current Convrate</LabelName>
    <LangID>1</LangID>
    <COUNTRYID>8</COUNTRYID>
    <LANGDISP>en-US</LANGDISP>
    <Active>TRUE</Active>
  </PageList>
  <PageList>
    <ID>41</ID>
    <LabelMstID>tblCOUNTRY</LabelMstID>
    <FieldName>CURRENTCONVRATE</FieldName>
    <LabelID>lblCURRENTCONVRATE1s</LabelID>
    <LabelName>Currentconvrate</LabelName>
    <LangID>3</LangID>
    <COUNTRYID>8</COUNTRYID>
    <LANGDISP>fr-FR</LANGDISP>
    <Active>TRUE</Active>
  </PageList>
  <PageList>
    <ID>42</ID>
    <LabelMstID>tblCOUNTRY</LabelMstID>
    <FieldName>CURRENTCONVRATE</FieldName>
    <LabelID>lblCURRENTCONVRATE2h</LabelID>
    <LabelName>كورينتكونفراتي</LabelName>
    <LangID>2</LangID>
    <COUNTRYID>8</COUNTRYID>
    <LANGDISP>ar-KW</LANGDISP>
    <Active>TRUE</Active>
  </PageList>
  <PageList>
    <ID>43</ID>
    <LabelMstID>tblCOUNTRY</LabelMstID>
    <FieldName>CURRENCYSHORTNAME1</FieldName>
    <LabelID>lblCURRENCYSHORTNAME11s</LabelID>
    <LabelName>Short Name</LabelName>
    <LangID>1</LangID>
    <COUNTRYID>8</COUNTRYID>
    <LANGDISP>en-US</LANGDISP>
    <Active>TRUE</Active>
  </PageList>
  <PageList>
    <ID>44</ID>
    <LabelMstID>tblCOUNTRY</LabelMstID>
    <FieldName>CURRENCYSHORTNAME1</FieldName>
    <LabelID>lblCURRENCYSHORTNAME11s</LabelID>
    <LabelName>Currencyshortname 1</LabelName>
    <LangID>3</LangID>
    <COUNTRYID>8</COUNTRYID>
    <LANGDISP>fr-FR</LANGDISP>
    <Active>TRUE</Active>
  </PageList>
  <PageList>
    <ID>45</ID>
    <LabelMstID>tblCOUNTRY</LabelMstID>
    <FieldName>CURRENCYSHORTNAME1</FieldName>
    <LabelID>lblCURRENCYSHORTNAME12h</LabelID>
    <LabelName>1 كورينسيشورتنامي</LabelName>
    <LangID>2</LangID>
    <COUNTRYID>8</COUNTRYID>
    <LANGDISP>ar-KW</LANGDISP>
    <Active>TRUE</Active>
  </PageList>
  <PageList>
    <ID>46</ID>
    <LabelMstID>tblCOUNTRY</LabelMstID>
    <FieldName>CURRENCYSHORTNAME2</FieldName>
    <LabelID>lblCURRENCYSHORTNAME21s</LabelID>
    <LabelName>Short Name 2</LabelName>
    <LangID>1</LangID>
    <COUNTRYID>8</COUNTRYID>
    <LANGDISP>en-US</LANGDISP>
    <Active>TRUE</Active>
  </PageList>
  <PageList>
    <ID>47</ID>
    <LabelMstID>tblCOUNTRY</LabelMstID>
    <FieldName>CURRENCYSHORTNAME2</FieldName>
    <LabelID>lblCURRENCYSHORTNAME21s</LabelID>
    <LabelName>Currencyshortname 2</LabelName>
    <LangID>3</LangID>
    <COUNTRYID>8</COUNTRYID>
    <LANGDISP>fr-FR</LANGDISP>
    <Active>TRUE</Active>
  </PageList>
  <PageList>
    <ID>48</ID>
    <LabelMstID>tblCOUNTRY</LabelMstID>
    <FieldName>CURRENCYSHORTNAME2</FieldName>
    <LabelID>lblCURRENCYSHORTNAME22h</LabelID>
    <LabelName>2 كورينسيشورتنامي</LabelName>
    <LangID>2</LangID>
    <COUNTRYID>8</COUNTRYID>
    <LANGDISP>ar-KW</LANGDISP>
    <Active>TRUE</Active>
  </PageList>
  <PageList>
    <ID>49</ID>
    <LabelMstID>tblCOUNTRY</LabelMstID>
    <FieldName>CURRENCYSHORTNAME3</FieldName>
    <LabelID>lblCURRENCYSHORTNAME31s</LabelID>
    <LabelName>Short Name 3</LabelName>
    <LangID>1</LangID>
    <COUNTRYID>8</COUNTRYID>
    <LANGDISP>en-US</LANGDISP>
    <Active>TRUE</Active>
  </PageList>
  <PageList>
    <ID>50</ID>
    <LabelMstID>tblCOUNTRY</LabelMstID>
    <FieldName>CURRENCYSHORTNAME3</FieldName>
    <LabelID>lblCURRENCYSHORTNAME31s</LabelID>
    <LabelName>Currencyshortname 3</LabelName>
    <LangID>3</LangID>
    <COUNTRYID>8</COUNTRYID>
    <LANGDISP>fr-FR</LANGDISP>
    <Active>TRUE</Active>
  </PageList>
  <PageList>
    <ID>51</ID>
    <LabelMstID>tblCOUNTRY</LabelMstID>
    <FieldName>CURRENCYSHORTNAME3</FieldName>
    <LabelID>lblCURRENCYSHORTNAME32h</LabelID>
    <LabelName>3 كورينسيشورتنامي</LabelName>
    <LangID>2</LangID>
    <COUNTRYID>8</COUNTRYID>
    <LANGDISP>ar-KW</LANGDISP>
    <Active>TRUE</Active>
  </PageList>
  <PageList>
    <ID>52</ID>
    <LabelMstID>tblCOUNTRY</LabelMstID>
    <FieldName>CountryType</FieldName>
    <LabelID>lblCountryType1s</LabelID>
    <LabelName>Country Type</LabelName>
    <LangID>1</LangID>
    <COUNTRYID>8</COUNTRYID>
    <LANGDISP>en-US</LANGDISP>
    <Active>TRUE</Active>
  </PageList>
  <PageList>
    <ID>53</ID>
    <LabelMstID>tblCOUNTRY</LabelMstID>
    <FieldName>CountryType</FieldName>
    <LabelID>lblCountryType1s</LabelID>
    <LabelName>Countrytype</LabelName>
    <LangID>3</LangID>
    <COUNTRYID>8</COUNTRYID>
    <LANGDISP>fr-FR</LANGDISP>
    <Active>TRUE</Active>
  </PageList>
  <PageList>
    <ID>54</ID>
    <LabelMstID>tblCOUNTRY</LabelMstID>
    <FieldName>CountryType</FieldName>
    <LabelID>lblCountryType2h</LabelID>
    <LabelName>كونتريتيبي</LabelName>
    <LangID>2</LangID>
    <COUNTRYID>8</COUNTRYID>
    <LANGDISP>ar-KW</LANGDISP>
    <Active>TRUE</Active>
  </PageList>
  <PageList>
    <ID>55</ID>
    <LabelMstID>tblCOUNTRY</LabelMstID>
    <FieldName>CountryTSubType</FieldName>
    <LabelID>lblCountryTSubType1s</LabelID>
    <LabelName>Country Sub Type</LabelName>
    <LangID>1</LangID>
    <COUNTRYID>8</COUNTRYID>
    <LANGDISP>en-US</LANGDISP>
    <Active>TRUE</Active>
  </PageList>
  <PageList>
    <ID>56</ID>
    <LabelMstID>tblCOUNTRY</LabelMstID>
    <FieldName>CountryTSubType</FieldName>
    <LabelID>lblCountryTSubType1s</LabelID>
    <LabelName>Countrytsubtype</LabelName>
    <LangID>3</LangID>
    <COUNTRYID>8</COUNTRYID>
    <LANGDISP>fr-FR</LANGDISP>
    <Active>TRUE</Active>
  </PageList>
  <PageList>
    <ID>57</ID>
    <LabelMstID>tblCOUNTRY</LabelMstID>
    <FieldName>CountryTSubType</FieldName>
    <LabelID>lblCountryTSubType2h</LabelID>
    <LabelName>كونتريتسوبتيبي</LabelName>
    <LangID>2</LangID>
    <COUNTRYID>8</COUNTRYID>
    <LANGDISP>ar-KW</LANGDISP>
    <Active>TRUE</Active>
  </PageList>
  <PageList>
    <ID>58</ID>
    <LabelMstID>tblCOUNTRY</LabelMstID>
    <FieldName>Sovereignty</FieldName>
    <LabelID>lblSovereignty1s</LabelID>
    <LabelName>Sovereignty</LabelName>
    <LangID>1</LangID>
    <COUNTRYID>8</COUNTRYID>
    <LANGDISP>en-US</LANGDISP>
    <Active>TRUE</Active>
  </PageList>
  <PageList>
    <ID>59</ID>
    <LabelMstID>tblCOUNTRY</LabelMstID>
    <FieldName>Sovereignty</FieldName>
    <LabelID>lblSovereignty1s</LabelID>
    <LabelName>Souveraineté</LabelName>
    <LangID>3</LangID>
    <COUNTRYID>8</COUNTRYID>
    <LANGDISP>fr-FR</LANGDISP>
    <Active>TRUE</Active>
  </PageList>
  <PageList>
    <ID>60</ID>
    <LabelMstID>tblCOUNTRY</LabelMstID>
    <FieldName>Sovereignty</FieldName>
    <LabelID>lblSovereignty2h</LabelID>
    <LabelName>السيادة</LabelName>
    <LangID>2</LangID>
    <COUNTRYID>8</COUNTRYID>
    <LANGDISP>ar-KW</LANGDISP>
    <Active>TRUE</Active>
  </PageList>
  <PageList>
    <ID>61</ID>
    <LabelMstID>tblCOUNTRY</LabelMstID>
    <FieldName>ISO4217CurCode</FieldName>
    <LabelID>lblISO4217CurCode1s</LabelID>
    <LabelName>ISO Code</LabelName>
    <LangID>1</LangID>
    <COUNTRYID>8</COUNTRYID>
    <LANGDISP>en-US</LANGDISP>
    <Active>TRUE</Active>
  </PageList>
  <PageList>
    <ID>62</ID>
    <LabelMstID>tblCOUNTRY</LabelMstID>
    <FieldName>ISO4217CurCode</FieldName>
    <LabelID>lblISO4217CurCode1s</LabelID>
    <LabelName>Curcode ISO 4217</LabelName>
    <LangID>3</LangID>
    <COUNTRYID>8</COUNTRYID>
    <LANGDISP>fr-FR</LANGDISP>
    <Active>TRUE</Active>
  </PageList>
  <PageList>
    <ID>63</ID>
    <LabelMstID>tblCOUNTRY</LabelMstID>
    <FieldName>ISO4217CurCode</FieldName>
    <LabelID>lblISO4217CurCode2h</LabelID>
    <LabelName>كوركودي Iso 4217</LabelName>
    <LangID>2</LangID>
    <COUNTRYID>8</COUNTRYID>
    <LANGDISP>ar-KW</LANGDISP>
    <Active>TRUE</Active>
  </PageList>
  <PageList>
    <ID>64</ID>
    <LabelMstID>tblCOUNTRY</LabelMstID>
    <FieldName>ISO4217CurName</FieldName>
    <LabelID>lblISO4217CurName1s</LabelID>
    <LabelName>ISO Name</LabelName>
    <LangID>1</LangID>
    <COUNTRYID>8</COUNTRYID>
    <LANGDISP>en-US</LANGDISP>
    <Active>TRUE</Active>
  </PageList>
  <PageList>
    <ID>65</ID>
    <LabelMstID>tblCOUNTRY</LabelMstID>
    <FieldName>ISO4217CurName</FieldName>
    <LabelID>lblISO4217CurName1s</LabelID>
    <LabelName>Curname ISO 4217</LabelName>
    <LangID>3</LangID>
    <COUNTRYID>8</COUNTRYID>
    <LANGDISP>fr-FR</LANGDISP>
    <Active>TRUE</Active>
  </PageList>
  <PageList>
    <ID>66</ID>
    <LabelMstID>tblCOUNTRY</LabelMstID>
    <FieldName>ISO4217CurName</FieldName>
    <LabelID>lblISO4217CurName2h</LabelID>
    <LabelName>كورنام Iso 4217</LabelName>
    <LangID>2</LangID>
    <COUNTRYID>8</COUNTRYID>
    <LANGDISP>ar-KW</LANGDISP>
    <Active>TRUE</Active>
  </PageList>
  <PageList>
    <ID>67</ID>
    <LabelMstID>tblCOUNTRY</LabelMstID>
    <FieldName>ITUTTelephoneCode</FieldName>
    <LabelID>lblITUTTelephoneCode1s</LabelID>
    <LabelName>Telephone Code</LabelName>
    <LangID>1</LangID>
    <COUNTRYID>8</COUNTRYID>
    <LANGDISP>en-US</LANGDISP>
    <Active>TRUE</Active>
  </PageList>
  <PageList>
    <ID>68</ID>
    <LabelMstID>tblCOUNTRY</LabelMstID>
    <FieldName>ITUTTelephoneCode</FieldName>
    <LabelID>lblITUTTelephoneCode1s</LabelID>
    <LabelName>Ituttelephonecode</LabelName>
    <LangID>3</LangID>
    <COUNTRYID>8</COUNTRYID>
    <LANGDISP>fr-FR</LANGDISP>
    <Active>TRUE</Active>
  </PageList>
  <PageList>
    <ID>69</ID>
    <LabelMstID>tblCOUNTRY</LabelMstID>
    <FieldName>ITUTTelephoneCode</FieldName>
    <LabelID>lblITUTTelephoneCode2h</LabelID>
    <LabelName>إيتوتيليفونيكودي</LabelName>
    <LangID>2</LangID>
    <COUNTRYID>8</COUNTRYID>
    <LANGDISP>ar-KW</LANGDISP>
    <Active>TRUE</Active>
  </PageList>
  <PageList>
    <ID>70</ID>
    <LabelMstID>tblCOUNTRY</LabelMstID>
    <FieldName>FaxLength</FieldName>
    <LabelID>lblFaxLength1s</LabelID>
    <LabelName>Fax Length</LabelName>
    <LangID>1</LangID>
    <COUNTRYID>8</COUNTRYID>
    <LANGDISP>en-US</LANGDISP>
    <Active>TRUE</Active>
  </PageList>
  <PageList>
    <ID>71</ID>
    <LabelMstID>tblCOUNTRY</LabelMstID>
    <FieldName>FaxLength</FieldName>
    <LabelID>lblFaxLength1s</LabelID>
    <LabelName>Faxlength</LabelName>
    <LangID>3</LangID>
    <COUNTRYID>8</COUNTRYID>
    <LANGDISP>fr-FR</LANGDISP>
    <Active>TRUE</Active>
  </PageList>
  <PageList>
    <ID>72</ID>
    <LabelMstID>tblCOUNTRY</LabelMstID>
    <FieldName>FaxLength</FieldName>
    <LabelID>lblFaxLength2h</LabelID>
    <LabelName>فاكسلينجث</LabelName>
    <LangID>2</LangID>
    <COUNTRYID>8</COUNTRYID>
    <LANGDISP>ar-KW</LANGDISP>
    <Active>TRUE</Active>
  </PageList>
  <PageList>
    <ID>73</ID>
    <LabelMstID>tblCOUNTRY</LabelMstID>
    <FieldName>TelLength</FieldName>
    <LabelID>lblTelLength1s</LabelID>
    <LabelName>Telephone Length</LabelName>
    <LangID>1</LangID>
    <COUNTRYID>8</COUNTRYID>
    <LANGDISP>en-US</LANGDISP>
    <Active>TRUE</Active>
  </PageList>
  <PageList>
    <ID>74</ID>
    <LabelMstID>tblCOUNTRY</LabelMstID>
    <FieldName>TelLength</FieldName>
    <LabelID>lblTelLength1s</LabelID>
    <LabelName>Tellength</LabelName>
    <LangID>3</LangID>
    <COUNTRYID>8</COUNTRYID>
    <LANGDISP>fr-FR</LANGDISP>
    <Active>TRUE</Active>
  </PageList>
  <PageList>
    <ID>75</ID>
    <LabelMstID>tblCOUNTRY</LabelMstID>
    <FieldName>TelLength</FieldName>
    <LabelID>lblTelLength2h</LabelID>
    <LabelName>تيلينجث</LabelName>
    <LangID>2</LangID>
    <COUNTRYID>8</COUNTRYID>
    <LANGDISP>ar-KW</LANGDISP>
    <Active>TRUE</Active>
  </PageList>
  <PageList>
    <ID>76</ID>
    <LabelMstID>tblCOUNTRY</LabelMstID>
    <FieldName>ISO3166_1_2LetterCode</FieldName>
    <LabelID>lblISO3166_1_2LetterCode1s</LabelID>
    <LabelName>ISO Letter Code 1</LabelName>
    <LangID>1</LangID>
    <COUNTRYID>8</COUNTRYID>
    <LANGDISP>en-US</LANGDISP>
    <Active>TRUE</Active>
  </PageList>
  <PageList>
    <ID>77</ID>
    <LabelMstID>tblCOUNTRY</LabelMstID>
    <FieldName>ISO3166_1_2LetterCode</FieldName>
    <LabelID>lblISO3166_1_2LetterCode1s</LabelID>
    <LabelName>Code ISO 3166 1 2</LabelName>
    <LangID>3</LangID>
    <COUNTRYID>8</COUNTRYID>
    <LANGDISP>fr-FR</LANGDISP>
    <Active>TRUE</Active>
  </PageList>
  <PageList>
    <ID>78</ID>
    <LabelMstID>tblCOUNTRY</LabelMstID>
    <FieldName>ISO3166_1_2LetterCode</FieldName>
    <LabelID>lblISO3166_1_2LetterCode2h</LabelID>
    <LabelName>ليتيركودي Iso 3166 1 2</LabelName>
    <LangID>2</LangID>
    <COUNTRYID>8</COUNTRYID>
    <LANGDISP>ar-KW</LANGDISP>
    <Active>TRUE</Active>
  </PageList>
  <PageList>
    <ID>79</ID>
    <LabelMstID>tblCOUNTRY</LabelMstID>
    <FieldName>ISO3166_1_3LetterCode</FieldName>
    <LabelID>lblISO3166_1_3LetterCode1s</LabelID>
    <LabelName>ISO Letter Code 2</LabelName>
    <LangID>1</LangID>
    <COUNTRYID>8</COUNTRYID>
    <LANGDISP>en-US</LANGDISP>
    <Active>TRUE</Active>
  </PageList>
  <PageList>
    <ID>80</ID>
    <LabelMstID>tblCOUNTRY</LabelMstID>
    <FieldName>ISO3166_1_3LetterCode</FieldName>
    <LabelID>lblISO3166_1_3LetterCode1s</LabelID>
    <LabelName>Code ISO 3166 1 3</LabelName>
    <LangID>3</LangID>
    <COUNTRYID>8</COUNTRYID>
    <LANGDISP>fr-FR</LANGDISP>
    <Active>TRUE</Active>
  </PageList>
  <PageList>
    <ID>81</ID>
    <LabelMstID>tblCOUNTRY</LabelMstID>
    <FieldName>ISO3166_1_3LetterCode</FieldName>
    <LabelID>lblISO3166_1_3LetterCode2h</LabelID>
    <LabelName>ليتيركودي Iso 3166 1 3</LabelName>
    <LangID>2</LangID>
    <COUNTRYID>8</COUNTRYID>
    <LANGDISP>ar-KW</LANGDISP>
    <Active>TRUE</Active>
  </PageList>
  <PageList>
    <ID>82</ID>
    <LabelMstID>tblCOUNTRY</LabelMstID>
    <FieldName>ISO3166_1Number</FieldName>
    <LabelID>lblISO3166_1Number1s</LabelID>
    <LabelName>ISO Number</LabelName>
    <LangID>1</LangID>
    <COUNTRYID>8</COUNTRYID>
    <LANGDISP>en-US</LANGDISP>
    <Active>TRUE</Active>
  </PageList>
  <PageList>
    <ID>83</ID>
    <LabelMstID>tblCOUNTRY</LabelMstID>
    <FieldName>ISO3166_1Number</FieldName>
    <LabelID>lblISO3166_1Number1s</LabelID>
    <LabelName>Numéro de l’ISO 3166 1</LabelName>
    <LangID>3</LangID>
    <COUNTRYID>8</COUNTRYID>
    <LANGDISP>fr-FR</LANGDISP>
    <Active>TRUE</Active>
  </PageList>
  <PageList>
    <ID>84</ID>
    <LabelMstID>tblCOUNTRY</LabelMstID>
    <FieldName>ISO3166_1Number</FieldName>
    <LabelID>lblISO3166_1Number2h</LabelID>
    <LabelName>رقم Iso 3166 1</LabelName>
    <LangID>2</LangID>
    <COUNTRYID>8</COUNTRYID>
    <LANGDISP>ar-KW</LANGDISP>
    <Active>TRUE</Active>
  </PageList>
  <PageList>
    <ID>85</ID>
    <LabelMstID>tblCOUNTRY</LabelMstID>
    <FieldName>IANACountryCodeTLD</FieldName>
    <LabelID>lblIANACountryCodeTLD1s</LabelID>
    <LabelName>Country Code LTD</LabelName>
    <LangID>1</LangID>
    <COUNTRYID>8</COUNTRYID>
    <LANGDISP>en-US</LANGDISP>
    <Active>TRUE</Active>
  </PageList>
  <PageList>
    <ID>86</ID>
    <LabelMstID>tblCOUNTRY</LabelMstID>
    <FieldName>IANACountryCodeTLD</FieldName>
    <LabelID>lblIANACountryCodeTLD1s</LabelID>
    <LabelName />
    <LangID>3</LangID>
    <COUNTRYID>8</COUNTRYID>
    <LANGDISP>fr-FR</LANGDISP>
    <Active>TRUE</Active>
  </PageList>
  <PageList>
    <ID>87</ID>
    <LabelMstID>tblCOUNTRY</LabelMstID>
    <FieldName>IANACountryCodeTLD</FieldName>
    <LabelID>lblIANACountryCodeTLD2h</LabelID>
    <LabelName>إياناكونتريكوديتلد</LabelName>
    <LangID>2</LangID>
    <COUNTRYID>8</COUNTRYID>
    <LANGDISP>ar-KW</LANGDISP>
    <Active>TRUE</Active>
  </PageList>
  <PageList>
    <ID>88</ID>
    <LabelMstID>tblCOUNTRY</LabelMstID>
    <FieldName>Active</FieldName>
    <LabelID>lblActive1s</LabelID>
    <LabelName>Active</LabelName>
    <LangID>1</LangID>
    <COUNTRYID>8</COUNTRYID>
    <LANGDISP>en-US</LANGDISP>
    <Active>TRUE</Active>
  </PageList>
  <PageList>
    <ID>89</ID>
    <LabelMstID>tblCOUNTRY</LabelMstID>
    <FieldName>Active</FieldName>
    <LabelID>lblActive1s</LabelID>
    <LabelName />
    <LangID>3</LangID>
    <COUNTRYID>8</COUNTRYID>
    <LANGDISP>fr-FR</LANGDISP>
    <Active>TRUE</Active>
  </PageList>
  <PageList>
    <ID>90</ID>
    <LabelMstID>tblCOUNTRY</LabelMstID>
    <FieldName>Active</FieldName>
    <LabelID>lblActive2h</LabelID>
    <LabelName>النشطة</LabelName>
    <LangID>2</LangID>
    <COUNTRYID>8</COUNTRYID>
    <LANGDISP>ar-KW</LANGDISP>
    <Active>TRUE</Active>
  </PageList>
  <PageList>
    <ID>91</ID>
    <LabelMstID>tblCOUNTRY</LabelMstID>
    <FieldName>CRUP_ID</FieldName>
    <LabelID>lblCRUP_ID1s</LabelID>
    <LabelName>Currency</LabelName>
    <LangID>1</LangID>
    <COUNTRYID>8</COUNTRYID>
    <LANGDISP>en-US</LANGDISP>
    <Active>TRUE</Active>
  </PageList>
  <PageList>
    <ID>92</ID>
    <LabelMstID>tblCOUNTRY</LabelMstID>
    <FieldName>CRUP_ID</FieldName>
    <LabelID>lblCRUP_ID1s</LabelID>
    <LabelName />
    <LangID>3</LangID>
    <COUNTRYID>8</COUNTRYID>
    <LANGDISP>fr-FR</LANGDISP>
    <Active>TRUE</Active>
  </PageList>
  <PageList>
    <ID>93</ID>
    <LabelMstID>tblCOUNTRY</LabelMstID>
    <FieldName>CRUP_ID</FieldName>
    <LabelID>lblCRUP_ID2h</LabelID>
    <LabelName>اسم Crup</LabelName>
    <LangID>2</LangID>
    <COUNTRYID>8</COUNTRYID>
    <LANGDISP>ar-KW</LANGDISP>
    <Active>TRUE</Active>
  </PageList>
  <PageList>
    <ID>94</ID>
    <LabelMstID>tblCOUNTRY</LabelMstID>
    <FieldName>NULL</FieldName>
    <LabelID>lblHeader1s</LabelID>
    <LabelName>Currency</LabelName>
    <LangID>1</LangID>
    <COUNTRYID>8</COUNTRYID>
    <LANGDISP>en-US</LANGDISP>
    <Active>TRUE</Active>
  </PageList>
  <PageList>
    <ID>95</ID>
    <LabelMstID>tblCOUNTRY</LabelMstID>
    <FieldName>NULL</FieldName>
    <LabelID>lblHeader1s</LabelID>
    <LabelName>tblCOUNTRY</LabelName>
    <LangID>3</LangID>
    <COUNTRYID>8</COUNTRYID>
    <LANGDISP>fr-FR</LANGDISP>
    <Active>TRUE</Active>
  </PageList>
  <PageList>
    <ID>96</ID>
    <LabelMstID>tblCOUNTRY</LabelMstID>
    <FieldName>NULL</FieldName>
    <LabelID>lblHeader2h</LabelID>
    <LabelName>تبلكونتري</LabelName>
    <LangID>2</LangID>
    <COUNTRYID>8</COUNTRYID>
    <LANGDISP>ar-KW</LANGDISP>
    <Active>TRUE</Active>
  </PageList>
</TBLLabelDTL>