<?xml version="1.0" standalone="yes"?>
<TBLLabelDTL>
  <PageList>
    <ID>1</ID>
    <LabelMstID>tblcontact_addon1</LabelMstID>
    <FieldName>TenentID</FieldName>
    <LabelID>lblTenentID1s</LabelID>
    <LabelName> Food Related Data</LabelName>
    <LangID>1</LangID>
    <COUNTRYID>8</COUNTRYID>
    <LANGDISP>en-US</LANGDISP>
    <Active>TRUE</Active>
  </PageList>
  <PageList>
    <ID>2</ID>
    <LabelMstID>tblcontact_addon1</LabelMstID>
    <FieldName>TenentID</FieldName>
    <LabelID>lblTenentID1s</LabelID>
    <LabelName>Tenent nom</LabelName>
    <LangID>3</LangID>
    <COUNTRYID>8</COUNTRYID>
    <LANGDISP>fr-FR</LANGDISP>
    <Active>TRUE</Active>
  </PageList>
  <PageList>
    <ID>3</ID>
    <LabelMstID>tblcontact_addon1</LabelMstID>
    <FieldName>TenentID</FieldName>
    <LabelID>lblTenentID2h</LabelID>
    <LabelName>اسم تينيت</LabelName>
    <LangID>2</LangID>
    <COUNTRYID>8</COUNTRYID>
    <LANGDISP>ar-KW</LANGDISP>
    <Active>TRUE</Active>
  </PageList>
  <PageList>
    <ID>4</ID>
    <LabelMstID>tblcontact_addon1</LabelMstID>
    <FieldName>LocationID</FieldName>
    <LabelID>lblLocationID1s</LabelID>
    <LabelName> Food Related Data</LabelName>
    <LangID>1</LangID>
    <COUNTRYID>8</COUNTRYID>
    <LANGDISP>en-US</LANGDISP>
    <Active>TRUE</Active>
  </PageList>
  <PageList>
    <ID>5</ID>
    <LabelMstID>tblcontact_addon1</LabelMstID>
    <FieldName>LocationID</FieldName>
    <LabelID>lblLocationID1s</LabelID>
    <LabelName>Nom de l’emplacement</LabelName>
    <LangID>3</LangID>
    <COUNTRYID>8</COUNTRYID>
    <LANGDISP>fr-FR</LANGDISP>
    <Active>TRUE</Active>
  </PageList>
  <PageList>
    <ID>6</ID>
    <LabelMstID>tblcontact_addon1</LabelMstID>
    <FieldName>LocationID</FieldName>
    <LabelID>lblLocationID2h</LabelID>
    <LabelName>اسم الموقع</LabelName>
    <LangID>2</LangID>
    <COUNTRYID>8</COUNTRYID>
    <LANGDISP>ar-KW</LANGDISP>
    <Active>TRUE</Active>
  </PageList>
  <PageList>
    <ID>7</ID>
    <LabelMstID>tblcontact_addon1</LabelMstID>
    <FieldName>CustomerId</FieldName>
    <LabelID>lblCustomerId1s</LabelID>
    <LabelName>Customer Name</LabelName>
    <LangID>1</LangID>
    <COUNTRYID>8</COUNTRYID>
    <LANGDISP>en-US</LANGDISP>
    <Active>TRUE</Active>
  </PageList>
  <PageList>
    <ID>8</ID>
    <LabelMstID>tblcontact_addon1</LabelMstID>
    <FieldName>CustomerId</FieldName>
    <LabelID>lblCustomerId1s</LabelID>
    <LabelName>CustomerID</LabelName>
    <LangID>3</LangID>
    <COUNTRYID>8</COUNTRYID>
    <LANGDISP>fr-FR</LANGDISP>
    <Active>TRUE</Active>
  </PageList>
  <PageList>
    <ID>9</ID>
    <LabelMstID>tblcontact_addon1</LabelMstID>
    <FieldName>CustomerId</FieldName>
    <LabelID>lblCustomerId2h</LabelID>
    <LabelName>معرف العميل</LabelName>
    <LangID>2</LangID>
    <COUNTRYID>8</COUNTRYID>
    <LANGDISP>ar-KW</LANGDISP>
    <Active>TRUE</Active>
  </PageList>
  <PageList>
    <ID>10</ID>
    <LabelMstID>tblcontact_addon1</LabelMstID>
    <FieldName>DeliveryCountry</FieldName>
    <LabelID>lblDeliveryCountry1s</LabelID>
    <LabelName> Food Related Data</LabelName>
    <LangID>1</LangID>
    <COUNTRYID>8</COUNTRYID>
    <LANGDISP>en-US</LANGDISP>
    <Active>TRUE</Active>
  </PageList>
  <PageList>
    <ID>11</ID>
    <LabelMstID>tblcontact_addon1</LabelMstID>
    <FieldName>DeliveryCountry</FieldName>
    <LabelID>lblDeliveryCountry1s</LabelID>
    <LabelName>Deliverycountry</LabelName>
    <LangID>3</LangID>
    <COUNTRYID>8</COUNTRYID>
    <LANGDISP>fr-FR</LANGDISP>
    <Active>TRUE</Active>
  </PageList>
  <PageList>
    <ID>12</ID>
    <LabelMstID>tblcontact_addon1</LabelMstID>
    <FieldName>DeliveryCountry</FieldName>
    <LabelID>lblDeliveryCountry2h</LabelID>
    <LabelName>ديليفيريكونتري</LabelName>
    <LangID>2</LangID>
    <COUNTRYID>8</COUNTRYID>
    <LANGDISP>ar-KW</LANGDISP>
    <Active>TRUE</Active>
  </PageList>
  <PageList>
    <ID>13</ID>
    <LabelMstID>tblcontact_addon1</LabelMstID>
    <FieldName>Area</FieldName>
    <LabelID>lblArea1s</LabelID>
    <LabelName> Food Related Data</LabelName>
    <LangID>1</LangID>
    <COUNTRYID>8</COUNTRYID>
    <LANGDISP>en-US</LANGDISP>
    <Active>TRUE</Active>
  </PageList>
  <PageList>
    <ID>14</ID>
    <LabelMstID>tblcontact_addon1</LabelMstID>
    <FieldName>Area</FieldName>
    <LabelID>lblArea1s</LabelID>
    <LabelName>Zone</LabelName>
    <LangID>3</LangID>
    <COUNTRYID>8</COUNTRYID>
    <LANGDISP>fr-FR</LANGDISP>
    <Active>TRUE</Active>
  </PageList>
  <PageList>
    <ID>15</ID>
    <LabelMstID>tblcontact_addon1</LabelMstID>
    <FieldName>Area</FieldName>
    <LabelID>lblArea2h</LabelID>
    <LabelName>المنطقة</LabelName>
    <LangID>2</LangID>
    <COUNTRYID>8</COUNTRYID>
    <LANGDISP>ar-KW</LANGDISP>
    <Active>TRUE</Active>
  </PageList>
  <PageList>
    <ID>16</ID>
    <LabelMstID>tblcontact_addon1</LabelMstID>
    <FieldName>DeliveryTime</FieldName>
    <LabelID>lblDeliveryTime1s</LabelID>
    <LabelName> Food Related Data</LabelName>
    <LangID>1</LangID>
    <COUNTRYID>8</COUNTRYID>
    <LANGDISP>en-US</LANGDISP>
    <Active>TRUE</Active>
  </PageList>
  <PageList>
    <ID>17</ID>
    <LabelMstID>tblcontact_addon1</LabelMstID>
    <FieldName>DeliveryTime</FieldName>
    <LabelID>lblDeliveryTime1s</LabelID>
    <LabelName>Deliverytime</LabelName>
    <LangID>3</LangID>
    <COUNTRYID>8</COUNTRYID>
    <LANGDISP>fr-FR</LANGDISP>
    <Active>TRUE</Active>
  </PageList>
  <PageList>
    <ID>18</ID>
    <LabelMstID>tblcontact_addon1</LabelMstID>
    <FieldName>DeliveryTime</FieldName>
    <LabelID>lblDeliveryTime2h</LabelID>
    <LabelName>ديليفيريتيمي</LabelName>
    <LangID>2</LangID>
    <COUNTRYID>8</COUNTRYID>
    <LANGDISP>ar-KW</LANGDISP>
    <Active>TRUE</Active>
  </PageList>
  <PageList>
    <ID>19</ID>
    <LabelMstID>tblcontact_addon1</LabelMstID>
    <FieldName>AdvCollectionStatus</FieldName>
    <LabelID>lblAdvCollectionStatus1s</LabelID>
    <LabelName>Advcollectionstatus</LabelName>
    <LangID>1</LangID>
    <COUNTRYID>8</COUNTRYID>
    <LANGDISP>en-US</LANGDISP>
    <Active>TRUE</Active>
  </PageList>
  <PageList>
    <ID>20</ID>
    <LabelMstID>tblcontact_addon1</LabelMstID>
    <FieldName>AdvCollectionStatus</FieldName>
    <LabelID>lblAdvCollectionStatus1s</LabelID>
    <LabelName>Advcollectionstatus</LabelName>
    <LangID>3</LangID>
    <COUNTRYID>8</COUNTRYID>
    <LANGDISP>fr-FR</LANGDISP>
    <Active>TRUE</Active>
  </PageList>
  <PageList>
    <ID>21</ID>
    <LabelMstID>tblcontact_addon1</LabelMstID>
    <FieldName>AdvCollectionStatus</FieldName>
    <LabelID>lblAdvCollectionStatus2h</LabelID>
    <LabelName>أدفكوليكتيونستاتوس</LabelName>
    <LangID>2</LangID>
    <COUNTRYID>8</COUNTRYID>
    <LANGDISP>ar-KW</LANGDISP>
    <Active>TRUE</Active>
  </PageList>
  <PageList>
    <ID>22</ID>
    <LabelMstID>tblcontact_addon1</LabelMstID>
    <FieldName>PromotionOn</FieldName>
    <LabelID>lblPromotionOn1s</LabelID>
    <LabelName>Promotionon</LabelName>
    <LangID>1</LangID>
    <COUNTRYID>8</COUNTRYID>
    <LANGDISP>en-US</LANGDISP>
    <Active>TRUE</Active>
  </PageList>
  <PageList>
    <ID>23</ID>
    <LabelMstID>tblcontact_addon1</LabelMstID>
    <FieldName>PromotionOn</FieldName>
    <LabelID>lblPromotionOn1s</LabelID>
    <LabelName>Promotionon</LabelName>
    <LangID>3</LangID>
    <COUNTRYID>8</COUNTRYID>
    <LANGDISP>fr-FR</LANGDISP>
    <Active>TRUE</Active>
  </PageList>
  <PageList>
    <ID>24</ID>
    <LabelMstID>tblcontact_addon1</LabelMstID>
    <FieldName>PromotionOn</FieldName>
    <LabelID>lblPromotionOn2h</LabelID>
    <LabelName>بروموتيونون</LabelName>
    <LangID>2</LangID>
    <COUNTRYID>8</COUNTRYID>
    <LANGDISP>ar-KW</LANGDISP>
    <Active>TRUE</Active>
  </PageList>
  <PageList>
    <ID>25</ID>
    <LabelMstID>tblcontact_addon1</LabelMstID>
    <FieldName>latituet</FieldName>
    <LabelID>lbllatituet1s</LabelID>
    <LabelName> Food Related Data</LabelName>
    <LangID>1</LangID>
    <COUNTRYID>8</COUNTRYID>
    <LANGDISP>en-US</LANGDISP>
    <Active>TRUE</Active>
  </PageList>
  <PageList>
    <ID>26</ID>
    <LabelMstID>tblcontact_addon1</LabelMstID>
    <FieldName>latituet</FieldName>
    <LabelID>lbllatituet1s</LabelID>
    <LabelName>Latituet</LabelName>
    <LangID>3</LangID>
    <COUNTRYID>8</COUNTRYID>
    <LANGDISP>fr-FR</LANGDISP>
    <Active>TRUE</Active>
  </PageList>
  <PageList>
    <ID>27</ID>
    <LabelMstID>tblcontact_addon1</LabelMstID>
    <FieldName>latituet</FieldName>
    <LabelID>lbllatituet2h</LabelID>
    <LabelName>لاتيتويت</LabelName>
    <LangID>2</LangID>
    <COUNTRYID>8</COUNTRYID>
    <LANGDISP>ar-KW</LANGDISP>
    <Active>TRUE</Active>
  </PageList>
  <PageList>
    <ID>28</ID>
    <LabelMstID>tblcontact_addon1</LabelMstID>
    <FieldName>longituet</FieldName>
    <LabelID>lbllongituet1s</LabelID>
    <LabelName> Food Related Data</LabelName>
    <LangID>1</LangID>
    <COUNTRYID>8</COUNTRYID>
    <LANGDISP>en-US</LANGDISP>
    <Active>TRUE</Active>
  </PageList>
  <PageList>
    <ID>29</ID>
    <LabelMstID>tblcontact_addon1</LabelMstID>
    <FieldName>longituet</FieldName>
    <LabelID>lbllongituet1s</LabelID>
    <LabelName>Longituet</LabelName>
    <LangID>3</LangID>
    <COUNTRYID>8</COUNTRYID>
    <LANGDISP>fr-FR</LANGDISP>
    <Active>TRUE</Active>
  </PageList>
  <PageList>
    <ID>30</ID>
    <LabelMstID>tblcontact_addon1</LabelMstID>
    <FieldName>longituet</FieldName>
    <LabelID>lbllongituet2h</LabelID>
    <LabelName>لونجيتويت</LabelName>
    <LangID>2</LangID>
    <COUNTRYID>8</COUNTRYID>
    <LANGDISP>ar-KW</LANGDISP>
    <Active>TRUE</Active>
  </PageList>
  <PageList>
    <ID>31</ID>
    <LabelMstID>tblcontact_addon1</LabelMstID>
    <FieldName>NULL</FieldName>
    <LabelID>lblHeader1s</LabelID>
    <LabelName> Food Related Data</LabelName>
    <LangID>1</LangID>
    <COUNTRYID>8</COUNTRYID>
    <LANGDISP>en-US</LANGDISP>
    <Active>TRUE</Active>
  </PageList>
  <PageList>
    <ID>32</ID>
    <LabelMstID>tblcontact_addon1</LabelMstID>
    <FieldName>NULL</FieldName>
    <LabelID>lblHeader1s</LabelID>
    <LabelName>tblcontact_addon1</LabelName>
    <LangID>3</LangID>
    <COUNTRYID>8</COUNTRYID>
    <LANGDISP>fr-FR</LANGDISP>
    <Active>TRUE</Active>
  </PageList>
  <PageList>
    <ID>33</ID>
    <LabelMstID>tblcontact_addon1</LabelMstID>
    <FieldName>NULL</FieldName>
    <LabelID>lblHeader2h</LabelID>
    <LabelName>tblcontact_addon1</LabelName>
    <LangID>2</LangID>
    <COUNTRYID>8</COUNTRYID>
    <LANGDISP>ar-KW</LANGDISP>
    <Active>TRUE</Active>
  </PageList>
</TBLLabelDTL>