<?xml version="1.0" standalone="yes"?>
<TBLLabelDTL>
  <PageList>
    <ID>1</ID>
    <LabelMstID>tblContract_driver</LabelMstID>
    <FieldName>TenentID</FieldName>
    <LabelID>lblTenentID1s</LabelID>
    <LabelName>tblContract_driver</LabelName>
    <LangID>1</LangID>
    <COUNTRYID>8</COUNTRYID>
    <LANGDISP>en-US</LANGDISP>
    <Active>TRUE</Active>
  </PageList>
  <PageList>
    <ID>2</ID>
    <LabelMstID>tblContract_driver</LabelMstID>
    <FieldName>TenentID</FieldName>
    <LabelID>lblTenentID1s</LabelID>
    <LabelName>Tenent nom</LabelName>
    <LangID>3</LangID>
    <COUNTRYID>8</COUNTRYID>
    <LANGDISP>fr-FR</LANGDISP>
    <Active>TRUE</Active>
  </PageList>
  <PageList>
    <ID>3</ID>
    <LabelMstID>tblContract_driver</LabelMstID>
    <FieldName>TenentID</FieldName>
    <LabelID>lblTenentID2h</LabelID>
    <LabelName>اسم تينيت</LabelName>
    <LangID>2</LangID>
    <COUNTRYID>8</COUNTRYID>
    <LANGDISP>ar-KW</LANGDISP>
    <Active>TRUE</Active>
  </PageList>
  <PageList>
    <ID>4</ID>
    <LabelMstID>tblContract_driver</LabelMstID>
    <FieldName>locationid</FieldName>
    <LabelID>lbllocationid1s</LabelID>
    <LabelName>tblContract_driver</LabelName>
    <LangID>1</LangID>
    <COUNTRYID>8</COUNTRYID>
    <LANGDISP>en-US</LANGDISP>
    <Active>TRUE</Active>
  </PageList>
  <PageList>
    <ID>5</ID>
    <LabelMstID>tblContract_driver</LabelMstID>
    <FieldName>locationid</FieldName>
    <LabelID>lbllocationid1s</LabelID>
    <LabelName>LocationID</LabelName>
    <LangID>3</LangID>
    <COUNTRYID>8</COUNTRYID>
    <LANGDISP>fr-FR</LANGDISP>
    <Active>TRUE</Active>
  </PageList>
  <PageList>
    <ID>6</ID>
    <LabelMstID>tblContract_driver</LabelMstID>
    <FieldName>locationid</FieldName>
    <LabelID>lbllocationid2h</LabelID>
    <LabelName>لوكاتيونيد</LabelName>
    <LangID>2</LangID>
    <COUNTRYID>8</COUNTRYID>
    <LANGDISP>ar-KW</LANGDISP>
    <Active>TRUE</Active>
  </PageList>
  <PageList>
    <ID>7</ID>
    <LabelMstID>tblContract_driver</LabelMstID>
    <FieldName>contactId</FieldName>
    <LabelID>lblcontactId1s</LabelID>
    <LabelName>Driver Id</LabelName>
    <LangID>1</LangID>
    <COUNTRYID>8</COUNTRYID>
    <LANGDISP>en-US</LANGDISP>
    <Active>TRUE</Active>
  </PageList>
  <PageList>
    <ID>8</ID>
    <LabelMstID>tblContract_driver</LabelMstID>
    <FieldName>contactId</FieldName>
    <LabelID>lblcontactId1s</LabelID>
    <LabelName>ContactID</LabelName>
    <LangID>3</LangID>
    <COUNTRYID>8</COUNTRYID>
    <LANGDISP>fr-FR</LANGDISP>
    <Active>TRUE</Active>
  </PageList>
  <PageList>
    <ID>9</ID>
    <LabelMstID>tblContract_driver</LabelMstID>
    <FieldName>contactId</FieldName>
    <LabelID>lblcontactId2h</LabelID>
    <LabelName>كونتاكتيد</LabelName>
    <LangID>2</LangID>
    <COUNTRYID>8</COUNTRYID>
    <LANGDISP>ar-KW</LANGDISP>
    <Active>TRUE</Active>
  </PageList>
  <PageList>
    <ID>10</ID>
    <LabelMstID>tblContract_driver</LabelMstID>
    <FieldName>invoiceid</FieldName>
    <LabelID>lblinvoiceid1s</LabelID>
    <LabelName>tblContract_driver</LabelName>
    <LangID>1</LangID>
    <COUNTRYID>8</COUNTRYID>
    <LANGDISP>en-US</LANGDISP>
    <Active>TRUE</Active>
  </PageList>
  <PageList>
    <ID>11</ID>
    <LabelMstID>tblContract_driver</LabelMstID>
    <FieldName>invoiceid</FieldName>
    <LabelID>lblinvoiceid1s</LabelID>
    <LabelName>RéfFacture</LabelName>
    <LangID>3</LangID>
    <COUNTRYID>8</COUNTRYID>
    <LANGDISP>fr-FR</LANGDISP>
    <Active>TRUE</Active>
  </PageList>
  <PageList>
    <ID>12</ID>
    <LabelMstID>tblContract_driver</LabelMstID>
    <FieldName>invoiceid</FieldName>
    <LabelID>lblinvoiceid2h</LabelID>
    <LabelName>إينفويسيد</LabelName>
    <LangID>2</LangID>
    <COUNTRYID>8</COUNTRYID>
    <LANGDISP>ar-KW</LANGDISP>
    <Active>TRUE</Active>
  </PageList>
  <PageList>
    <ID>13</ID>
    <LabelMstID>tblContract_driver</LabelMstID>
    <FieldName>tripDate</FieldName>
    <LabelID>lbltripDate1s</LabelID>
    <LabelName>tblContract_driver</LabelName>
    <LangID>1</LangID>
    <COUNTRYID>8</COUNTRYID>
    <LANGDISP>en-US</LANGDISP>
    <Active>TRUE</Active>
  </PageList>
  <PageList>
    <ID>14</ID>
    <LabelMstID>tblContract_driver</LabelMstID>
    <FieldName>tripDate</FieldName>
    <LabelID>lbltripDate1s</LabelID>
    <LabelName>Tripdate</LabelName>
    <LangID>3</LangID>
    <COUNTRYID>8</COUNTRYID>
    <LANGDISP>fr-FR</LANGDISP>
    <Active>TRUE</Active>
  </PageList>
  <PageList>
    <ID>15</ID>
    <LabelMstID>tblContract_driver</LabelMstID>
    <FieldName>tripDate</FieldName>
    <LabelID>lbltripDate2h</LabelID>
    <LabelName>تريبداتي</LabelName>
    <LangID>2</LangID>
    <COUNTRYID>8</COUNTRYID>
    <LANGDISP>ar-KW</LANGDISP>
    <Active>TRUE</Active>
  </PageList>
  <PageList>
    <ID>16</ID>
    <LabelMstID>tblContract_driver</LabelMstID>
    <FieldName>tripid</FieldName>
    <LabelID>lbltripid1s</LabelID>
    <LabelName>tblContract_driver</LabelName>
    <LangID>1</LangID>
    <COUNTRYID>8</COUNTRYID>
    <LANGDISP>en-US</LANGDISP>
    <Active>TRUE</Active>
  </PageList>
  <PageList>
    <ID>17</ID>
    <LabelMstID>tblContract_driver</LabelMstID>
    <FieldName>tripid</FieldName>
    <LabelID>lbltripid1s</LabelID>
    <LabelName>Tripid</LabelName>
    <LangID>3</LangID>
    <COUNTRYID>8</COUNTRYID>
    <LANGDISP>fr-FR</LANGDISP>
    <Active>TRUE</Active>
  </PageList>
  <PageList>
    <ID>18</ID>
    <LabelMstID>tblContract_driver</LabelMstID>
    <FieldName>tripid</FieldName>
    <LabelID>lbltripid2h</LabelID>
    <LabelName>تريبيد</LabelName>
    <LangID>2</LangID>
    <COUNTRYID>8</COUNTRYID>
    <LANGDISP>ar-KW</LANGDISP>
    <Active>TRUE</Active>
  </PageList>
  <PageList>
    <ID>19</ID>
    <LabelMstID>tblContract_driver</LabelMstID>
    <FieldName>timedelivered</FieldName>
    <LabelID>lbltimedelivered1s</LabelID>
    <LabelName>Delivery Date </LabelName>
    <LangID>1</LangID>
    <COUNTRYID>8</COUNTRYID>
    <LANGDISP>en-US</LANGDISP>
    <Active>TRUE</Active>
  </PageList>
  <PageList>
    <ID>20</ID>
    <LabelMstID>tblContract_driver</LabelMstID>
    <FieldName>timedelivered</FieldName>
    <LabelID>lbltimedelivered1s</LabelID>
    <LabelName>Timedelivered</LabelName>
    <LangID>3</LangID>
    <COUNTRYID>8</COUNTRYID>
    <LANGDISP>fr-FR</LANGDISP>
    <Active>TRUE</Active>
  </PageList>
  <PageList>
    <ID>21</ID>
    <LabelMstID>tblContract_driver</LabelMstID>
    <FieldName>timedelivered</FieldName>
    <LabelID>lbltimedelivered2h</LabelID>
    <LabelName>تيميديليفيريد</LabelName>
    <LangID>2</LangID>
    <COUNTRYID>8</COUNTRYID>
    <LANGDISP>ar-KW</LANGDISP>
    <Active>TRUE</Active>
  </PageList>
  <PageList>
    <ID>22</ID>
    <LabelMstID>tblContract_driver</LabelMstID>
    <FieldName>finalstatus</FieldName>
    <LabelID>lblfinalstatus1s</LabelID>
    <LabelName>tblContract_driver</LabelName>
    <LangID>1</LangID>
    <COUNTRYID>8</COUNTRYID>
    <LANGDISP>en-US</LANGDISP>
    <Active>TRUE</Active>
  </PageList>
  <PageList>
    <ID>23</ID>
    <LabelMstID>tblContract_driver</LabelMstID>
    <FieldName>finalstatus</FieldName>
    <LabelID>lblfinalstatus1s</LabelID>
    <LabelName>FinalStatus</LabelName>
    <LangID>3</LangID>
    <COUNTRYID>8</COUNTRYID>
    <LANGDISP>fr-FR</LANGDISP>
    <Active>TRUE</Active>
  </PageList>
  <PageList>
    <ID>24</ID>
    <LabelMstID>tblContract_driver</LabelMstID>
    <FieldName>finalstatus</FieldName>
    <LabelID>lblfinalstatus2h</LabelID>
    <LabelName>فينالستاتوس</LabelName>
    <LangID>2</LangID>
    <COUNTRYID>8</COUNTRYID>
    <LANGDISP>ar-KW</LANGDISP>
    <Active>TRUE</Active>
  </PageList>
  <PageList>
    <ID>25</ID>
    <LabelMstID>tblContract_driver</LabelMstID>
    <FieldName>differentials</FieldName>
    <LabelID>lbldifferentials1s</LabelID>
    <LabelName>tblContract_driver</LabelName>
    <LangID>1</LangID>
    <COUNTRYID>8</COUNTRYID>
    <LANGDISP>en-US</LANGDISP>
    <Active>TRUE</Active>
  </PageList>
  <PageList>
    <ID>26</ID>
    <LabelMstID>tblContract_driver</LabelMstID>
    <FieldName>differentials</FieldName>
    <LabelID>lbldifferentials1s</LabelID>
    <LabelName>Écarts</LabelName>
    <LangID>3</LangID>
    <COUNTRYID>8</COUNTRYID>
    <LANGDISP>fr-FR</LANGDISP>
    <Active>TRUE</Active>
  </PageList>
  <PageList>
    <ID>27</ID>
    <LabelMstID>tblContract_driver</LabelMstID>
    <FieldName>differentials</FieldName>
    <LabelID>lbldifferentials2h</LabelID>
    <LabelName>الفروق</LabelName>
    <LangID>2</LangID>
    <COUNTRYID>8</COUNTRYID>
    <LANGDISP>ar-KW</LANGDISP>
    <Active>TRUE</Active>
  </PageList>
  <PageList>
    <ID>28</ID>
    <LabelMstID>tblContract_driver</LabelMstID>
    <FieldName>crupid</FieldName>
    <LabelID>lblcrupid1s</LabelID>
    <LabelName>tblContract_driver</LabelName>
    <LangID>1</LangID>
    <COUNTRYID>8</COUNTRYID>
    <LANGDISP>en-US</LANGDISP>
    <Active>TRUE</Active>
  </PageList>
  <PageList>
    <ID>29</ID>
    <LabelMstID>tblContract_driver</LabelMstID>
    <FieldName>crupid</FieldName>
    <LabelID>lblcrupid1s</LabelID>
    <LabelName>Crupid</LabelName>
    <LangID>3</LangID>
    <COUNTRYID>8</COUNTRYID>
    <LANGDISP>fr-FR</LANGDISP>
    <Active>TRUE</Active>
  </PageList>
  <PageList>
    <ID>30</ID>
    <LabelMstID>tblContract_driver</LabelMstID>
    <FieldName>crupid</FieldName>
    <LabelID>lblcrupid2h</LabelID>
    <LabelName>كروبيد</LabelName>
    <LangID>2</LangID>
    <COUNTRYID>8</COUNTRYID>
    <LANGDISP>ar-KW</LANGDISP>
    <Active>TRUE</Active>
  </PageList>
  <PageList>
    <ID>31</ID>
    <LabelMstID>tblContract_driver</LabelMstID>
    <FieldName>active</FieldName>
    <LabelID>lblactive1s</LabelID>
    <LabelName>tblContract_driver</LabelName>
    <LangID>1</LangID>
    <COUNTRYID>8</COUNTRYID>
    <LANGDISP>en-US</LANGDISP>
    <Active>TRUE</Active>
  </PageList>
  <PageList>
    <ID>32</ID>
    <LabelMstID>tblContract_driver</LabelMstID>
    <FieldName>active</FieldName>
    <LabelID>lblactive1s</LabelID>
    <LabelName>Actif</LabelName>
    <LangID>3</LangID>
    <COUNTRYID>8</COUNTRYID>
    <LANGDISP>fr-FR</LANGDISP>
    <Active>TRUE</Active>
  </PageList>
  <PageList>
    <ID>33</ID>
    <LabelMstID>tblContract_driver</LabelMstID>
    <FieldName>active</FieldName>
    <LabelID>lblactive2h</LabelID>
    <LabelName>النشطة</LabelName>
    <LangID>2</LangID>
    <COUNTRYID>8</COUNTRYID>
    <LANGDISP>ar-KW</LANGDISP>
    <Active>TRUE</Active>
  </PageList>
  <PageList>
    <ID>34</ID>
    <LabelMstID>tblContract_driver</LabelMstID>
    <FieldName>NULL</FieldName>
    <LabelID>lblHeader1s</LabelID>
    <LabelName>tblContract_driver</LabelName>
    <LangID>1</LangID>
    <COUNTRYID>8</COUNTRYID>
    <LANGDISP>en-US</LANGDISP>
    <Active>TRUE</Active>
  </PageList>
  <PageList>
    <ID>35</ID>
    <LabelMstID>tblContract_driver</LabelMstID>
    <FieldName>NULL</FieldName>
    <LabelID>lblHeader1s</LabelID>
    <LabelName>tblContract_driver</LabelName>
    <LangID>3</LangID>
    <COUNTRYID>8</COUNTRYID>
    <LANGDISP>fr-FR</LANGDISP>
    <Active>TRUE</Active>
  </PageList>
  <PageList>
    <ID>36</ID>
    <LabelMstID>tblContract_driver</LabelMstID>
    <FieldName>NULL</FieldName>
    <LabelID>lblHeader2h</LabelID>
    <LabelName />
    <LangID>2</LangID>
    <COUNTRYID>8</COUNTRYID>
    <LANGDISP>ar-KW</LANGDISP>
    <Active>TRUE</Active>
  </PageList>
</TBLLabelDTL>