<?xml version="1.0" standalone="yes"?>
<TBLLabelDTL>
  <PageList>
    <ID>1</ID>
    <LabelMstID>TBLCOLOR</LabelMstID>
    <FieldName>TenantID</FieldName>
    <LabelID>lblTenantID1s</LabelID>
    <LabelName>COLOR</LabelName>
    <LangID>1</LangID>
    <COUNTRYID>8</COUNTRYID>
    <LANGDISP>en-US</LANGDISP>
    <Active>TRUE</Active>
  </PageList>
  <PageList>
    <ID>2</ID>
    <LabelMstID>TBLCOLOR</LabelMstID>
    <FieldName>TenantID</FieldName>
    <LabelID>lblTenantID1s</LabelID>
    <LabelName>COLOR</LabelName>
    <LangID>3</LangID>
    <COUNTRYID>8</COUNTRYID>
    <LANGDISP>fr-FR</LANGDISP>
    <Active>TRUE</Active>
  </PageList>
  <PageList>
    <ID>3</ID>
    <LabelMstID>TBLCOLOR</LabelMstID>
    <FieldName>TenantID</FieldName>
    <LabelID>lblTenantID2h</LabelID>
    <LabelName>اسم المستأجر</LabelName>
    <LangID>2</LangID>
    <COUNTRYID>8</COUNTRYID>
    <LANGDISP>ar-KW</LANGDISP>
    <Active>TRUE</Active>
  </PageList>
  <PageList>
    <ID>4</ID>
    <LabelMstID>TBLCOLOR</LabelMstID>
    <FieldName>COLORID</FieldName>
    <LabelID>lblCOLORID1s</LabelID>
    <LabelName>COLOR</LabelName>
    <LangID>1</LangID>
    <COUNTRYID>8</COUNTRYID>
    <LANGDISP>en-US</LANGDISP>
    <Active>TRUE</Active>
  </PageList>
  <PageList>
    <ID>5</ID>
    <LabelMstID>TBLCOLOR</LabelMstID>
    <FieldName>COLORID</FieldName>
    <LabelID>lblCOLORID1s</LabelID>
    <LabelName>COLOR</LabelName>
    <LangID>3</LangID>
    <COUNTRYID>8</COUNTRYID>
    <LANGDISP>fr-FR</LANGDISP>
    <Active>TRUE</Active>
  </PageList>
  <PageList>
    <ID>6</ID>
    <LabelMstID>TBLCOLOR</LabelMstID>
    <FieldName>COLORID</FieldName>
    <LabelID>lblCOLORID2h</LabelID>
    <LabelName>اسم اللون</LabelName>
    <LangID>2</LangID>
    <COUNTRYID>8</COUNTRYID>
    <LANGDISP>ar-KW</LANGDISP>
    <Active>TRUE</Active>
  </PageList>
  <PageList>
    <ID>7</ID>
    <LabelMstID>TBLCOLOR</LabelMstID>
    <FieldName>COLORDESC1</FieldName>
    <LabelID>lblCOLORDESC11s</LabelID>
    <LabelName>Color Name</LabelName>
    <LangID>1</LangID>
    <COUNTRYID>8</COUNTRYID>
    <LANGDISP>en-US</LANGDISP>
    <Active>TRUE</Active>
  </PageList>
  <PageList>
    <ID>8</ID>
    <LabelMstID>TBLCOLOR</LabelMstID>
    <FieldName>COLORDESC1</FieldName>
    <LabelID>lblCOLORDESC11s</LabelID>
    <LabelName>Colordesc1</LabelName>
    <LangID>3</LangID>
    <COUNTRYID>8</COUNTRYID>
    <LANGDISP>fr-FR</LANGDISP>
    <Active>TRUE</Active>
  </PageList>
  <PageList>
    <ID>9</ID>
    <LabelMstID>TBLCOLOR</LabelMstID>
    <FieldName>COLORDESC1</FieldName>
    <LabelID>lblCOLORDESC12h</LabelID>
    <LabelName>Colordesc1</LabelName>
    <LangID>2</LangID>
    <COUNTRYID>8</COUNTRYID>
    <LANGDISP>ar-KW</LANGDISP>
    <Active>TRUE</Active>
  </PageList>
  <PageList>
    <ID>10</ID>
    <LabelMstID>TBLCOLOR</LabelMstID>
    <FieldName>COLORDESC2</FieldName>
    <LabelID>lblCOLORDESC21s</LabelID>
    <LabelName>Color Name2</LabelName>
    <LangID>1</LangID>
    <COUNTRYID>8</COUNTRYID>
    <LANGDISP>en-US</LANGDISP>
    <Active>TRUE</Active>
  </PageList>
  <PageList>
    <ID>11</ID>
    <LabelMstID>TBLCOLOR</LabelMstID>
    <FieldName>COLORDESC2</FieldName>
    <LabelID>lblCOLORDESC21s</LabelID>
    <LabelName>Colordesc2</LabelName>
    <LangID>3</LangID>
    <COUNTRYID>8</COUNTRYID>
    <LANGDISP>fr-FR</LANGDISP>
    <Active>TRUE</Active>
  </PageList>
  <PageList>
    <ID>12</ID>
    <LabelMstID>TBLCOLOR</LabelMstID>
    <FieldName>COLORDESC2</FieldName>
    <LabelID>lblCOLORDESC22h</LabelID>
    <LabelName>Colordesc2</LabelName>
    <LangID>2</LangID>
    <COUNTRYID>8</COUNTRYID>
    <LANGDISP>ar-KW</LANGDISP>
    <Active>TRUE</Active>
  </PageList>
  <PageList>
    <ID>13</ID>
    <LabelMstID>TBLCOLOR</LabelMstID>
    <FieldName>COLORREMARKS</FieldName>
    <LabelID>lblCOLORREMARKS1s</LabelID>
    <LabelName>Color Remarks</LabelName>
    <LangID>1</LangID>
    <COUNTRYID>8</COUNTRYID>
    <LANGDISP>en-US</LANGDISP>
    <Active>TRUE</Active>
  </PageList>
  <PageList>
    <ID>14</ID>
    <LabelMstID>TBLCOLOR</LabelMstID>
    <FieldName>COLORREMARKS</FieldName>
    <LabelID>lblCOLORREMARKS1s</LabelID>
    <LabelName>Colorremarks</LabelName>
    <LangID>3</LangID>
    <COUNTRYID>8</COUNTRYID>
    <LANGDISP>fr-FR</LANGDISP>
    <Active>TRUE</Active>
  </PageList>
  <PageList>
    <ID>15</ID>
    <LabelMstID>TBLCOLOR</LabelMstID>
    <FieldName>COLORREMARKS</FieldName>
    <LabelID>lblCOLORREMARKS2h</LabelID>
    <LabelName>كولوريماركس</LabelName>
    <LangID>2</LangID>
    <COUNTRYID>8</COUNTRYID>
    <LANGDISP>ar-KW</LANGDISP>
    <Active>TRUE</Active>
  </PageList>
  <PageList>
    <ID>16</ID>
    <LabelMstID>TBLCOLOR</LabelMstID>
    <FieldName>hex</FieldName>
    <LabelID>lblhex1s</LabelID>
    <LabelName>hex</LabelName>
    <LangID>1</LangID>
    <COUNTRYID>8</COUNTRYID>
    <LANGDISP>en-US</LANGDISP>
    <Active>TRUE</Active>
  </PageList>
  <PageList>
    <ID>17</ID>
    <LabelMstID>TBLCOLOR</LabelMstID>
    <FieldName>hex</FieldName>
    <LabelID>lblhex1s</LabelID>
    <LabelName>Hex</LabelName>
    <LangID>3</LangID>
    <COUNTRYID>8</COUNTRYID>
    <LANGDISP>fr-FR</LANGDISP>
    <Active>TRUE</Active>
  </PageList>
  <PageList>
    <ID>18</ID>
    <LabelMstID>TBLCOLOR</LabelMstID>
    <FieldName>hex</FieldName>
    <LabelID>lblhex2h</LabelID>
    <LabelName>ست عشري</LabelName>
    <LangID>2</LangID>
    <COUNTRYID>8</COUNTRYID>
    <LANGDISP>ar-KW</LANGDISP>
    <Active>TRUE</Active>
  </PageList>
  <PageList>
    <ID>19</ID>
    <LabelMstID>TBLCOLOR</LabelMstID>
    <FieldName>RGB</FieldName>
    <LabelID>lblRGB1s</LabelID>
    <LabelName>RGB</LabelName>
    <LangID>1</LangID>
    <COUNTRYID>8</COUNTRYID>
    <LANGDISP>en-US</LANGDISP>
    <Active>TRUE</Active>
  </PageList>
  <PageList>
    <ID>20</ID>
    <LabelMstID>TBLCOLOR</LabelMstID>
    <FieldName>RGB</FieldName>
    <LabelID>lblRGB1s</LabelID>
    <LabelName>RGB</LabelName>
    <LangID>3</LangID>
    <COUNTRYID>8</COUNTRYID>
    <LANGDISP>fr-FR</LANGDISP>
    <Active>TRUE</Active>
  </PageList>
  <PageList>
    <ID>21</ID>
    <LabelMstID>TBLCOLOR</LabelMstID>
    <FieldName>RGB</FieldName>
    <LabelID>lblRGB2h</LabelID>
    <LabelName>Rgb</LabelName>
    <LangID>2</LangID>
    <COUNTRYID>8</COUNTRYID>
    <LANGDISP>ar-KW</LANGDISP>
    <Active>TRUE</Active>
  </PageList>
  <PageList>
    <ID>22</ID>
    <LabelMstID>TBLCOLOR</LabelMstID>
    <FieldName>color</FieldName>
    <LabelID>lblcolor1s</LabelID>
    <LabelName>color</LabelName>
    <LangID>1</LangID>
    <COUNTRYID>8</COUNTRYID>
    <LANGDISP>en-US</LANGDISP>
    <Active>TRUE</Active>
  </PageList>
  <PageList>
    <ID>23</ID>
    <LabelMstID>TBLCOLOR</LabelMstID>
    <FieldName>color</FieldName>
    <LabelID>lblcolor1s</LabelID>
    <LabelName>Couleur</LabelName>
    <LangID>3</LangID>
    <COUNTRYID>8</COUNTRYID>
    <LANGDISP>fr-FR</LANGDISP>
    <Active>TRUE</Active>
  </PageList>
  <PageList>
    <ID>24</ID>
    <LabelMstID>TBLCOLOR</LabelMstID>
    <FieldName>color</FieldName>
    <LabelID>lblcolor2h</LabelID>
    <LabelName>لون</LabelName>
    <LangID>2</LangID>
    <COUNTRYID>8</COUNTRYID>
    <LANGDISP>ar-KW</LANGDISP>
    <Active>TRUE</Active>
  </PageList>
  <PageList>
    <ID>25</ID>
    <LabelMstID>TBLCOLOR</LabelMstID>
    <FieldName>CRUP_ID</FieldName>
    <LabelID>lblCRUP_ID1s</LabelID>
    <LabelName>COLOR</LabelName>
    <LangID>1</LangID>
    <COUNTRYID>8</COUNTRYID>
    <LANGDISP>en-US</LANGDISP>
    <Active>TRUE</Active>
  </PageList>
  <PageList>
    <ID>26</ID>
    <LabelMstID>TBLCOLOR</LabelMstID>
    <FieldName>CRUP_ID</FieldName>
    <LabelID>lblCRUP_ID1s</LabelID>
    <LabelName>COLOR</LabelName>
    <LangID>3</LangID>
    <COUNTRYID>8</COUNTRYID>
    <LANGDISP>fr-FR</LANGDISP>
    <Active>TRUE</Active>
  </PageList>
  <PageList>
    <ID>27</ID>
    <LabelMstID>TBLCOLOR</LabelMstID>
    <FieldName>CRUP_ID</FieldName>
    <LabelID>lblCRUP_ID2h</LabelID>
    <LabelName>اسم Crup</LabelName>
    <LangID>2</LangID>
    <COUNTRYID>8</COUNTRYID>
    <LANGDISP>ar-KW</LANGDISP>
    <Active>TRUE</Active>
  </PageList>
  <PageList>
    <ID>28</ID>
    <LabelMstID>TBLCOLOR</LabelMstID>
    <FieldName>Active</FieldName>
    <LabelID>lblActive1s</LabelID>
    <LabelName>Active</LabelName>
    <LangID>1</LangID>
    <COUNTRYID>8</COUNTRYID>
    <LANGDISP>en-US</LANGDISP>
    <Active>TRUE</Active>
  </PageList>
  <PageList>
    <ID>29</ID>
    <LabelMstID>TBLCOLOR</LabelMstID>
    <FieldName>Active</FieldName>
    <LabelID>lblActive1s</LabelID>
    <LabelName>Actif</LabelName>
    <LangID>3</LangID>
    <COUNTRYID>8</COUNTRYID>
    <LANGDISP>fr-FR</LANGDISP>
    <Active>TRUE</Active>
  </PageList>
  <PageList>
    <ID>30</ID>
    <LabelMstID>TBLCOLOR</LabelMstID>
    <FieldName>Active</FieldName>
    <LabelID>lblActive2h</LabelID>
    <LabelName>النشطة</LabelName>
    <LangID>2</LangID>
    <COUNTRYID>8</COUNTRYID>
    <LANGDISP>ar-KW</LANGDISP>
    <Active>TRUE</Active>
  </PageList>
  <PageList>
    <ID>31</ID>
    <LabelMstID>TBLCOLOR</LabelMstID>
    <FieldName>NULL</FieldName>
    <LabelID>lblHeader1s</LabelID>
    <LabelName>COLOR</LabelName>
    <LangID>1</LangID>
    <COUNTRYID>8</COUNTRYID>
    <LANGDISP>en-US</LANGDISP>
    <Active>TRUE</Active>
  </PageList>
  <PageList>
    <ID>32</ID>
    <LabelMstID>TBLCOLOR</LabelMstID>
    <FieldName>NULL</FieldName>
    <LabelID>lblHeader1s</LabelID>
    <LabelName>COLOR</LabelName>
    <LangID>3</LangID>
    <COUNTRYID>8</COUNTRYID>
    <LANGDISP>fr-FR</LANGDISP>
    <Active>TRUE</Active>
  </PageList>
  <PageList>
    <ID>33</ID>
    <LabelMstID>TBLCOLOR</LabelMstID>
    <FieldName>NULL</FieldName>
    <LabelID>lblHeader2h</LabelID>
    <LabelName>تبلكولور</LabelName>
    <LangID>2</LangID>
    <COUNTRYID>8</COUNTRYID>
    <LANGDISP>ar-KW</LANGDISP>
    <Active>TRUE</Active>
  </PageList>
</TBLLabelDTL>