<?xml version="1.0" standalone="yes"?>
<TBLLabelDTL>
  <PageList>
    <ID>1</ID>
    <LabelMstID>TBLCONTACT</LabelMstID>
    <FieldName>TenentID</FieldName>
    <LabelID>lblTenentID1s</LabelID>
    <LabelName>تبلكونتاكت</LabelName>
    <LangID>1</LangID>
    <COUNTRYID>8</COUNTRYID>
    <LANGDISP>en-US</LANGDISP>
    <Active>TRUE</Active>
  </PageList>
  <PageList>
    <ID>2</ID>
    <LabelMstID>TBLCONTACT</LabelMstID>
    <FieldName>TenentID</FieldName>
    <LabelID>lblTenentID1s</LabelID>
    <LabelName>Tenent</LabelName>
    <LangID>3</LangID>
    <COUNTRYID>8</COUNTRYID>
    <LANGDISP>fr-FR</LANGDISP>
    <Active>TRUE</Active>
  </PageList>
  <PageList>
    <ID>3</ID>
    <LabelMstID>TBLCONTACT</LabelMstID>
    <FieldName>TenentID</FieldName>
    <LabelID>lblTenentID2h</LabelID>
    <LabelName>العميل الفاتورة الشاشة</LabelName>
    <LangID>2</LangID>
    <COUNTRYID>8</COUNTRYID>
    <LANGDISP>ar-KW</LANGDISP>
    <Active>TRUE</Active>
  </PageList>
  <PageList>
    <ID>4</ID>
    <LabelMstID>TBLCONTACT</LabelMstID>
    <FieldName>ContactMyID</FieldName>
    <LabelID>lblContactMyID1s</LabelID>
    <LabelName>Contact ID</LabelName>
    <LangID>1</LangID>
    <COUNTRYID>8</COUNTRYID>
    <LANGDISP>en-US</LANGDISP>
    <Active>TRUE</Active>
  </PageList>
  <PageList>
    <ID>5</ID>
    <LabelMstID>TBLCONTACT</LabelMstID>
    <FieldName>ContactMyID</FieldName>
    <LabelID>lblContactMyID1s</LabelID>
    <LabelName>ID ContactMY</LabelName>
    <LangID>3</LangID>
    <COUNTRYID>8</COUNTRYID>
    <LANGDISP>fr-FR</LANGDISP>
    <Active>TRUE</Active>
  </PageList>
  <PageList>
    <ID>6</ID>
    <LabelMstID>TBLCONTACT</LabelMstID>
    <FieldName>ContactMyID</FieldName>
    <LabelID>lblContactMyID2h</LabelID>
    <LabelName>رقــــم العميــل</LabelName>
    <LangID>2</LangID>
    <COUNTRYID>8</COUNTRYID>
    <LANGDISP>ar-KW</LANGDISP>
    <Active>TRUE</Active>
  </PageList>
  <PageList>
    <ID>7</ID>
    <LabelMstID>TBLCONTACT</LabelMstID>
    <FieldName>CONTACTID</FieldName>
    <LabelID>lblCONTACTID1s</LabelID>
    <LabelName>تبلكونتاكت</LabelName>
    <LangID>1</LangID>
    <COUNTRYID>8</COUNTRYID>
    <LANGDISP>en-US</LANGDISP>
    <Active>TRUE</Active>
  </PageList>
  <PageList>
    <ID>8</ID>
    <LabelMstID>TBLCONTACT</LabelMstID>
    <FieldName>CONTACTID</FieldName>
    <LabelID>lblCONTACTID1s</LabelID>
    <LabelName>Contact ID</LabelName>
    <LangID>3</LangID>
    <COUNTRYID>8</COUNTRYID>
    <LANGDISP>fr-FR</LANGDISP>
    <Active>TRUE</Active>
  </PageList>
  <PageList>
    <ID>9</ID>
    <LabelMstID>TBLCONTACT</LabelMstID>
    <FieldName>CONTACTID</FieldName>
    <LabelID>lblCONTACTID2h</LabelID>
    <LabelName>العميل الفاتورة الشاشة</LabelName>
    <LangID>2</LangID>
    <COUNTRYID>8</COUNTRYID>
    <LANGDISP>ar-KW</LANGDISP>
    <Active>TRUE</Active>
  </PageList>
  <PageList>
    <ID>10</ID>
    <LabelMstID>TBLCONTACT</LabelMstID>
    <FieldName>PHYSICALLOCID</FieldName>
    <LabelID>lblPHYSICALLOCID1s</LabelID>
    <LabelName>تبلكونتاكت</LabelName>
    <LangID>1</LangID>
    <COUNTRYID>8</COUNTRYID>
    <LANGDISP>en-US</LANGDISP>
    <Active>TRUE</Active>
  </PageList>
  <PageList>
    <ID>11</ID>
    <LabelMstID>TBLCONTACT</LabelMstID>
    <FieldName>PHYSICALLOCID</FieldName>
    <LabelID>lblPHYSICALLOCID1s</LabelID>
    <LabelName>Physicalloc nom</LabelName>
    <LangID>3</LangID>
    <COUNTRYID>8</COUNTRYID>
    <LANGDISP>fr-FR</LANGDISP>
    <Active>TRUE</Active>
  </PageList>
  <PageList>
    <ID>12</ID>
    <LabelMstID>TBLCONTACT</LabelMstID>
    <FieldName>PHYSICALLOCID</FieldName>
    <LabelID>lblPHYSICALLOCID2h</LabelID>
    <LabelName>العميل الفاتورة الشاشة</LabelName>
    <LangID>2</LangID>
    <COUNTRYID>8</COUNTRYID>
    <LANGDISP>ar-KW</LANGDISP>
    <Active>TRUE</Active>
  </PageList>
  <PageList>
    <ID>13</ID>
    <LabelMstID>TBLCONTACT</LabelMstID>
    <FieldName>PersName1</FieldName>
    <LabelID>lblPersName11s</LabelID>
    <LabelName>Contact Name English</LabelName>
    <LangID>1</LangID>
    <COUNTRYID>8</COUNTRYID>
    <LANGDISP>en-US</LANGDISP>
    <Active>TRUE</Active>
  </PageList>
  <PageList>
    <ID>14</ID>
    <LabelMstID>TBLCONTACT</LabelMstID>
    <FieldName>PersName1</FieldName>
    <LabelID>lblPersName11s</LabelID>
    <LabelName>Personne-ressource</LabelName>
    <LangID>3</LangID>
    <COUNTRYID>8</COUNTRYID>
    <LANGDISP>fr-FR</LANGDISP>
    <Active>TRUE</Active>
  </PageList>
  <PageList>
    <ID>15</ID>
    <LabelMstID>TBLCONTACT</LabelMstID>
    <FieldName>PersName1</FieldName>
    <LabelID>lblPersName12h</LabelID>
    <LabelName>اسم العميل الإنجليزية</LabelName>
    <LangID>2</LangID>
    <COUNTRYID>8</COUNTRYID>
    <LANGDISP>ar-KW</LANGDISP>
    <Active>TRUE</Active>
  </PageList>
  <PageList>
    <ID>16</ID>
    <LabelMstID>TBLCONTACT</LabelMstID>
    <FieldName>PersName2</FieldName>
    <LabelID>lblPersName21s</LabelID>
    <LabelName>Contact Name Arabic</LabelName>
    <LangID>1</LangID>
    <COUNTRYID>8</COUNTRYID>
    <LANGDISP>en-US</LANGDISP>
    <Active>TRUE</Active>
  </PageList>
  <PageList>
    <ID>17</ID>
    <LabelMstID>TBLCONTACT</LabelMstID>
    <FieldName>PersName2</FieldName>
    <LabelID>lblPersName21s</LabelID>
    <LabelName>Nom Lang2</LabelName>
    <LangID>3</LangID>
    <COUNTRYID>8</COUNTRYID>
    <LANGDISP>fr-FR</LANGDISP>
    <Active>TRUE</Active>
  </PageList>
  <PageList>
    <ID>18</ID>
    <LabelMstID>TBLCONTACT</LabelMstID>
    <FieldName>PersName2</FieldName>
    <LabelID>lblPersName22h</LabelID>
    <LabelName>اسم العميل عربي</LabelName>
    <LangID>2</LangID>
    <COUNTRYID>8</COUNTRYID>
    <LANGDISP>ar-KW</LANGDISP>
    <Active>TRUE</Active>
  </PageList>
  <PageList>
    <ID>19</ID>
    <LabelMstID>TBLCONTACT</LabelMstID>
    <FieldName>PersName3</FieldName>
    <LabelID>lblPersName31s</LabelID>
    <LabelName>Contact Name French</LabelName>
    <LangID>1</LangID>
    <COUNTRYID>8</COUNTRYID>
    <LANGDISP>en-US</LANGDISP>
    <Active>TRUE</Active>
  </PageList>
  <PageList>
    <ID>20</ID>
    <LabelMstID>TBLCONTACT</LabelMstID>
    <FieldName>PersName3</FieldName>
    <LabelID>lblPersName31s</LabelID>
    <LabelName>Nom Lang3</LabelName>
    <LangID>3</LangID>
    <COUNTRYID>8</COUNTRYID>
    <LANGDISP>fr-FR</LANGDISP>
    <Active>TRUE</Active>
  </PageList>
  <PageList>
    <ID>21</ID>
    <LabelMstID>TBLCONTACT</LabelMstID>
    <FieldName>PersName3</FieldName>
    <LabelID>lblPersName32h</LabelID>
    <LabelName>اسم العميل فرنسي</LabelName>
    <LangID>2</LangID>
    <COUNTRYID>8</COUNTRYID>
    <LANGDISP>ar-KW</LANGDISP>
    <Active>TRUE</Active>
  </PageList>
  <PageList>
    <ID>22</ID>
    <LabelMstID>TBLCONTACT</LabelMstID>
    <FieldName>BirthDate</FieldName>
    <LabelID>lblBirthDate1s</LabelID>
    <LabelName>Birth Date</LabelName>
    <LangID>1</LangID>
    <COUNTRYID>8</COUNTRYID>
    <LANGDISP>en-US</LANGDISP>
    <Active>TRUE</Active>
  </PageList>
  <PageList>
    <ID>23</ID>
    <LabelMstID>TBLCONTACT</LabelMstID>
    <FieldName>BirthDate</FieldName>
    <LabelID>lblBirthDate1s</LabelID>
    <LabelName>Date de naissance</LabelName>
    <LangID>3</LangID>
    <COUNTRYID>8</COUNTRYID>
    <LANGDISP>fr-FR</LANGDISP>
    <Active>TRUE</Active>
  </PageList>
  <PageList>
    <ID>24</ID>
    <LabelMstID>TBLCONTACT</LabelMstID>
    <FieldName>BirthDate</FieldName>
    <LabelID>lblBirthDate2h</LabelID>
    <LabelName>تاريخ الميــــلاد</LabelName>
    <LangID>2</LangID>
    <COUNTRYID>8</COUNTRYID>
    <LANGDISP>ar-KW</LANGDISP>
    <Active>TRUE</Active>
  </PageList>
  <PageList>
    <ID>25</ID>
    <LabelMstID>TBLCONTACT</LabelMstID>
    <FieldName>CivilID</FieldName>
    <LabelID>lblCivilID1s</LabelID>
    <LabelName>Civil ID</LabelName>
    <LangID>1</LangID>
    <COUNTRYID>8</COUNTRYID>
    <LANGDISP>en-US</LANGDISP>
    <Active>TRUE</Active>
  </PageList>
  <PageList>
    <ID>26</ID>
    <LabelMstID>TBLCONTACT</LabelMstID>
    <FieldName>CivilID</FieldName>
    <LabelID>lblCivilID1s</LabelID>
    <LabelName>Nom civil</LabelName>
    <LangID>3</LangID>
    <COUNTRYID>8</COUNTRYID>
    <LANGDISP>fr-FR</LANGDISP>
    <Active>TRUE</Active>
  </PageList>
  <PageList>
    <ID>27</ID>
    <LabelMstID>TBLCONTACT</LabelMstID>
    <FieldName>CivilID</FieldName>
    <LabelID>lblCivilID2h</LabelID>
    <LabelName>رقــــم المدنـــــي</LabelName>
    <LangID>2</LangID>
    <COUNTRYID>8</COUNTRYID>
    <LANGDISP>ar-KW</LANGDISP>
    <Active>TRUE</Active>
  </PageList>
  <PageList>
    <ID>28</ID>
    <LabelMstID>TBLCONTACT</LabelMstID>
    <FieldName>EMAIL1</FieldName>
    <LabelID>lblEMAIL11s</LabelID>
    <LabelName>Email</LabelName>
    <LangID>1</LangID>
    <COUNTRYID>8</COUNTRYID>
    <LANGDISP>en-US</LANGDISP>
    <Active>TRUE</Active>
  </PageList>
  <PageList>
    <ID>29</ID>
    <LabelMstID>TBLCONTACT</LabelMstID>
    <FieldName>EMAIL1</FieldName>
    <LabelID>lblEMAIL11s</LabelID>
    <LabelName>Messagerie</LabelName>
    <LangID>3</LangID>
    <COUNTRYID>8</COUNTRYID>
    <LANGDISP>fr-FR</LANGDISP>
    <Active>TRUE</Active>
  </PageList>
  <PageList>
    <ID>30</ID>
    <LabelMstID>TBLCONTACT</LabelMstID>
    <FieldName>EMAIL1</FieldName>
    <LabelID>lblEMAIL12h</LabelID>
    <LabelName>البريد الإلكتروني</LabelName>
    <LangID>2</LangID>
    <COUNTRYID>8</COUNTRYID>
    <LANGDISP>ar-KW</LANGDISP>
    <Active>TRUE</Active>
  </PageList>
  <PageList>
    <ID>31</ID>
    <LabelMstID>TBLCONTACT</LabelMstID>
    <FieldName>MOBPHONE</FieldName>
    <LabelID>lblMOBPHONE1s</LabelID>
    <LabelName>Mobile No</LabelName>
    <LangID>1</LangID>
    <COUNTRYID>8</COUNTRYID>
    <LANGDISP>en-US</LANGDISP>
    <Active>TRUE</Active>
  </PageList>
  <PageList>
    <ID>32</ID>
    <LabelMstID>TBLCONTACT</LabelMstID>
    <FieldName>MOBPHONE</FieldName>
    <LabelID>lblMOBPHONE1s</LabelID>
    <LabelName>N° de mobile</LabelName>
    <LangID>3</LangID>
    <COUNTRYID>8</COUNTRYID>
    <LANGDISP>fr-FR</LANGDISP>
    <Active>TRUE</Active>
  </PageList>
  <PageList>
    <ID>33</ID>
    <LabelMstID>TBLCONTACT</LabelMstID>
    <FieldName>MOBPHONE</FieldName>
    <LabelID>lblMOBPHONE2h</LabelID>
    <LabelName>رقـــم الجـــوال</LabelName>
    <LangID>2</LangID>
    <COUNTRYID>8</COUNTRYID>
    <LANGDISP>ar-KW</LANGDISP>
    <Active>TRUE</Active>
  </PageList>
  <PageList>
    <ID>34</ID>
    <LabelMstID>TBLCONTACT</LabelMstID>
    <FieldName>ITMANAGER</FieldName>
    <LabelID>lblITMANAGER1s</LabelID>
    <LabelName>Motive to Join GYM</LabelName>
    <LangID>1</LangID>
    <COUNTRYID>8</COUNTRYID>
    <LANGDISP>en-US</LANGDISP>
    <Active>TRUE</Active>
  </PageList>
  <PageList>
    <ID>35</ID>
    <LabelMstID>TBLCONTACT</LabelMstID>
    <FieldName>ITMANAGER</FieldName>
    <LabelID>lblITMANAGER1s</LabelID>
    <LabelName>Gestionnaire</LabelName>
    <LangID>3</LangID>
    <COUNTRYID>8</COUNTRYID>
    <LANGDISP>fr-FR</LANGDISP>
    <Active>TRUE</Active>
  </PageList>
  <PageList>
    <ID>36</ID>
    <LabelMstID>TBLCONTACT</LabelMstID>
    <FieldName>ITMANAGER</FieldName>
    <LabelID>lblITMANAGER2h</LabelID>
    <LabelName>سبب الانضمام رياضة</LabelName>
    <LangID>2</LangID>
    <COUNTRYID>8</COUNTRYID>
    <LANGDISP>ar-KW</LANGDISP>
    <Active>TRUE</Active>
  </PageList>
  <PageList>
    <ID>37</ID>
    <LabelMstID>TBLCONTACT</LabelMstID>
    <FieldName>ADDR1</FieldName>
    <LabelID>lblADDR11s</LabelID>
    <LabelName>Full Address</LabelName>
    <LangID>1</LangID>
    <COUNTRYID>8</COUNTRYID>
    <LANGDISP>en-US</LANGDISP>
    <Active>TRUE</Active>
  </PageList>
  <PageList>
    <ID>38</ID>
    <LabelMstID>TBLCONTACT</LabelMstID>
    <FieldName>ADDR1</FieldName>
    <LabelID>lblADDR11s</LabelID>
    <LabelName>Portent sur un</LabelName>
    <LangID>3</LangID>
    <COUNTRYID>8</COUNTRYID>
    <LANGDISP>fr-FR</LANGDISP>
    <Active>TRUE</Active>
  </PageList>
  <PageList>
    <ID>39</ID>
    <LabelMstID>TBLCONTACT</LabelMstID>
    <FieldName>ADDR1</FieldName>
    <LabelID>lblADDR12h</LabelID>
    <LabelName>عنـــــوان واحـــد</LabelName>
    <LangID>2</LangID>
    <COUNTRYID>8</COUNTRYID>
    <LANGDISP>ar-KW</LANGDISP>
    <Active>TRUE</Active>
  </PageList>
  <PageList>
    <ID>40</ID>
    <LabelMstID>TBLCONTACT</LabelMstID>
    <FieldName>ADDR2</FieldName>
    <LabelID>lblADDR21s</LabelID>
    <LabelName>تبلكونتاكت</LabelName>
    <LangID>1</LangID>
    <COUNTRYID>8</COUNTRYID>
    <LANGDISP>en-US</LANGDISP>
    <Active>TRUE</Active>
  </PageList>
  <PageList>
    <ID>41</ID>
    <LabelMstID>TBLCONTACT</LabelMstID>
    <FieldName>ADDR2</FieldName>
    <LabelID>lblADDR21s</LabelID>
    <LabelName>Adresse deux</LabelName>
    <LangID>3</LangID>
    <COUNTRYID>8</COUNTRYID>
    <LANGDISP>fr-FR</LANGDISP>
    <Active>TRUE</Active>
  </PageList>
  <PageList>
    <ID>42</ID>
    <LabelMstID>TBLCONTACT</LabelMstID>
    <FieldName>ADDR2</FieldName>
    <LabelID>lblADDR22h</LabelID>
    <LabelName>العميل الفاتورة الشاشة</LabelName>
    <LangID>2</LangID>
    <COUNTRYID>8</COUNTRYID>
    <LANGDISP>ar-KW</LANGDISP>
    <Active>TRUE</Active>
  </PageList>
  <PageList>
    <ID>43</ID>
    <LabelMstID>TBLCONTACT</LabelMstID>
    <FieldName>CITY</FieldName>
    <LabelID>lblCITY1s</LabelID>
    <LabelName>تبلكونتاكت</LabelName>
    <LangID>1</LangID>
    <COUNTRYID>8</COUNTRYID>
    <LANGDISP>en-US</LANGDISP>
    <Active>TRUE</Active>
  </PageList>
  <PageList>
    <ID>44</ID>
    <LabelMstID>TBLCONTACT</LabelMstID>
    <FieldName>CITY</FieldName>
    <LabelID>lblCITY1s</LabelID>
    <LabelName>Ville</LabelName>
    <LangID>3</LangID>
    <COUNTRYID>8</COUNTRYID>
    <LANGDISP>fr-FR</LANGDISP>
    <Active>TRUE</Active>
  </PageList>
  <PageList>
    <ID>45</ID>
    <LabelMstID>TBLCONTACT</LabelMstID>
    <FieldName>CITY</FieldName>
    <LabelID>lblCITY2h</LabelID>
    <LabelName>العميل الفاتورة الشاشة</LabelName>
    <LangID>2</LangID>
    <COUNTRYID>8</COUNTRYID>
    <LANGDISP>ar-KW</LANGDISP>
    <Active>TRUE</Active>
  </PageList>
  <PageList>
    <ID>46</ID>
    <LabelMstID>TBLCONTACT</LabelMstID>
    <FieldName>STATE</FieldName>
    <LabelID>lblSTATE1s</LabelID>
    <LabelName>تبلكونتاكت</LabelName>
    <LangID>1</LangID>
    <COUNTRYID>8</COUNTRYID>
    <LANGDISP>en-US</LANGDISP>
    <Active>TRUE</Active>
  </PageList>
  <PageList>
    <ID>47</ID>
    <LabelMstID>TBLCONTACT</LabelMstID>
    <FieldName>STATE</FieldName>
    <LabelID>lblSTATE1s</LabelID>
    <LabelName>État</LabelName>
    <LangID>3</LangID>
    <COUNTRYID>8</COUNTRYID>
    <LANGDISP>fr-FR</LANGDISP>
    <Active>TRUE</Active>
  </PageList>
  <PageList>
    <ID>48</ID>
    <LabelMstID>TBLCONTACT</LabelMstID>
    <FieldName>STATE</FieldName>
    <LabelID>lblSTATE2h</LabelID>
    <LabelName>العميل الفاتورة الشاشة</LabelName>
    <LangID>2</LangID>
    <COUNTRYID>8</COUNTRYID>
    <LANGDISP>ar-KW</LANGDISP>
    <Active>TRUE</Active>
  </PageList>
  <PageList>
    <ID>49</ID>
    <LabelMstID>TBLCONTACT</LabelMstID>
    <FieldName>POSTALCODE</FieldName>
    <LabelID>lblPOSTALCODE1s</LabelID>
    <LabelName>تبلكونتاكت</LabelName>
    <LangID>1</LangID>
    <COUNTRYID>8</COUNTRYID>
    <LANGDISP>en-US</LANGDISP>
    <Active>TRUE</Active>
  </PageList>
  <PageList>
    <ID>50</ID>
    <LabelMstID>TBLCONTACT</LabelMstID>
    <FieldName>POSTALCODE</FieldName>
    <LabelID>lblPOSTALCODE1s</LabelID>
    <LabelName>Code postal</LabelName>
    <LangID>3</LangID>
    <COUNTRYID>8</COUNTRYID>
    <LANGDISP>fr-FR</LANGDISP>
    <Active>TRUE</Active>
  </PageList>
  <PageList>
    <ID>51</ID>
    <LabelMstID>TBLCONTACT</LabelMstID>
    <FieldName>POSTALCODE</FieldName>
    <LabelID>lblPOSTALCODE2h</LabelID>
    <LabelName>العميل الفاتورة الشاشة</LabelName>
    <LangID>2</LangID>
    <COUNTRYID>8</COUNTRYID>
    <LANGDISP>ar-KW</LANGDISP>
    <Active>TRUE</Active>
  </PageList>
  <PageList>
    <ID>52</ID>
    <LabelMstID>TBLCONTACT</LabelMstID>
    <FieldName>ZIPCODE</FieldName>
    <LabelID>lblZIPCODE1s</LabelID>
    <LabelName>تبلكونتاكت</LabelName>
    <LangID>1</LangID>
    <COUNTRYID>8</COUNTRYID>
    <LANGDISP>en-US</LANGDISP>
    <Active>TRUE</Active>
  </PageList>
  <PageList>
    <ID>53</ID>
    <LabelMstID>TBLCONTACT</LabelMstID>
    <FieldName>ZIPCODE</FieldName>
    <LabelID>lblZIPCODE1s</LabelID>
    <LabelName>Code postal</LabelName>
    <LangID>3</LangID>
    <COUNTRYID>8</COUNTRYID>
    <LANGDISP>fr-FR</LANGDISP>
    <Active>TRUE</Active>
  </PageList>
  <PageList>
    <ID>54</ID>
    <LabelMstID>TBLCONTACT</LabelMstID>
    <FieldName>ZIPCODE</FieldName>
    <LabelID>lblZIPCODE2h</LabelID>
    <LabelName>العميل الفاتورة الشاشة</LabelName>
    <LangID>2</LangID>
    <COUNTRYID>8</COUNTRYID>
    <LANGDISP>ar-KW</LANGDISP>
    <Active>TRUE</Active>
  </PageList>
  <PageList>
    <ID>55</ID>
    <LabelMstID>TBLCONTACT</LabelMstID>
    <FieldName>MYCONLOCID</FieldName>
    <LabelID>lblMYCONLOCID1s</LabelID>
    <LabelName>تبلكونتاكت</LabelName>
    <LangID>1</LangID>
    <COUNTRYID>8</COUNTRYID>
    <LANGDISP>en-US</LANGDISP>
    <Active>TRUE</Active>
  </PageList>
  <PageList>
    <ID>56</ID>
    <LabelMstID>TBLCONTACT</LabelMstID>
    <FieldName>MYCONLOCID</FieldName>
    <LabelID>lblMYCONLOCID1s</LabelID>
    <LabelName>Myconloc nom</LabelName>
    <LangID>3</LangID>
    <COUNTRYID>8</COUNTRYID>
    <LANGDISP>fr-FR</LANGDISP>
    <Active>TRUE</Active>
  </PageList>
  <PageList>
    <ID>57</ID>
    <LabelMstID>TBLCONTACT</LabelMstID>
    <FieldName>MYCONLOCID</FieldName>
    <LabelID>lblMYCONLOCID2h</LabelID>
    <LabelName>العميل الفاتورة الشاشة</LabelName>
    <LangID>2</LangID>
    <COUNTRYID>8</COUNTRYID>
    <LANGDISP>ar-KW</LANGDISP>
    <Active>TRUE</Active>
  </PageList>
  <PageList>
    <ID>58</ID>
    <LabelMstID>TBLCONTACT</LabelMstID>
    <FieldName>COUNTRYID</FieldName>
    <LabelID>lblCOUNTRYID1s</LabelID>
    <LabelName>Nationality</LabelName>
    <LangID>1</LangID>
    <COUNTRYID>8</COUNTRYID>
    <LANGDISP>en-US</LANGDISP>
    <Active>TRUE</Active>
  </PageList>
  <PageList>
    <ID>59</ID>
    <LabelMstID>TBLCONTACT</LabelMstID>
    <FieldName>COUNTRYID</FieldName>
    <LabelID>lblCOUNTRYID1s</LabelID>
    <LabelName>Nom du pays</LabelName>
    <LangID>3</LangID>
    <COUNTRYID>8</COUNTRYID>
    <LANGDISP>fr-FR</LANGDISP>
    <Active>TRUE</Active>
  </PageList>
  <PageList>
    <ID>60</ID>
    <LabelMstID>TBLCONTACT</LabelMstID>
    <FieldName>COUNTRYID</FieldName>
    <LabelID>lblCOUNTRYID2h</LabelID>
    <LabelName>جـنســــــيـــــــة</LabelName>
    <LangID>2</LangID>
    <COUNTRYID>8</COUNTRYID>
    <LANGDISP>ar-KW</LANGDISP>
    <Active>TRUE</Active>
  </PageList>
  <PageList>
    <ID>61</ID>
    <LabelMstID>TBLCONTACT</LabelMstID>
    <FieldName>BUSPHONE1</FieldName>
    <LabelID>lblBUSPHONE11s</LabelID>
    <LabelName>تبلكونتاكت</LabelName>
    <LangID>1</LangID>
    <COUNTRYID>8</COUNTRYID>
    <LANGDISP>en-US</LANGDISP>
    <Active>TRUE</Active>
  </PageList>
  <PageList>
    <ID>62</ID>
    <LabelMstID>TBLCONTACT</LabelMstID>
    <FieldName>BUSPHONE1</FieldName>
    <LabelID>lblBUSPHONE11s</LabelID>
    <LabelName>Téléphone de l’autobus </LabelName>
    <LangID>3</LangID>
    <COUNTRYID>8</COUNTRYID>
    <LANGDISP>fr-FR</LANGDISP>
    <Active>TRUE</Active>
  </PageList>
  <PageList>
    <ID>63</ID>
    <LabelMstID>TBLCONTACT</LabelMstID>
    <FieldName>BUSPHONE1</FieldName>
    <LabelID>lblBUSPHONE12h</LabelID>
    <LabelName>العميل الفاتورة الشاشة</LabelName>
    <LangID>2</LangID>
    <COUNTRYID>8</COUNTRYID>
    <LANGDISP>ar-KW</LANGDISP>
    <Active>TRUE</Active>
  </PageList>
  <PageList>
    <ID>64</ID>
    <LabelMstID>TBLCONTACT</LabelMstID>
    <FieldName>Active</FieldName>
    <LabelID>lblActive1s</LabelID>
    <LabelName>Customer ID</LabelName>
    <LangID>1</LangID>
    <COUNTRYID>8</COUNTRYID>
    <LANGDISP>en-US</LANGDISP>
    <Active>TRUE</Active>
  </PageList>
  <PageList>
    <ID>65</ID>
    <LabelMstID>TBLCONTACT</LabelMstID>
    <FieldName>Active</FieldName>
    <LabelID>lblActive1s</LabelID>
    <LabelName>Actif</LabelName>
    <LangID>3</LangID>
    <COUNTRYID>8</COUNTRYID>
    <LANGDISP>fr-FR</LANGDISP>
    <Active>TRUE</Active>
  </PageList>
  <PageList>
    <ID>66</ID>
    <LabelMstID>TBLCONTACT</LabelMstID>
    <FieldName>Active</FieldName>
    <LabelID>lblActive2h</LabelID>
    <LabelName>رقم العميل</LabelName>
    <LangID>2</LangID>
    <COUNTRYID>8</COUNTRYID>
    <LANGDISP>ar-KW</LANGDISP>
    <Active>TRUE</Active>
  </PageList>
  <PageList>
    <ID>67</ID>
    <LabelMstID>TBLCONTACT</LabelMstID>
    <FieldName>REMARKS</FieldName>
    <LabelID>lblREMARKS1s</LabelID>
    <LabelName>Package</LabelName>
    <LangID>1</LangID>
    <COUNTRYID>8</COUNTRYID>
    <LANGDISP>en-US</LANGDISP>
    <Active>TRUE</Active>
  </PageList>
  <PageList>
    <ID>68</ID>
    <LabelMstID>TBLCONTACT</LabelMstID>
    <FieldName>REMARKS</FieldName>
    <LabelID>lblREMARKS1s</LabelID>
    <LabelName>Remarques</LabelName>
    <LangID>3</LangID>
    <COUNTRYID>8</COUNTRYID>
    <LANGDISP>fr-FR</LANGDISP>
    <Active>TRUE</Active>
  </PageList>
  <PageList>
    <ID>69</ID>
    <LabelMstID>TBLCONTACT</LabelMstID>
    <FieldName>REMARKS</FieldName>
    <LabelID>lblREMARKS2h</LabelID>
    <LabelName>العرض المختار</LabelName>
    <LangID>2</LangID>
    <COUNTRYID>8</COUNTRYID>
    <LANGDISP>ar-KW</LANGDISP>
    <Active>TRUE</Active>
  </PageList>
  <PageList>
    <ID>70</ID>
    <LabelMstID>TBLCONTACT</LabelMstID>
    <FieldName>CRUP_ID</FieldName>
    <LabelID>lblCRUP_ID1s</LabelID>
    <LabelName>Start Date</LabelName>
    <LangID>1</LangID>
    <COUNTRYID>8</COUNTRYID>
    <LANGDISP>en-US</LANGDISP>
    <Active>TRUE</Active>
  </PageList>
  <PageList>
    <ID>71</ID>
    <LabelMstID>TBLCONTACT</LabelMstID>
    <FieldName>CRUP_ID</FieldName>
    <LabelID>lblCRUP_ID1s</LabelID>
    <LabelName>Crup nom</LabelName>
    <LangID>3</LangID>
    <COUNTRYID>8</COUNTRYID>
    <LANGDISP>fr-FR</LANGDISP>
    <Active>TRUE</Active>
  </PageList>
  <PageList>
    <ID>72</ID>
    <LabelMstID>TBLCONTACT</LabelMstID>
    <FieldName>CRUP_ID</FieldName>
    <LabelID>lblCRUP_ID2h</LabelID>
    <LabelName>تاريخ البدء</LabelName>
    <LangID>2</LangID>
    <COUNTRYID>8</COUNTRYID>
    <LANGDISP>ar-KW</LANGDISP>
    <Active>TRUE</Active>
  </PageList>
  <PageList>
    <ID>73</ID>
    <LabelMstID>TBLCONTACT</LabelMstID>
    <FieldName>COMPANYID</FieldName>
    <LabelID>lblCOMPANYID1s</LabelID>
    <LabelName>End Date</LabelName>
    <LangID>1</LangID>
    <COUNTRYID>8</COUNTRYID>
    <LANGDISP>en-US</LANGDISP>
    <Active>TRUE</Active>
  </PageList>
  <PageList>
    <ID>74</ID>
    <LabelMstID>TBLCONTACT</LabelMstID>
    <FieldName>COMPANYID</FieldName>
    <LabelID>lblCOMPANYID1s</LabelID>
    <LabelName>Nom de l’entreprise</LabelName>
    <LangID>3</LangID>
    <COUNTRYID>8</COUNTRYID>
    <LANGDISP>fr-FR</LANGDISP>
    <Active>TRUE</Active>
  </PageList>
  <PageList>
    <ID>75</ID>
    <LabelMstID>TBLCONTACT</LabelMstID>
    <FieldName>COMPANYID</FieldName>
    <LabelID>lblCOMPANYID2h</LabelID>
    <LabelName>تاريخ الانتهاء</LabelName>
    <LangID>2</LangID>
    <COUNTRYID>8</COUNTRYID>
    <LANGDISP>ar-KW</LANGDISP>
    <Active>TRUE</Active>
  </PageList>
  <PageList>
    <ID>76</ID>
    <LabelMstID>TBLCONTACT</LabelMstID>
    <FieldName>MYCATSUBID</FieldName>
    <LabelID>lblMYCATSUBID1s</LabelID>
    <LabelName>Status</LabelName>
    <LangID>1</LangID>
    <COUNTRYID>8</COUNTRYID>
    <LANGDISP>en-US</LANGDISP>
    <Active>TRUE</Active>
  </PageList>
  <PageList>
    <ID>77</ID>
    <LabelMstID>TBLCONTACT</LabelMstID>
    <FieldName>MYCATSUBID</FieldName>
    <LabelID>lblMYCATSUBID1s</LabelID>
    <LabelName>Mycatsub nom</LabelName>
    <LangID>3</LangID>
    <COUNTRYID>8</COUNTRYID>
    <LANGDISP>fr-FR</LANGDISP>
    <Active>TRUE</Active>
  </PageList>
  <PageList>
    <ID>78</ID>
    <LabelMstID>TBLCONTACT</LabelMstID>
    <FieldName>MYCATSUBID</FieldName>
    <LabelID>lblMYCATSUBID2h</LabelID>
    <LabelName>الحالة</LabelName>
    <LangID>2</LangID>
    <COUNTRYID>8</COUNTRYID>
    <LANGDISP>ar-KW</LANGDISP>
    <Active>TRUE</Active>
  </PageList>
  <PageList>
    <ID>79</ID>
    <LabelMstID>TBLCONTACT</LabelMstID>
    <FieldName>MYPRODID</FieldName>
    <LabelID>lblMYPRODID1s</LabelID>
    <LabelName>Date</LabelName>
    <LangID>1</LangID>
    <COUNTRYID>8</COUNTRYID>
    <LANGDISP>en-US</LANGDISP>
    <Active>TRUE</Active>
  </PageList>
  <PageList>
    <ID>80</ID>
    <LabelMstID>TBLCONTACT</LabelMstID>
    <FieldName>MYPRODID</FieldName>
    <LabelID>lblMYPRODID1s</LabelID>
    <LabelName>Myprod nom</LabelName>
    <LangID>3</LangID>
    <COUNTRYID>8</COUNTRYID>
    <LANGDISP>fr-FR</LANGDISP>
    <Active>TRUE</Active>
  </PageList>
  <PageList>
    <ID>81</ID>
    <LabelMstID>TBLCONTACT</LabelMstID>
    <FieldName>MYPRODID</FieldName>
    <LabelID>lblMYPRODID2h</LabelID>
    <LabelName>تاريخ المعاملة</LabelName>
    <LangID>2</LangID>
    <COUNTRYID>8</COUNTRYID>
    <LANGDISP>ar-KW</LANGDISP>
    <Active>TRUE</Active>
  </PageList>
  <PageList>
    <ID>82</ID>
    <LabelMstID>TBLCONTACT</LabelMstID>
    <FieldName>DESERIAL</FieldName>
    <LabelID>lblDESERIAL1s</LabelID>
    <LabelName>Incoming</LabelName>
    <LangID>1</LangID>
    <COUNTRYID>8</COUNTRYID>
    <LANGDISP>en-US</LANGDISP>
    <Active>TRUE</Active>
  </PageList>
  <PageList>
    <ID>83</ID>
    <LabelMstID>TBLCONTACT</LabelMstID>
    <FieldName>DESERIAL</FieldName>
    <LabelID>lblDESERIAL1s</LabelID>
    <LabelName>Deserial</LabelName>
    <LangID>3</LangID>
    <COUNTRYID>8</COUNTRYID>
    <LANGDISP>fr-FR</LANGDISP>
    <Active>TRUE</Active>
  </PageList>
  <PageList>
    <ID>84</ID>
    <LabelMstID>TBLCONTACT</LabelMstID>
    <FieldName>DESERIAL</FieldName>
    <LabelID>lblDESERIAL2h</LabelID>
    <LabelName>مدخل</LabelName>
    <LangID>2</LangID>
    <COUNTRYID>8</COUNTRYID>
    <LANGDISP>ar-KW</LANGDISP>
    <Active>TRUE</Active>
  </PageList>
  <PageList>
    <ID>85</ID>
    <LabelMstID>TBLCONTACT</LabelMstID>
    <FieldName>CATID</FieldName>
    <LabelID>lblCATID1s</LabelID>
    <LabelName>Outgoing</LabelName>
    <LangID>1</LangID>
    <COUNTRYID>8</COUNTRYID>
    <LANGDISP>en-US</LANGDISP>
    <Active>TRUE</Active>
  </PageList>
  <PageList>
    <ID>86</ID>
    <LabelMstID>TBLCONTACT</LabelMstID>
    <FieldName>CATID</FieldName>
    <LabelID>lblCATID1s</LabelID>
    <LabelName>Nom de chat</LabelName>
    <LangID>3</LangID>
    <COUNTRYID>8</COUNTRYID>
    <LANGDISP>fr-FR</LANGDISP>
    <Active>TRUE</Active>
  </PageList>
  <PageList>
    <ID>87</ID>
    <LabelMstID>TBLCONTACT</LabelMstID>
    <FieldName>CATID</FieldName>
    <LabelID>lblCATID2h</LabelID>
    <LabelName>ىخرج</LabelName>
    <LangID>2</LangID>
    <COUNTRYID>8</COUNTRYID>
    <LANGDISP>ar-KW</LANGDISP>
    <Active>TRUE</Active>
  </PageList>
  <PageList>
    <ID>88</ID>
    <LabelMstID>TBLCONTACT</LabelMstID>
    <FieldName>CATTYPE</FieldName>
    <LabelID>lblCATTYPE1s</LabelID>
    <LabelName>Total Hours</LabelName>
    <LangID>1</LangID>
    <COUNTRYID>8</COUNTRYID>
    <LANGDISP>en-US</LANGDISP>
    <Active>TRUE</Active>
  </PageList>
  <PageList>
    <ID>89</ID>
    <LabelMstID>TBLCONTACT</LabelMstID>
    <FieldName>CATTYPE</FieldName>
    <LabelID>lblCATTYPE1s</LabelID>
    <LabelName>Cattype</LabelName>
    <LangID>3</LangID>
    <COUNTRYID>8</COUNTRYID>
    <LANGDISP>fr-FR</LANGDISP>
    <Active>TRUE</Active>
  </PageList>
  <PageList>
    <ID>90</ID>
    <LabelMstID>TBLCONTACT</LabelMstID>
    <FieldName>CATTYPE</FieldName>
    <LabelID>lblCATTYPE2h</LabelID>
    <LabelName>ساعات اقضي</LabelName>
    <LangID>2</LangID>
    <COUNTRYID>8</COUNTRYID>
    <LANGDISP>ar-KW</LANGDISP>
    <Active>TRUE</Active>
  </PageList>
  <PageList>
    <ID>91</ID>
    <LabelMstID>TBLCONTACT</LabelMstID>
    <FieldName>SUBCATTYPE</FieldName>
    <LabelID>lblSUBCATTYPE1s</LabelID>
    <LabelName>Contact Name</LabelName>
    <LangID>1</LangID>
    <COUNTRYID>8</COUNTRYID>
    <LANGDISP>en-US</LANGDISP>
    <Active>TRUE</Active>
  </PageList>
  <PageList>
    <ID>92</ID>
    <LabelMstID>TBLCONTACT</LabelMstID>
    <FieldName>SUBCATTYPE</FieldName>
    <LabelID>lblSUBCATTYPE1s</LabelID>
    <LabelName>Subcattype</LabelName>
    <LangID>3</LangID>
    <COUNTRYID>8</COUNTRYID>
    <LANGDISP>fr-FR</LANGDISP>
    <Active>TRUE</Active>
  </PageList>
  <PageList>
    <ID>93</ID>
    <LabelMstID>TBLCONTACT</LabelMstID>
    <FieldName>SUBCATTYPE</FieldName>
    <LabelID>lblSUBCATTYPE2h</LabelID>
    <LabelName>اسم جهة الاتصال</LabelName>
    <LangID>2</LangID>
    <COUNTRYID>8</COUNTRYID>
    <LANGDISP>ar-KW</LANGDISP>
    <Active>TRUE</Active>
  </PageList>
  <PageList>
    <ID>94</ID>
    <LabelMstID>TBLCONTACT</LabelMstID>
    <FieldName>SUBCATID</FieldName>
    <LabelID>lblSUBCATID1s</LabelID>
    <LabelName>Select Package</LabelName>
    <LangID>1</LangID>
    <COUNTRYID>8</COUNTRYID>
    <LANGDISP>en-US</LANGDISP>
    <Active>TRUE</Active>
  </PageList>
  <PageList>
    <ID>95</ID>
    <LabelMstID>TBLCONTACT</LabelMstID>
    <FieldName>SUBCATID</FieldName>
    <LabelID>lblSUBCATID1s</LabelID>
    <LabelName>Nom de SubCat</LabelName>
    <LangID>3</LangID>
    <COUNTRYID>8</COUNTRYID>
    <LANGDISP>fr-FR</LANGDISP>
    <Active>TRUE</Active>
  </PageList>
  <PageList>
    <ID>96</ID>
    <LabelMstID>TBLCONTACT</LabelMstID>
    <FieldName>SUBCATID</FieldName>
    <LabelID>lblSUBCATID2h</LabelID>
    <LabelName>حدد الحزمة</LabelName>
    <LangID>2</LangID>
    <COUNTRYID>8</COUNTRYID>
    <LANGDISP>ar-KW</LANGDISP>
    <Active>TRUE</Active>
  </PageList>
  <PageList>
    <ID>97</ID>
    <LabelMstID>TBLCONTACT</LabelMstID>
    <FieldName>PERSNAME</FieldName>
    <LabelID>lblPERSNAME1s</LabelID>
    <LabelName>Amount Total</LabelName>
    <LangID>1</LangID>
    <COUNTRYID>8</COUNTRYID>
    <LANGDISP>en-US</LANGDISP>
    <Active>TRUE</Active>
  </PageList>
  <PageList>
    <ID>98</ID>
    <LabelMstID>TBLCONTACT</LabelMstID>
    <FieldName>PERSNAME</FieldName>
    <LabelID>lblPERSNAME1s</LabelID>
    <LabelName>PersName</LabelName>
    <LangID>3</LangID>
    <COUNTRYID>8</COUNTRYID>
    <LANGDISP>fr-FR</LANGDISP>
    <Active>TRUE</Active>
  </PageList>
  <PageList>
    <ID>99</ID>
    <LabelMstID>TBLCONTACT</LabelMstID>
    <FieldName>PERSNAME</FieldName>
    <LabelID>lblPERSNAME2h</LabelID>
    <LabelName>المبلغ الإجمالي</LabelName>
    <LangID>2</LangID>
    <COUNTRYID>8</COUNTRYID>
    <LANGDISP>ar-KW</LANGDISP>
    <Active>TRUE</Active>
  </PageList>
  <PageList>
    <ID>100</ID>
    <LabelMstID>TBLCONTACT</LabelMstID>
    <FieldName>PERSNAMEO</FieldName>
    <LabelID>lblPERSNAMEO1s</LabelID>
    <LabelName>Start Date</LabelName>
    <LangID>1</LangID>
    <COUNTRYID>8</COUNTRYID>
    <LANGDISP>en-US</LANGDISP>
    <Active>TRUE</Active>
  </PageList>
  <PageList>
    <ID>101</ID>
    <LabelMstID>TBLCONTACT</LabelMstID>
    <FieldName>PERSNAMEO</FieldName>
    <LabelID>lblPERSNAMEO1s</LabelID>
    <LabelName>Persnameo</LabelName>
    <LangID>3</LangID>
    <COUNTRYID>8</COUNTRYID>
    <LANGDISP>fr-FR</LANGDISP>
    <Active>TRUE</Active>
  </PageList>
  <PageList>
    <ID>102</ID>
    <LabelMstID>TBLCONTACT</LabelMstID>
    <FieldName>PERSNAMEO</FieldName>
    <LabelID>lblPERSNAMEO2h</LabelID>
    <LabelName>تاريخ البدء</LabelName>
    <LangID>2</LangID>
    <COUNTRYID>8</COUNTRYID>
    <LANGDISP>ar-KW</LANGDISP>
    <Active>TRUE</Active>
  </PageList>
  <PageList>
    <ID>103</ID>
    <LabelMstID>TBLCONTACT</LabelMstID>
    <FieldName>PERSNAMEO2</FieldName>
    <LabelID>lblPERSNAMEO21s</LabelID>
    <LabelName>End Date</LabelName>
    <LangID>1</LangID>
    <COUNTRYID>8</COUNTRYID>
    <LANGDISP>en-US</LANGDISP>
    <Active>TRUE</Active>
  </PageList>
  <PageList>
    <ID>104</ID>
    <LabelMstID>TBLCONTACT</LabelMstID>
    <FieldName>PERSNAMEO2</FieldName>
    <LabelID>lblPERSNAMEO21s</LabelID>
    <LabelName>Persnameo2</LabelName>
    <LangID>3</LangID>
    <COUNTRYID>8</COUNTRYID>
    <LANGDISP>fr-FR</LANGDISP>
    <Active>TRUE</Active>
  </PageList>
  <PageList>
    <ID>105</ID>
    <LabelMstID>TBLCONTACT</LabelMstID>
    <FieldName>PERSNAMEO2</FieldName>
    <LabelID>lblPERSNAMEO22h</LabelID>
    <LabelName>تاريخ الانتهاء</LabelName>
    <LangID>2</LangID>
    <COUNTRYID>8</COUNTRYID>
    <LANGDISP>ar-KW</LANGDISP>
    <Active>TRUE</Active>
  </PageList>
  <PageList>
    <ID>106</ID>
    <LabelMstID>TBLCONTACT</LabelMstID>
    <FieldName>EMAIL2</FieldName>
    <LabelID>lblEMAIL21s</LabelID>
    <LabelName>تبلكونتاكت</LabelName>
    <LangID>1</LangID>
    <COUNTRYID>8</COUNTRYID>
    <LANGDISP>en-US</LANGDISP>
    <Active>TRUE</Active>
  </PageList>
  <PageList>
    <ID>107</ID>
    <LabelMstID>TBLCONTACT</LabelMstID>
    <FieldName>EMAIL2</FieldName>
    <LabelID>lblEMAIL21s</LabelID>
    <LabelName>Email2</LabelName>
    <LangID>3</LangID>
    <COUNTRYID>8</COUNTRYID>
    <LANGDISP>fr-FR</LANGDISP>
    <Active>TRUE</Active>
  </PageList>
  <PageList>
    <ID>108</ID>
    <LabelMstID>TBLCONTACT</LabelMstID>
    <FieldName>EMAIL2</FieldName>
    <LabelID>lblEMAIL22h</LabelID>
    <LabelName>العميل الفاتورة الشاشة</LabelName>
    <LangID>2</LangID>
    <COUNTRYID>8</COUNTRYID>
    <LANGDISP>ar-KW</LANGDISP>
    <Active>TRUE</Active>
  </PageList>
  <PageList>
    <ID>109</ID>
    <LabelMstID>TBLCONTACT</LabelMstID>
    <FieldName>PRIMLANGUGE</FieldName>
    <LabelID>lblPRIMLANGUGE1s</LabelID>
    <LabelName>تبلكونتاكت</LabelName>
    <LangID>1</LangID>
    <COUNTRYID>8</COUNTRYID>
    <LANGDISP>en-US</LANGDISP>
    <Active>TRUE</Active>
  </PageList>
  <PageList>
    <ID>110</ID>
    <LabelMstID>TBLCONTACT</LabelMstID>
    <FieldName>PRIMLANGUGE</FieldName>
    <LabelID>lblPRIMLANGUGE1s</LabelID>
    <LabelName>Primlanguge</LabelName>
    <LangID>3</LangID>
    <COUNTRYID>8</COUNTRYID>
    <LANGDISP>fr-FR</LANGDISP>
    <Active>TRUE</Active>
  </PageList>
  <PageList>
    <ID>111</ID>
    <LabelMstID>TBLCONTACT</LabelMstID>
    <FieldName>PRIMLANGUGE</FieldName>
    <LabelID>lblPRIMLANGUGE2h</LabelID>
    <LabelName>العميل الفاتورة الشاشة</LabelName>
    <LangID>2</LangID>
    <COUNTRYID>8</COUNTRYID>
    <LANGDISP>ar-KW</LANGDISP>
    <Active>TRUE</Active>
  </PageList>
  <PageList>
    <ID>112</ID>
    <LabelMstID>TBLCONTACT</LabelMstID>
    <FieldName>WEBPAGE</FieldName>
    <LabelID>lblWEBPAGE1s</LabelID>
    <LabelName>تبلكونتاكت</LabelName>
    <LangID>1</LangID>
    <COUNTRYID>8</COUNTRYID>
    <LANGDISP>en-US</LANGDISP>
    <Active>TRUE</Active>
  </PageList>
  <PageList>
    <ID>113</ID>
    <LabelMstID>TBLCONTACT</LabelMstID>
    <FieldName>WEBPAGE</FieldName>
    <LabelID>lblWEBPAGE1s</LabelID>
    <LabelName>Page Web</LabelName>
    <LangID>3</LangID>
    <COUNTRYID>8</COUNTRYID>
    <LANGDISP>fr-FR</LANGDISP>
    <Active>TRUE</Active>
  </PageList>
  <PageList>
    <ID>114</ID>
    <LabelMstID>TBLCONTACT</LabelMstID>
    <FieldName>WEBPAGE</FieldName>
    <LabelID>lblWEBPAGE2h</LabelID>
    <LabelName>العميل الفاتورة الشاشة</LabelName>
    <LangID>2</LangID>
    <COUNTRYID>8</COUNTRYID>
    <LANGDISP>ar-KW</LANGDISP>
    <Active>TRUE</Active>
  </PageList>
  <PageList>
    <ID>115</ID>
    <LabelMstID>TBLCONTACT</LabelMstID>
    <FieldName>ISSMB</FieldName>
    <LabelID>lblISSMB1s</LabelID>
    <LabelName>تبلكونتاكت</LabelName>
    <LangID>1</LangID>
    <COUNTRYID>8</COUNTRYID>
    <LANGDISP>en-US</LANGDISP>
    <Active>TRUE</Active>
  </PageList>
  <PageList>
    <ID>116</ID>
    <LabelMstID>TBLCONTACT</LabelMstID>
    <FieldName>ISSMB</FieldName>
    <LabelID>lblISSMB1s</LabelID>
    <LabelName>Issmb</LabelName>
    <LangID>3</LangID>
    <COUNTRYID>8</COUNTRYID>
    <LANGDISP>fr-FR</LANGDISP>
    <Active>TRUE</Active>
  </PageList>
  <PageList>
    <ID>117</ID>
    <LabelMstID>TBLCONTACT</LabelMstID>
    <FieldName>ISSMB</FieldName>
    <LabelID>lblISSMB2h</LabelID>
    <LabelName>العميل الفاتورة الشاشة</LabelName>
    <LangID>2</LangID>
    <COUNTRYID>8</COUNTRYID>
    <LANGDISP>ar-KW</LANGDISP>
    <Active>TRUE</Active>
  </PageList>
  <PageList>
    <ID>118</ID>
    <LabelMstID>TBLCONTACT</LabelMstID>
    <FieldName>INHAWALLY</FieldName>
    <LabelID>lblINHAWALLY1s</LabelID>
    <LabelName>تبلكونتاكت</LabelName>
    <LangID>1</LangID>
    <COUNTRYID>8</COUNTRYID>
    <LANGDISP>en-US</LANGDISP>
    <Active>TRUE</Active>
  </PageList>
  <PageList>
    <ID>119</ID>
    <LabelMstID>TBLCONTACT</LabelMstID>
    <FieldName>INHAWALLY</FieldName>
    <LabelID>lblINHAWALLY1s</LabelID>
    <LabelName>Inhawally</LabelName>
    <LangID>3</LangID>
    <COUNTRYID>8</COUNTRYID>
    <LANGDISP>fr-FR</LANGDISP>
    <Active>TRUE</Active>
  </PageList>
  <PageList>
    <ID>120</ID>
    <LabelMstID>TBLCONTACT</LabelMstID>
    <FieldName>INHAWALLY</FieldName>
    <LabelID>lblINHAWALLY2h</LabelID>
    <LabelName>العميل الفاتورة الشاشة</LabelName>
    <LangID>2</LangID>
    <COUNTRYID>8</COUNTRYID>
    <LANGDISP>ar-KW</LANGDISP>
    <Active>TRUE</Active>
  </PageList>
  <PageList>
    <ID>121</ID>
    <LabelMstID>TBLCONTACT</LabelMstID>
    <FieldName>EMAISUB</FieldName>
    <LabelID>lblEMAISUB1s</LabelID>
    <LabelName>تبلكونتاكت</LabelName>
    <LangID>1</LangID>
    <COUNTRYID>8</COUNTRYID>
    <LANGDISP>en-US</LANGDISP>
    <Active>TRUE</Active>
  </PageList>
  <PageList>
    <ID>122</ID>
    <LabelMstID>TBLCONTACT</LabelMstID>
    <FieldName>EMAISUB</FieldName>
    <LabelID>lblEMAISUB1s</LabelID>
    <LabelName>Emaisub</LabelName>
    <LangID>3</LangID>
    <COUNTRYID>8</COUNTRYID>
    <LANGDISP>fr-FR</LANGDISP>
    <Active>TRUE</Active>
  </PageList>
  <PageList>
    <ID>123</ID>
    <LabelMstID>TBLCONTACT</LabelMstID>
    <FieldName>EMAISUB</FieldName>
    <LabelID>lblEMAISUB2h</LabelID>
    <LabelName>العميل الفاتورة الشاشة</LabelName>
    <LangID>2</LangID>
    <COUNTRYID>8</COUNTRYID>
    <LANGDISP>ar-KW</LANGDISP>
    <Active>TRUE</Active>
  </PageList>
  <PageList>
    <ID>124</ID>
    <LabelMstID>TBLCONTACT</LabelMstID>
    <FieldName>EMAILSUBDATE</FieldName>
    <LabelID>lblEMAILSUBDATE1s</LabelID>
    <LabelName>تبلكونتاكت</LabelName>
    <LangID>1</LangID>
    <COUNTRYID>8</COUNTRYID>
    <LANGDISP>en-US</LANGDISP>
    <Active>TRUE</Active>
  </PageList>
  <PageList>
    <ID>125</ID>
    <LabelMstID>TBLCONTACT</LabelMstID>
    <FieldName>EMAILSUBDATE</FieldName>
    <LabelID>lblEMAILSUBDATE1s</LabelID>
    <LabelName>Emailsubdate</LabelName>
    <LangID>3</LangID>
    <COUNTRYID>8</COUNTRYID>
    <LANGDISP>fr-FR</LANGDISP>
    <Active>TRUE</Active>
  </PageList>
  <PageList>
    <ID>126</ID>
    <LabelMstID>TBLCONTACT</LabelMstID>
    <FieldName>EMAILSUBDATE</FieldName>
    <LabelID>lblEMAILSUBDATE2h</LabelID>
    <LabelName>العميل الفاتورة الشاشة</LabelName>
    <LangID>2</LangID>
    <COUNTRYID>8</COUNTRYID>
    <LANGDISP>ar-KW</LANGDISP>
    <Active>TRUE</Active>
  </PageList>
  <PageList>
    <ID>127</ID>
    <LabelMstID>TBLCONTACT</LabelMstID>
    <FieldName>PRODUCTDEALIN</FieldName>
    <LabelID>lblPRODUCTDEALIN1s</LabelID>
    <LabelName>تبلكونتاكت</LabelName>
    <LangID>1</LangID>
    <COUNTRYID>8</COUNTRYID>
    <LANGDISP>en-US</LANGDISP>
    <Active>TRUE</Active>
  </PageList>
  <PageList>
    <ID>128</ID>
    <LabelMstID>TBLCONTACT</LabelMstID>
    <FieldName>PRODUCTDEALIN</FieldName>
    <LabelID>lblPRODUCTDEALIN1s</LabelID>
    <LabelName>Productdealin</LabelName>
    <LangID>3</LangID>
    <COUNTRYID>8</COUNTRYID>
    <LANGDISP>fr-FR</LANGDISP>
    <Active>TRUE</Active>
  </PageList>
  <PageList>
    <ID>129</ID>
    <LabelMstID>TBLCONTACT</LabelMstID>
    <FieldName>PRODUCTDEALIN</FieldName>
    <LabelID>lblPRODUCTDEALIN2h</LabelID>
    <LabelName>العميل الفاتورة الشاشة</LabelName>
    <LangID>2</LangID>
    <COUNTRYID>8</COUNTRYID>
    <LANGDISP>ar-KW</LANGDISP>
    <Active>TRUE</Active>
  </PageList>
  <PageList>
    <ID>130</ID>
    <LabelMstID>TBLCONTACT</LabelMstID>
    <FieldName>SALER</FieldName>
    <LabelID>lblSALER1s</LabelID>
    <LabelName>تبلكونتاكت</LabelName>
    <LangID>1</LangID>
    <COUNTRYID>8</COUNTRYID>
    <LANGDISP>en-US</LANGDISP>
    <Active>TRUE</Active>
  </PageList>
  <PageList>
    <ID>131</ID>
    <LabelMstID>TBLCONTACT</LabelMstID>
    <FieldName>SALER</FieldName>
    <LabelID>lblSALER1s</LabelID>
    <LabelName>Saler</LabelName>
    <LangID>3</LangID>
    <COUNTRYID>8</COUNTRYID>
    <LANGDISP>fr-FR</LANGDISP>
    <Active>TRUE</Active>
  </PageList>
  <PageList>
    <ID>132</ID>
    <LabelMstID>TBLCONTACT</LabelMstID>
    <FieldName>SALER</FieldName>
    <LabelID>lblSALER2h</LabelID>
    <LabelName>العميل الفاتورة الشاشة</LabelName>
    <LangID>2</LangID>
    <COUNTRYID>8</COUNTRYID>
    <LANGDISP>ar-KW</LANGDISP>
    <Active>TRUE</Active>
  </PageList>
  <PageList>
    <ID>133</ID>
    <LabelMstID>TBLCONTACT</LabelMstID>
    <FieldName>BUYER</FieldName>
    <LabelID>lblBUYER1s</LabelID>
    <LabelName>تبلكونتاكت</LabelName>
    <LangID>1</LangID>
    <COUNTRYID>8</COUNTRYID>
    <LANGDISP>en-US</LANGDISP>
    <Active>TRUE</Active>
  </PageList>
  <PageList>
    <ID>134</ID>
    <LabelMstID>TBLCONTACT</LabelMstID>
    <FieldName>BUYER</FieldName>
    <LabelID>lblBUYER1s</LabelID>
    <LabelName>Acheteur</LabelName>
    <LangID>3</LangID>
    <COUNTRYID>8</COUNTRYID>
    <LANGDISP>fr-FR</LANGDISP>
    <Active>TRUE</Active>
  </PageList>
  <PageList>
    <ID>135</ID>
    <LabelMstID>TBLCONTACT</LabelMstID>
    <FieldName>BUYER</FieldName>
    <LabelID>lblBUYER2h</LabelID>
    <LabelName>العميل الفاتورة الشاشة</LabelName>
    <LangID>2</LangID>
    <COUNTRYID>8</COUNTRYID>
    <LANGDISP>ar-KW</LANGDISP>
    <Active>TRUE</Active>
  </PageList>
  <PageList>
    <ID>136</ID>
    <LabelMstID>TBLCONTACT</LabelMstID>
    <FieldName>FREELANCER</FieldName>
    <LabelID>lblFREELANCER1s</LabelID>
    <LabelName>تبلكونتاكت</LabelName>
    <LangID>1</LangID>
    <COUNTRYID>8</COUNTRYID>
    <LANGDISP>en-US</LANGDISP>
    <Active>TRUE</Active>
  </PageList>
  <PageList>
    <ID>137</ID>
    <LabelMstID>TBLCONTACT</LabelMstID>
    <FieldName>FREELANCER</FieldName>
    <LabelID>lblFREELANCER1s</LabelID>
    <LabelName>Freelancer</LabelName>
    <LangID>3</LangID>
    <COUNTRYID>8</COUNTRYID>
    <LANGDISP>fr-FR</LANGDISP>
    <Active>TRUE</Active>
  </PageList>
  <PageList>
    <ID>138</ID>
    <LabelMstID>TBLCONTACT</LabelMstID>
    <FieldName>FREELANCER</FieldName>
    <LabelID>lblFREELANCER2h</LabelID>
    <LabelName>العميل الفاتورة الشاشة</LabelName>
    <LangID>2</LangID>
    <COUNTRYID>8</COUNTRYID>
    <LANGDISP>ar-KW</LANGDISP>
    <Active>TRUE</Active>
  </PageList>
  <PageList>
    <ID>139</ID>
    <LabelMstID>TBLCONTACT</LabelMstID>
    <FieldName>SALEDEPROD</FieldName>
    <LabelID>lblSALEDEPROD1s</LabelID>
    <LabelName>تبلكونتاكت</LabelName>
    <LangID>1</LangID>
    <COUNTRYID>8</COUNTRYID>
    <LANGDISP>en-US</LANGDISP>
    <Active>TRUE</Active>
  </PageList>
  <PageList>
    <ID>140</ID>
    <LabelMstID>TBLCONTACT</LabelMstID>
    <FieldName>SALEDEPROD</FieldName>
    <LabelID>lblSALEDEPROD1s</LabelID>
    <LabelName>Saledeprod</LabelName>
    <LangID>3</LangID>
    <COUNTRYID>8</COUNTRYID>
    <LANGDISP>fr-FR</LANGDISP>
    <Active>TRUE</Active>
  </PageList>
  <PageList>
    <ID>141</ID>
    <LabelMstID>TBLCONTACT</LabelMstID>
    <FieldName>SALEDEPROD</FieldName>
    <LabelID>lblSALEDEPROD2h</LabelID>
    <LabelName>العميل الفاتورة الشاشة</LabelName>
    <LangID>2</LangID>
    <COUNTRYID>8</COUNTRYID>
    <LANGDISP>ar-KW</LANGDISP>
    <Active>TRUE</Active>
  </PageList>
  <PageList>
    <ID>142</ID>
    <LabelMstID>TBLCONTACT</LabelMstID>
    <FieldName>CUSERID</FieldName>
    <LabelID>lblCUSERID1s</LabelID>
    <LabelName>تبلكونتاكت</LabelName>
    <LangID>1</LangID>
    <COUNTRYID>8</COUNTRYID>
    <LANGDISP>en-US</LANGDISP>
    <Active>TRUE</Active>
  </PageList>
  <PageList>
    <ID>143</ID>
    <LabelMstID>TBLCONTACT</LabelMstID>
    <FieldName>CUSERID</FieldName>
    <LabelID>lblCUSERID1s</LabelID>
    <LabelName>Cuser nom</LabelName>
    <LangID>3</LangID>
    <COUNTRYID>8</COUNTRYID>
    <LANGDISP>fr-FR</LANGDISP>
    <Active>TRUE</Active>
  </PageList>
  <PageList>
    <ID>144</ID>
    <LabelMstID>TBLCONTACT</LabelMstID>
    <FieldName>CUSERID</FieldName>
    <LabelID>lblCUSERID2h</LabelID>
    <LabelName>العميل الفاتورة الشاشة</LabelName>
    <LangID>2</LangID>
    <COUNTRYID>8</COUNTRYID>
    <LANGDISP>ar-KW</LANGDISP>
    <Active>TRUE</Active>
  </PageList>
  <PageList>
    <ID>145</ID>
    <LabelMstID>TBLCONTACT</LabelMstID>
    <FieldName>CPASSWRD</FieldName>
    <LabelID>lblCPASSWRD1s</LabelID>
    <LabelName>تبلكونتاكت</LabelName>
    <LangID>1</LangID>
    <COUNTRYID>8</COUNTRYID>
    <LANGDISP>en-US</LANGDISP>
    <Active>TRUE</Active>
  </PageList>
  <PageList>
    <ID>146</ID>
    <LabelMstID>TBLCONTACT</LabelMstID>
    <FieldName>CPASSWRD</FieldName>
    <LabelID>lblCPASSWRD1s</LabelID>
    <LabelName>Cpasswrd</LabelName>
    <LangID>3</LangID>
    <COUNTRYID>8</COUNTRYID>
    <LANGDISP>fr-FR</LANGDISP>
    <Active>TRUE</Active>
  </PageList>
  <PageList>
    <ID>147</ID>
    <LabelMstID>TBLCONTACT</LabelMstID>
    <FieldName>CPASSWRD</FieldName>
    <LabelID>lblCPASSWRD2h</LabelID>
    <LabelName>العميل الفاتورة الشاشة</LabelName>
    <LangID>2</LangID>
    <COUNTRYID>8</COUNTRYID>
    <LANGDISP>ar-KW</LANGDISP>
    <Active>TRUE</Active>
  </PageList>
  <PageList>
    <ID>148</ID>
    <LabelMstID>TBLCONTACT</LabelMstID>
    <FieldName>USERID</FieldName>
    <LabelID>lblUSERID1s</LabelID>
    <LabelName>تبلكونتاكت</LabelName>
    <LangID>1</LangID>
    <COUNTRYID>8</COUNTRYID>
    <LANGDISP>en-US</LANGDISP>
    <Active>TRUE</Active>
  </PageList>
  <PageList>
    <ID>149</ID>
    <LabelMstID>TBLCONTACT</LabelMstID>
    <FieldName>USERID</FieldName>
    <LabelID>lblUSERID1s</LabelID>
    <LabelName>Nom d’utilisateur</LabelName>
    <LangID>3</LangID>
    <COUNTRYID>8</COUNTRYID>
    <LANGDISP>fr-FR</LANGDISP>
    <Active>TRUE</Active>
  </PageList>
  <PageList>
    <ID>150</ID>
    <LabelMstID>TBLCONTACT</LabelMstID>
    <FieldName>USERID</FieldName>
    <LabelID>lblUSERID2h</LabelID>
    <LabelName>العميل الفاتورة الشاشة</LabelName>
    <LangID>2</LangID>
    <COUNTRYID>8</COUNTRYID>
    <LANGDISP>ar-KW</LANGDISP>
    <Active>TRUE</Active>
  </PageList>
  <PageList>
    <ID>151</ID>
    <LabelMstID>TBLCONTACT</LabelMstID>
    <FieldName>ENTRYTIME</FieldName>
    <LabelID>lblENTRYTIME1s</LabelID>
    <LabelName>تبلكونتاكت</LabelName>
    <LangID>1</LangID>
    <COUNTRYID>8</COUNTRYID>
    <LANGDISP>en-US</LANGDISP>
    <Active>TRUE</Active>
  </PageList>
  <PageList>
    <ID>152</ID>
    <LabelMstID>TBLCONTACT</LabelMstID>
    <FieldName>ENTRYTIME</FieldName>
    <LabelID>lblENTRYTIME1s</LabelID>
    <LabelName>EntryTime</LabelName>
    <LangID>3</LangID>
    <COUNTRYID>8</COUNTRYID>
    <LANGDISP>fr-FR</LANGDISP>
    <Active>TRUE</Active>
  </PageList>
  <PageList>
    <ID>153</ID>
    <LabelMstID>TBLCONTACT</LabelMstID>
    <FieldName>ENTRYTIME</FieldName>
    <LabelID>lblENTRYTIME2h</LabelID>
    <LabelName>العميل الفاتورة الشاشة</LabelName>
    <LangID>2</LangID>
    <COUNTRYID>8</COUNTRYID>
    <LANGDISP>ar-KW</LANGDISP>
    <Active>TRUE</Active>
  </PageList>
  <PageList>
    <ID>154</ID>
    <LabelMstID>TBLCONTACT</LabelMstID>
    <FieldName>UPDTTIME</FieldName>
    <LabelID>lblUPDTTIME1s</LabelID>
    <LabelName>تبلكونتاكت</LabelName>
    <LangID>1</LangID>
    <COUNTRYID>8</COUNTRYID>
    <LANGDISP>en-US</LANGDISP>
    <Active>TRUE</Active>
  </PageList>
  <PageList>
    <ID>155</ID>
    <LabelMstID>TBLCONTACT</LabelMstID>
    <FieldName>UPDTTIME</FieldName>
    <LabelID>lblUPDTTIME1s</LabelID>
    <LabelName>Updttime</LabelName>
    <LangID>3</LangID>
    <COUNTRYID>8</COUNTRYID>
    <LANGDISP>fr-FR</LANGDISP>
    <Active>TRUE</Active>
  </PageList>
  <PageList>
    <ID>156</ID>
    <LabelMstID>TBLCONTACT</LabelMstID>
    <FieldName>UPDTTIME</FieldName>
    <LabelID>lblUPDTTIME2h</LabelID>
    <LabelName>العميل الفاتورة الشاشة</LabelName>
    <LangID>2</LangID>
    <COUNTRYID>8</COUNTRYID>
    <LANGDISP>ar-KW</LANGDISP>
    <Active>TRUE</Active>
  </PageList>
  <PageList>
    <ID>157</ID>
    <LabelMstID>TBLCONTACT</LabelMstID>
    <FieldName>FaxID</FieldName>
    <LabelID>lblFaxID1s</LabelID>
    <LabelName>تبلكونتاكت</LabelName>
    <LangID>1</LangID>
    <COUNTRYID>8</COUNTRYID>
    <LANGDISP>en-US</LANGDISP>
    <Active>TRUE</Active>
  </PageList>
  <PageList>
    <ID>158</ID>
    <LabelMstID>TBLCONTACT</LabelMstID>
    <FieldName>FaxID</FieldName>
    <LabelID>lblFaxID1s</LabelID>
    <LabelName>Fax nom</LabelName>
    <LangID>3</LangID>
    <COUNTRYID>8</COUNTRYID>
    <LANGDISP>fr-FR</LANGDISP>
    <Active>TRUE</Active>
  </PageList>
  <PageList>
    <ID>159</ID>
    <LabelMstID>TBLCONTACT</LabelMstID>
    <FieldName>FaxID</FieldName>
    <LabelID>lblFaxID2h</LabelID>
    <LabelName>العميل الفاتورة الشاشة</LabelName>
    <LangID>2</LangID>
    <COUNTRYID>8</COUNTRYID>
    <LANGDISP>ar-KW</LANGDISP>
    <Active>TRUE</Active>
  </PageList>
  <PageList>
    <ID>160</ID>
    <LabelMstID>TBLCONTACT</LabelMstID>
    <FieldName>IMG</FieldName>
    <LabelID>lblIMG1s</LabelID>
    <LabelName>Picture</LabelName>
    <LangID>1</LangID>
    <COUNTRYID>8</COUNTRYID>
    <LANGDISP>en-US</LANGDISP>
    <Active>TRUE</Active>
  </PageList>
  <PageList>
    <ID>161</ID>
    <LabelMstID>TBLCONTACT</LabelMstID>
    <FieldName>IMG</FieldName>
    <LabelID>lblIMG1s</LabelID>
    <LabelName>IMG</LabelName>
    <LangID>3</LangID>
    <COUNTRYID>8</COUNTRYID>
    <LANGDISP>fr-FR</LANGDISP>
    <Active>TRUE</Active>
  </PageList>
  <PageList>
    <ID>162</ID>
    <LabelMstID>TBLCONTACT</LabelMstID>
    <FieldName>IMG</FieldName>
    <LabelID>lblIMG2h</LabelID>
    <LabelName>صورة شخصية</LabelName>
    <LangID>2</LangID>
    <COUNTRYID>8</COUNTRYID>
    <LANGDISP>ar-KW</LANGDISP>
    <Active>TRUE</Active>
  </PageList>
  <PageList>
    <ID>163</ID>
    <LabelMstID>TBLCONTACT</LabelMstID>
    <FieldName>Instuctor_Username</FieldName>
    <LabelID>lblInstuctor_Username1s</LabelID>
    <LabelName>تبلكونتاكت</LabelName>
    <LangID>1</LangID>
    <COUNTRYID>8</COUNTRYID>
    <LANGDISP>en-US</LANGDISP>
    <Active>TRUE</Active>
  </PageList>
  <PageList>
    <ID>164</ID>
    <LabelMstID>TBLCONTACT</LabelMstID>
    <FieldName>Instuctor_Username</FieldName>
    <LabelID>lblInstuctor_Username1s</LabelID>
    <LabelName>Nom d’utilisateur Instuctor</LabelName>
    <LangID>3</LangID>
    <COUNTRYID>8</COUNTRYID>
    <LANGDISP>fr-FR</LANGDISP>
    <Active>TRUE</Active>
  </PageList>
  <PageList>
    <ID>165</ID>
    <LabelMstID>TBLCONTACT</LabelMstID>
    <FieldName>Instuctor_Username</FieldName>
    <LabelID>lblInstuctor_Username2h</LabelID>
    <LabelName>العميل الفاتورة الشاشة</LabelName>
    <LangID>2</LangID>
    <COUNTRYID>8</COUNTRYID>
    <LANGDISP>ar-KW</LANGDISP>
    <Active>TRUE</Active>
  </PageList>
  <PageList>
    <ID>166</ID>
    <LabelMstID>TBLCONTACT</LabelMstID>
    <FieldName>ContacType</FieldName>
    <LabelID>lblContacType1s</LabelID>
    <LabelName>تبلكونتاكت</LabelName>
    <LangID>1</LangID>
    <COUNTRYID>8</COUNTRYID>
    <LANGDISP>en-US</LANGDISP>
    <Active>TRUE</Active>
  </PageList>
  <PageList>
    <ID>167</ID>
    <LabelMstID>TBLCONTACT</LabelMstID>
    <FieldName>ContacType</FieldName>
    <LabelID>lblContacType1s</LabelID>
    <LabelName>Contactype</LabelName>
    <LangID>3</LangID>
    <COUNTRYID>8</COUNTRYID>
    <LANGDISP>fr-FR</LANGDISP>
    <Active>TRUE</Active>
  </PageList>
  <PageList>
    <ID>168</ID>
    <LabelMstID>TBLCONTACT</LabelMstID>
    <FieldName>ContacType</FieldName>
    <LabelID>lblContacType2h</LabelID>
    <LabelName>العميل الفاتورة الشاشة</LabelName>
    <LangID>2</LangID>
    <COUNTRYID>8</COUNTRYID>
    <LANGDISP>ar-KW</LANGDISP>
    <Active>TRUE</Active>
  </PageList>
  <PageList>
    <ID>169</ID>
    <LabelMstID>TBLCONTACT</LabelMstID>
    <FieldName>BARCODE</FieldName>
    <LabelID>lblBARCODE1s</LabelID>
    <LabelName>تبلكونتاكت</LabelName>
    <LangID>1</LangID>
    <COUNTRYID>8</COUNTRYID>
    <LANGDISP>en-US</LANGDISP>
    <Active>TRUE</Active>
  </PageList>
  <PageList>
    <ID>170</ID>
    <LabelMstID>TBLCONTACT</LabelMstID>
    <FieldName>BARCODE</FieldName>
    <LabelID>lblBARCODE1s</LabelID>
    <LabelName>Code à barres</LabelName>
    <LangID>3</LangID>
    <COUNTRYID>8</COUNTRYID>
    <LANGDISP>fr-FR</LANGDISP>
    <Active>TRUE</Active>
  </PageList>
  <PageList>
    <ID>171</ID>
    <LabelMstID>TBLCONTACT</LabelMstID>
    <FieldName>BARCODE</FieldName>
    <LabelID>lblBARCODE2h</LabelID>
    <LabelName>العميل الفاتورة الشاشة</LabelName>
    <LangID>2</LangID>
    <COUNTRYID>8</COUNTRYID>
    <LANGDISP>ar-KW</LANGDISP>
    <Active>TRUE</Active>
  </PageList>
  <PageList>
    <ID>172</ID>
    <LabelMstID>TBLCONTACT</LabelMstID>
    <FieldName>Switch1</FieldName>
    <LabelID>lblSwitch11s</LabelID>
    <LabelName>تبلكونتاكت</LabelName>
    <LangID>1</LangID>
    <COUNTRYID>8</COUNTRYID>
    <LANGDISP>en-US</LANGDISP>
    <Active>TRUE</Active>
  </PageList>
  <PageList>
    <ID>173</ID>
    <LabelMstID>TBLCONTACT</LabelMstID>
    <FieldName>Switch1</FieldName>
    <LabelID>lblSwitch11s</LabelID>
    <LabelName>Switch1</LabelName>
    <LangID>3</LangID>
    <COUNTRYID>8</COUNTRYID>
    <LANGDISP>fr-FR</LANGDISP>
    <Active>TRUE</Active>
  </PageList>
  <PageList>
    <ID>174</ID>
    <LabelMstID>TBLCONTACT</LabelMstID>
    <FieldName>Switch1</FieldName>
    <LabelID>lblSwitch12h</LabelID>
    <LabelName>العميل الفاتورة الشاشة</LabelName>
    <LangID>2</LangID>
    <COUNTRYID>8</COUNTRYID>
    <LANGDISP>ar-KW</LANGDISP>
    <Active>TRUE</Active>
  </PageList>
  <PageList>
    <ID>175</ID>
    <LabelMstID>TBLCONTACT</LabelMstID>
    <FieldName>Switch2</FieldName>
    <LabelID>lblSwitch21s</LabelID>
    <LabelName>تبلكونتاكت</LabelName>
    <LangID>1</LangID>
    <COUNTRYID>8</COUNTRYID>
    <LANGDISP>en-US</LANGDISP>
    <Active>TRUE</Active>
  </PageList>
  <PageList>
    <ID>176</ID>
    <LabelMstID>TBLCONTACT</LabelMstID>
    <FieldName>Switch2</FieldName>
    <LabelID>lblSwitch21s</LabelID>
    <LabelName>Switch2</LabelName>
    <LangID>3</LangID>
    <COUNTRYID>8</COUNTRYID>
    <LANGDISP>fr-FR</LANGDISP>
    <Active>TRUE</Active>
  </PageList>
  <PageList>
    <ID>177</ID>
    <LabelMstID>TBLCONTACT</LabelMstID>
    <FieldName>Switch2</FieldName>
    <LabelID>lblSwitch22h</LabelID>
    <LabelName>العميل الفاتورة الشاشة</LabelName>
    <LangID>2</LangID>
    <COUNTRYID>8</COUNTRYID>
    <LANGDISP>ar-KW</LANGDISP>
    <Active>TRUE</Active>
  </PageList>
  <PageList>
    <ID>178</ID>
    <LabelMstID>TBLCONTACT</LabelMstID>
    <FieldName>Switch3</FieldName>
    <LabelID>lblSwitch31s</LabelID>
    <LabelName>تبلكونتاكت</LabelName>
    <LangID>1</LangID>
    <COUNTRYID>8</COUNTRYID>
    <LANGDISP>en-US</LANGDISP>
    <Active>TRUE</Active>
  </PageList>
  <PageList>
    <ID>179</ID>
    <LabelMstID>TBLCONTACT</LabelMstID>
    <FieldName>Switch3</FieldName>
    <LabelID>lblSwitch31s</LabelID>
    <LabelName>Switch3</LabelName>
    <LangID>3</LangID>
    <COUNTRYID>8</COUNTRYID>
    <LANGDISP>fr-FR</LANGDISP>
    <Active>TRUE</Active>
  </PageList>
  <PageList>
    <ID>180</ID>
    <LabelMstID>TBLCONTACT</LabelMstID>
    <FieldName>Switch3</FieldName>
    <LabelID>lblSwitch32h</LabelID>
    <LabelName>العميل الفاتورة الشاشة</LabelName>
    <LangID>2</LangID>
    <COUNTRYID>8</COUNTRYID>
    <LANGDISP>ar-KW</LANGDISP>
    <Active>TRUE</Active>
  </PageList>
  <PageList>
    <ID>181</ID>
    <LabelMstID>TBLCONTACT</LabelMstID>
    <FieldName>Switch4</FieldName>
    <LabelID>lblSwitch41s</LabelID>
    <LabelName>تبلكونتاكت</LabelName>
    <LangID>1</LangID>
    <COUNTRYID>8</COUNTRYID>
    <LANGDISP>en-US</LANGDISP>
    <Active>TRUE</Active>
  </PageList>
  <PageList>
    <ID>182</ID>
    <LabelMstID>TBLCONTACT</LabelMstID>
    <FieldName>Switch4</FieldName>
    <LabelID>lblSwitch41s</LabelID>
    <LabelName>Switch4</LabelName>
    <LangID>3</LangID>
    <COUNTRYID>8</COUNTRYID>
    <LANGDISP>fr-FR</LANGDISP>
    <Active>TRUE</Active>
  </PageList>
  <PageList>
    <ID>183</ID>
    <LabelMstID>TBLCONTACT</LabelMstID>
    <FieldName>Switch4</FieldName>
    <LabelID>lblSwitch42h</LabelID>
    <LabelName>العميل الفاتورة الشاشة</LabelName>
    <LangID>2</LangID>
    <COUNTRYID>8</COUNTRYID>
    <LANGDISP>ar-KW</LANGDISP>
    <Active>TRUE</Active>
  </PageList>
  <PageList>
    <ID>184</ID>
    <LabelMstID>TBLCONTACT</LabelMstID>
    <FieldName>Switch5</FieldName>
    <LabelID>lblSwitch51s</LabelID>
    <LabelName>تبلكونتاكت</LabelName>
    <LangID>1</LangID>
    <COUNTRYID>8</COUNTRYID>
    <LANGDISP>en-US</LANGDISP>
    <Active>TRUE</Active>
  </PageList>
  <PageList>
    <ID>185</ID>
    <LabelMstID>TBLCONTACT</LabelMstID>
    <FieldName>Switch5</FieldName>
    <LabelID>lblSwitch51s</LabelID>
    <LabelName>5</LabelName>
    <LangID>3</LangID>
    <COUNTRYID>8</COUNTRYID>
    <LANGDISP>fr-FR</LANGDISP>
    <Active>TRUE</Active>
  </PageList>
  <PageList>
    <ID>186</ID>
    <LabelMstID>TBLCONTACT</LabelMstID>
    <FieldName>Switch5</FieldName>
    <LabelID>lblSwitch52h</LabelID>
    <LabelName>العميل الفاتورة الشاشة</LabelName>
    <LangID>2</LangID>
    <COUNTRYID>8</COUNTRYID>
    <LANGDISP>ar-KW</LANGDISP>
    <Active>TRUE</Active>
  </PageList>
  <PageList>
    <ID>187</ID>
    <LabelMstID>TBLCONTACT</LabelMstID>
    <FieldName>NULL</FieldName>
    <LabelID>lblHeader1s</LabelID>
    <LabelName>تبلكونتاكت</LabelName>
    <LangID>1</LangID>
    <COUNTRYID>8</COUNTRYID>
    <LANGDISP>en-US</LANGDISP>
    <Active>TRUE</Active>
  </PageList>
  <PageList>
    <ID>188</ID>
    <LabelMstID>TBLCONTACT</LabelMstID>
    <FieldName>NULL</FieldName>
    <LabelID>lblHeader1s</LabelID>
    <LabelName>TBLCONTACT</LabelName>
    <LangID>3</LangID>
    <COUNTRYID>8</COUNTRYID>
    <LANGDISP>fr-FR</LANGDISP>
    <Active>TRUE</Active>
  </PageList>
  <PageList>
    <ID>189</ID>
    <LabelMstID>TBLCONTACT</LabelMstID>
    <FieldName>NULL</FieldName>
    <LabelID>lblHeader2h</LabelID>
    <LabelName>العميل الفاتورة الشاشة</LabelName>
    <LangID>2</LangID>
    <COUNTRYID>8</COUNTRYID>
    <LANGDISP>ar-KW</LANGDISP>
    <Active>TRUE</Active>
  </PageList>
</TBLLabelDTL>