<?xml version="1.0" standalone="yes"?>
<TBLLabelDTL>
  <PageList>
    <ID>1</ID>
    <LabelMstID>TBLGROUP</LabelMstID>
    <FieldName>ITGROUPID</FieldName>
    <LabelID>lblITGROUPID1s</LabelID>
    <LabelName>GROUP</LabelName>
    <LangID>1</LangID>
    <COUNTRYID>8</COUNTRYID>
    <LANGDISP>en-US</LANGDISP>
    <Active>TRUE</Active>
  </PageList>
  <PageList>
    <ID>2</ID>
    <LabelMstID>TBLGROUP</LabelMstID>
    <FieldName>ITGROUPID</FieldName>
    <LabelID>lblITGROUPID1s</LabelID>
    <LabelName>ITGroup nom</LabelName>
    <LangID>3</LangID>
    <COUNTRYID>8</COUNTRYID>
    <LANGDISP>fr-FR</LANGDISP>
    <Active>TRUE</Active>
  </PageList>
  <PageList>
    <ID>3</ID>
    <LabelMstID>TBLGROUP</LabelMstID>
    <FieldName>ITGROUPID</FieldName>
    <LabelID>lblITGROUPID2h</LabelID>
    <LabelName>اسم إيتجروب</LabelName>
    <LangID>2</LangID>
    <COUNTRYID>8</COUNTRYID>
    <LANGDISP>ar-KW</LANGDISP>
    <Active>TRUE</Active>
  </PageList>
  <PageList>
    <ID>4</ID>
    <LabelMstID>TBLGROUP</LabelMstID>
    <FieldName>ITGROUPDESC1</FieldName>
    <LabelID>lblITGROUPDESC11s</LabelID>
    <LabelName>GROUP Desc 1</LabelName>
    <LangID>1</LangID>
    <COUNTRYID>8</COUNTRYID>
    <LANGDISP>en-US</LANGDISP>
    <Active>TRUE</Active>
  </PageList>
  <PageList>
    <ID>5</ID>
    <LabelMstID>TBLGROUP</LabelMstID>
    <FieldName>ITGROUPDESC1</FieldName>
    <LabelID>lblITGROUPDESC11s</LabelID>
    <LabelName>Itgroupdesc1</LabelName>
    <LangID>3</LangID>
    <COUNTRYID>8</COUNTRYID>
    <LANGDISP>fr-FR</LANGDISP>
    <Active>TRUE</Active>
  </PageList>
  <PageList>
    <ID>6</ID>
    <LabelMstID>TBLGROUP</LabelMstID>
    <FieldName>ITGROUPDESC1</FieldName>
    <LabelID>lblITGROUPDESC12h</LabelID>
    <LabelName>Itgroupdesc1</LabelName>
    <LangID>2</LangID>
    <COUNTRYID>8</COUNTRYID>
    <LANGDISP>ar-KW</LANGDISP>
    <Active>TRUE</Active>
  </PageList>
  <PageList>
    <ID>7</ID>
    <LabelMstID>TBLGROUP</LabelMstID>
    <FieldName>ITGROUPDESC2</FieldName>
    <LabelID>lblITGROUPDESC21s</LabelID>
    <LabelName>GROUP Desc 2</LabelName>
    <LangID>1</LangID>
    <COUNTRYID>8</COUNTRYID>
    <LANGDISP>en-US</LANGDISP>
    <Active>TRUE</Active>
  </PageList>
  <PageList>
    <ID>8</ID>
    <LabelMstID>TBLGROUP</LabelMstID>
    <FieldName>ITGROUPDESC2</FieldName>
    <LabelID>lblITGROUPDESC21s</LabelID>
    <LabelName>Itgroupdesc2</LabelName>
    <LangID>3</LangID>
    <COUNTRYID>8</COUNTRYID>
    <LANGDISP>fr-FR</LANGDISP>
    <Active>TRUE</Active>
  </PageList>
  <PageList>
    <ID>9</ID>
    <LabelMstID>TBLGROUP</LabelMstID>
    <FieldName>ITGROUPDESC2</FieldName>
    <LabelID>lblITGROUPDESC22h</LabelID>
    <LabelName>Itgroupdesc2</LabelName>
    <LangID>2</LangID>
    <COUNTRYID>8</COUNTRYID>
    <LANGDISP>ar-KW</LANGDISP>
    <Active>TRUE</Active>
  </PageList>
  <PageList>
    <ID>10</ID>
    <LabelMstID>TBLGROUP</LabelMstID>
    <FieldName>ITGROUPREMARKS</FieldName>
    <LabelID>lblITGROUPREMARKS1s</LabelID>
    <LabelName>Remark</LabelName>
    <LangID>1</LangID>
    <COUNTRYID>8</COUNTRYID>
    <LANGDISP>en-US</LANGDISP>
    <Active>TRUE</Active>
  </PageList>
  <PageList>
    <ID>11</ID>
    <LabelMstID>TBLGROUP</LabelMstID>
    <FieldName>ITGROUPREMARKS</FieldName>
    <LabelID>lblITGROUPREMARKS1s</LabelID>
    <LabelName>Itgroupremarks</LabelName>
    <LangID>3</LangID>
    <COUNTRYID>8</COUNTRYID>
    <LANGDISP>fr-FR</LANGDISP>
    <Active>TRUE</Active>
  </PageList>
  <PageList>
    <ID>12</ID>
    <LabelMstID>TBLGROUP</LabelMstID>
    <FieldName>ITGROUPREMARKS</FieldName>
    <LabelID>lblITGROUPREMARKS2h</LabelID>
    <LabelName>إيتجروبريماركس</LabelName>
    <LangID>2</LangID>
    <COUNTRYID>8</COUNTRYID>
    <LANGDISP>ar-KW</LANGDISP>
    <Active>TRUE</Active>
  </PageList>
  <PageList>
    <ID>13</ID>
    <LabelMstID>TBLGROUP</LabelMstID>
    <FieldName>ACTIVE_Flag</FieldName>
    <LabelID>lblACTIVE_Flag1s</LabelID>
    <LabelName>Active flag</LabelName>
    <LangID>1</LangID>
    <COUNTRYID>8</COUNTRYID>
    <LANGDISP>en-US</LANGDISP>
    <Active>TRUE</Active>
  </PageList>
  <PageList>
    <ID>14</ID>
    <LabelMstID>TBLGROUP</LabelMstID>
    <FieldName>ACTIVE_Flag</FieldName>
    <LabelID>lblACTIVE_Flag1s</LabelID>
    <LabelName>Actif indicateur</LabelName>
    <LangID>3</LangID>
    <COUNTRYID>8</COUNTRYID>
    <LANGDISP>fr-FR</LANGDISP>
    <Active>TRUE</Active>
  </PageList>
  <PageList>
    <ID>15</ID>
    <LabelMstID>TBLGROUP</LabelMstID>
    <FieldName>ACTIVE_Flag</FieldName>
    <LabelID>lblACTIVE_Flag2h</LabelID>
    <LabelName>العلم نشط</LabelName>
    <LangID>2</LangID>
    <COUNTRYID>8</COUNTRYID>
    <LANGDISP>ar-KW</LANGDISP>
    <Active>TRUE</Active>
  </PageList>
  <PageList>
    <ID>16</ID>
    <LabelMstID>TBLGROUP</LabelMstID>
    <FieldName>USERCODE</FieldName>
    <LabelID>lblUSERCODE1s</LabelID>
    <LabelName>Assign Supervisor</LabelName>
    <LangID>1</LangID>
    <COUNTRYID>8</COUNTRYID>
    <LANGDISP>en-US</LANGDISP>
    <Active>TRUE</Active>
  </PageList>
  <PageList>
    <ID>17</ID>
    <LabelMstID>TBLGROUP</LabelMstID>
    <FieldName>USERCODE</FieldName>
    <LabelID>lblUSERCODE1s</LabelID>
    <LabelName>UserCode</LabelName>
    <LangID>3</LangID>
    <COUNTRYID>8</COUNTRYID>
    <LANGDISP>fr-FR</LANGDISP>
    <Active>TRUE</Active>
  </PageList>
  <PageList>
    <ID>18</ID>
    <LabelMstID>TBLGROUP</LabelMstID>
    <FieldName>USERCODE</FieldName>
    <LabelID>lblUSERCODE2h</LabelID>
    <LabelName>Usercode</LabelName>
    <LangID>2</LangID>
    <COUNTRYID>8</COUNTRYID>
    <LANGDISP>ar-KW</LANGDISP>
    <Active>TRUE</Active>
  </PageList>
  <PageList>
    <ID>19</ID>
    <LabelMstID>TBLGROUP</LabelMstID>
    <FieldName>GROUPID</FieldName>
    <LabelID>lblGROUPID1s</LabelID>
    <LabelName>Group ID</LabelName>
    <LangID>1</LangID>
    <COUNTRYID>8</COUNTRYID>
    <LANGDISP>en-US</LANGDISP>
    <Active>TRUE</Active>
  </PageList>
  <PageList>
    <ID>20</ID>
    <LabelMstID>TBLGROUP</LabelMstID>
    <FieldName>GROUPID</FieldName>
    <LabelID>lblGROUPID1s</LabelID>
    <LabelName>Nom du groupe</LabelName>
    <LangID>3</LangID>
    <COUNTRYID>8</COUNTRYID>
    <LANGDISP>fr-FR</LANGDISP>
    <Active>TRUE</Active>
  </PageList>
  <PageList>
    <ID>21</ID>
    <LabelMstID>TBLGROUP</LabelMstID>
    <FieldName>GROUPID</FieldName>
    <LabelID>lblGROUPID2h</LabelID>
    <LabelName>اسم المجموعة</LabelName>
    <LangID>2</LangID>
    <COUNTRYID>8</COUNTRYID>
    <LANGDISP>ar-KW</LANGDISP>
    <Active>TRUE</Active>
  </PageList>
  <PageList>
    <ID>22</ID>
    <LabelMstID>TBLGROUP</LabelMstID>
    <FieldName>remarks</FieldName>
    <LabelID>lblremarks1s</LabelID>
    <LabelName>Remarks</LabelName>
    <LangID>1</LangID>
    <COUNTRYID>8</COUNTRYID>
    <LANGDISP>en-US</LANGDISP>
    <Active>TRUE</Active>
  </PageList>
  <PageList>
    <ID>23</ID>
    <LabelMstID>TBLGROUP</LabelMstID>
    <FieldName>remarks</FieldName>
    <LabelID>lblremarks1s</LabelID>
    <LabelName>Remarques</LabelName>
    <LangID>3</LangID>
    <COUNTRYID>8</COUNTRYID>
    <LANGDISP>fr-FR</LANGDISP>
    <Active>TRUE</Active>
  </PageList>
  <PageList>
    <ID>24</ID>
    <LabelMstID>TBLGROUP</LabelMstID>
    <FieldName>remarks</FieldName>
    <LabelID>lblremarks2h</LabelID>
    <LabelName>الملاحظات</LabelName>
    <LangID>2</LangID>
    <COUNTRYID>8</COUNTRYID>
    <LANGDISP>ar-KW</LANGDISP>
    <Active>TRUE</Active>
  </PageList>
  <PageList>
    <ID>25</ID>
    <LabelMstID>TBLGROUP</LabelMstID>
    <FieldName>ACTIVE</FieldName>
    <LabelID>lblACTIVE1s</LabelID>
    <LabelName>Active</LabelName>
    <LangID>1</LangID>
    <COUNTRYID>8</COUNTRYID>
    <LANGDISP>en-US</LANGDISP>
    <Active>TRUE</Active>
  </PageList>
  <PageList>
    <ID>26</ID>
    <LabelMstID>TBLGROUP</LabelMstID>
    <FieldName>ACTIVE</FieldName>
    <LabelID>lblACTIVE1s</LabelID>
    <LabelName>Actif</LabelName>
    <LangID>3</LangID>
    <COUNTRYID>8</COUNTRYID>
    <LANGDISP>fr-FR</LANGDISP>
    <Active>TRUE</Active>
  </PageList>
  <PageList>
    <ID>27</ID>
    <LabelMstID>TBLGROUP</LabelMstID>
    <FieldName>ACTIVE</FieldName>
    <LabelID>lblACTIVE2h</LabelID>
    <LabelName>النشطة</LabelName>
    <LangID>2</LangID>
    <COUNTRYID>8</COUNTRYID>
    <LANGDISP>ar-KW</LANGDISP>
    <Active>TRUE</Active>
  </PageList>
  <PageList>
    <ID>28</ID>
    <LabelMstID>TBLGROUP</LabelMstID>
    <FieldName>CRUP_ID</FieldName>
    <LabelID>lblCRUP_ID1s</LabelID>
    <LabelName>GROUP</LabelName>
    <LangID>1</LangID>
    <COUNTRYID>8</COUNTRYID>
    <LANGDISP>en-US</LANGDISP>
    <Active>TRUE</Active>
  </PageList>
  <PageList>
    <ID>29</ID>
    <LabelMstID>TBLGROUP</LabelMstID>
    <FieldName>CRUP_ID</FieldName>
    <LabelID>lblCRUP_ID1s</LabelID>
    <LabelName>Crup nom</LabelName>
    <LangID>3</LangID>
    <COUNTRYID>8</COUNTRYID>
    <LANGDISP>fr-FR</LANGDISP>
    <Active>TRUE</Active>
  </PageList>
  <PageList>
    <ID>30</ID>
    <LabelMstID>TBLGROUP</LabelMstID>
    <FieldName>CRUP_ID</FieldName>
    <LabelID>lblCRUP_ID2h</LabelID>
    <LabelName>اسم Crup</LabelName>
    <LangID>2</LangID>
    <COUNTRYID>8</COUNTRYID>
    <LANGDISP>ar-KW</LANGDISP>
    <Active>TRUE</Active>
  </PageList>
  <PageList>
    <ID>31</ID>
    <LabelMstID>TBLGROUP</LabelMstID>
    <FieldName>GroupType</FieldName>
    <LabelID>lblGroupType1s</LabelID>
    <LabelName>Group Type</LabelName>
    <LangID>1</LangID>
    <COUNTRYID>8</COUNTRYID>
    <LANGDISP>en-US</LANGDISP>
    <Active>TRUE</Active>
  </PageList>
  <PageList>
    <ID>32</ID>
    <LabelMstID>TBLGROUP</LabelMstID>
    <FieldName>GroupType</FieldName>
    <LabelID>lblGroupType1s</LabelID>
    <LabelName>GroupType</LabelName>
    <LangID>3</LangID>
    <COUNTRYID>8</COUNTRYID>
    <LANGDISP>fr-FR</LANGDISP>
    <Active>TRUE</Active>
  </PageList>
  <PageList>
    <ID>33</ID>
    <LabelMstID>TBLGROUP</LabelMstID>
    <FieldName>GroupType</FieldName>
    <LabelID>lblGroupType2h</LabelID>
    <LabelName>Grouptype</LabelName>
    <LangID>2</LangID>
    <COUNTRYID>8</COUNTRYID>
    <LANGDISP>ar-KW</LANGDISP>
    <Active>TRUE</Active>
  </PageList>
  <PageList>
    <ID>34</ID>
    <LabelMstID>TBLGROUP</LabelMstID>
    <FieldName>NULL</FieldName>
    <LabelID>lblHeader1s</LabelID>
    <LabelName>GROUP</LabelName>
    <LangID>1</LangID>
    <COUNTRYID>8</COUNTRYID>
    <LANGDISP>en-US</LANGDISP>
    <Active>TRUE</Active>
  </PageList>
  <PageList>
    <ID>35</ID>
    <LabelMstID>TBLGROUP</LabelMstID>
    <FieldName>NULL</FieldName>
    <LabelID>lblHeader1s</LabelID>
    <LabelName>TBLGROUP</LabelName>
    <LangID>3</LangID>
    <COUNTRYID>8</COUNTRYID>
    <LANGDISP>fr-FR</LANGDISP>
    <Active>TRUE</Active>
  </PageList>
  <PageList>
    <ID>36</ID>
    <LabelMstID>TBLGROUP</LabelMstID>
    <FieldName>NULL</FieldName>
    <LabelID>lblHeader2h</LabelID>
    <LabelName>تبلجروب</LabelName>
    <LangID>2</LangID>
    <COUNTRYID>8</COUNTRYID>
    <LANGDISP>ar-KW</LANGDISP>
    <Active>TRUE</Active>
  </PageList>
</TBLLabelDTL>