<?xml version="1.0" standalone="yes"?>
<TBLLabelDTL>
  <PageList>
    <ID>1</ID>
    <LabelMstID>TBLGROUP_USER</LabelMstID>
    <FieldName>TenentId</FieldName>
    <LabelID>lblTenentId1s</LabelID>
    <LabelName>GROUP</LabelName>
    <LangID>1</LangID>
    <COUNTRYID>8</COUNTRYID>
    <LANGDISP>en-US</LANGDISP>
    <Active>TRUE</Active>
  </PageList>
  <PageList>
    <ID>2</ID>
    <LabelMstID>TBLGROUP_USER</LabelMstID>
    <FieldName>TenentId</FieldName>
    <LabelID>lblTenentId1s</LabelID>
    <LabelName>Tenentid</LabelName>
    <LangID>3</LangID>
    <COUNTRYID>8</COUNTRYID>
    <LANGDISP>fr-FR</LANGDISP>
    <Active>TRUE</Active>
  </PageList>
  <PageList>
    <ID>3</ID>
    <LabelMstID>TBLGROUP_USER</LabelMstID>
    <FieldName>TenentId</FieldName>
    <LabelID>lblTenentId2h</LabelID>
    <LabelName>تينينتيد</LabelName>
    <LangID>2</LangID>
    <COUNTRYID>8</COUNTRYID>
    <LANGDISP>ar-KW</LANGDISP>
    <Active>TRUE</Active>
  </PageList>
  <PageList>
    <ID>4</ID>
    <LabelMstID>TBLGROUP_USER</LabelMstID>
    <FieldName>LocationId</FieldName>
    <LabelID>lblLocationId1s</LabelID>
    <LabelName>GROUP</LabelName>
    <LangID>1</LangID>
    <COUNTRYID>8</COUNTRYID>
    <LANGDISP>en-US</LANGDISP>
    <Active>TRUE</Active>
  </PageList>
  <PageList>
    <ID>5</ID>
    <LabelMstID>TBLGROUP_USER</LabelMstID>
    <FieldName>LocationId</FieldName>
    <LabelID>lblLocationId1s</LabelID>
    <LabelName>LocationID</LabelName>
    <LangID>3</LangID>
    <COUNTRYID>8</COUNTRYID>
    <LANGDISP>fr-FR</LANGDISP>
    <Active>TRUE</Active>
  </PageList>
  <PageList>
    <ID>6</ID>
    <LabelMstID>TBLGROUP_USER</LabelMstID>
    <FieldName>LocationId</FieldName>
    <LabelID>lblLocationId2h</LabelID>
    <LabelName>لوكاتيونيد</LabelName>
    <LangID>2</LangID>
    <COUNTRYID>8</COUNTRYID>
    <LANGDISP>ar-KW</LANGDISP>
    <Active>TRUE</Active>
  </PageList>
  <PageList>
    <ID>7</ID>
    <LabelMstID>TBLGROUP_USER</LabelMstID>
    <FieldName>ITGROUPID</FieldName>
    <LabelID>lblITGROUPID1s</LabelID>
    <LabelName>GROUP</LabelName>
    <LangID>1</LangID>
    <COUNTRYID>8</COUNTRYID>
    <LANGDISP>en-US</LANGDISP>
    <Active>TRUE</Active>
  </PageList>
  <PageList>
    <ID>8</ID>
    <LabelMstID>TBLGROUP_USER</LabelMstID>
    <FieldName>ITGROUPID</FieldName>
    <LabelID>lblITGROUPID1s</LabelID>
    <LabelName>ITGroup nom</LabelName>
    <LangID>3</LangID>
    <COUNTRYID>8</COUNTRYID>
    <LANGDISP>fr-FR</LANGDISP>
    <Active>TRUE</Active>
  </PageList>
  <PageList>
    <ID>9</ID>
    <LabelMstID>TBLGROUP_USER</LabelMstID>
    <FieldName>ITGROUPID</FieldName>
    <LabelID>lblITGROUPID2h</LabelID>
    <LabelName>اسم إيتجروب</LabelName>
    <LangID>2</LangID>
    <COUNTRYID>8</COUNTRYID>
    <LANGDISP>ar-KW</LANGDISP>
    <Active>TRUE</Active>
  </PageList>
  <PageList>
    <ID>10</ID>
    <LabelMstID>TBLGROUP_USER</LabelMstID>
    <FieldName>GroupType</FieldName>
    <LabelID>lblGroupType1s</LabelID>
    <LabelName>GROUP</LabelName>
    <LangID>1</LangID>
    <COUNTRYID>8</COUNTRYID>
    <LANGDISP>en-US</LANGDISP>
    <Active>TRUE</Active>
  </PageList>
  <PageList>
    <ID>11</ID>
    <LabelMstID>TBLGROUP_USER</LabelMstID>
    <FieldName>GroupType</FieldName>
    <LabelID>lblGroupType1s</LabelID>
    <LabelName>Type de groupe</LabelName>
    <LangID>3</LangID>
    <COUNTRYID>8</COUNTRYID>
    <LANGDISP>fr-FR</LANGDISP>
    <Active>TRUE</Active>
  </PageList>
  <PageList>
    <ID>12</ID>
    <LabelMstID>TBLGROUP_USER</LabelMstID>
    <FieldName>GroupType</FieldName>
    <LabelID>lblGroupType2h</LabelID>
    <LabelName>نوع المجموعة</LabelName>
    <LangID>2</LangID>
    <COUNTRYID>8</COUNTRYID>
    <LANGDISP>ar-KW</LANGDISP>
    <Active>TRUE</Active>
  </PageList>
  <PageList>
    <ID>13</ID>
    <LabelMstID>TBLGROUP_USER</LabelMstID>
    <FieldName>Groupname</FieldName>
    <LabelID>lblGroupname1s</LabelID>
    <LabelName>Group name</LabelName>
    <LangID>1</LangID>
    <COUNTRYID>8</COUNTRYID>
    <LANGDISP>en-US</LANGDISP>
    <Active>TRUE</Active>
  </PageList>
  <PageList>
    <ID>14</ID>
    <LabelMstID>TBLGROUP_USER</LabelMstID>
    <FieldName>Groupname</FieldName>
    <LabelID>lblGroupname1s</LabelID>
    <LabelName>Nom du groupe</LabelName>
    <LangID>3</LangID>
    <COUNTRYID>8</COUNTRYID>
    <LANGDISP>fr-FR</LANGDISP>
    <Active>TRUE</Active>
  </PageList>
  <PageList>
    <ID>15</ID>
    <LabelMstID>TBLGROUP_USER</LabelMstID>
    <FieldName>Groupname</FieldName>
    <LabelID>lblGroupname2h</LabelID>
    <LabelName>اسم المجموعة</LabelName>
    <LangID>2</LangID>
    <COUNTRYID>8</COUNTRYID>
    <LANGDISP>ar-KW</LANGDISP>
    <Active>TRUE</Active>
  </PageList>
  <PageList>
    <ID>16</ID>
    <LabelMstID>TBLGROUP_USER</LabelMstID>
    <FieldName>ACTIVE_Flag</FieldName>
    <LabelID>lblACTIVE_Flag1s</LabelID>
    <LabelName>GROUP</LabelName>
    <LangID>1</LangID>
    <COUNTRYID>8</COUNTRYID>
    <LANGDISP>en-US</LANGDISP>
    <Active>TRUE</Active>
  </PageList>
  <PageList>
    <ID>17</ID>
    <LabelMstID>TBLGROUP_USER</LabelMstID>
    <FieldName>ACTIVE_Flag</FieldName>
    <LabelID>lblACTIVE_Flag1s</LabelID>
    <LabelName>Actif indicateur</LabelName>
    <LangID>3</LangID>
    <COUNTRYID>8</COUNTRYID>
    <LANGDISP>fr-FR</LANGDISP>
    <Active>TRUE</Active>
  </PageList>
  <PageList>
    <ID>18</ID>
    <LabelMstID>TBLGROUP_USER</LabelMstID>
    <FieldName>ACTIVE_Flag</FieldName>
    <LabelID>lblACTIVE_Flag2h</LabelID>
    <LabelName>العلم نشط</LabelName>
    <LangID>2</LangID>
    <COUNTRYID>8</COUNTRYID>
    <LANGDISP>ar-KW</LANGDISP>
    <Active>TRUE</Active>
  </PageList>
  <PageList>
    <ID>19</ID>
    <LabelMstID>TBLGROUP_USER</LabelMstID>
    <FieldName>USER Name</FieldName>
    <LabelID>lblUSERCODE1s</LabelID>
    <LabelName>User Name</LabelName>
    <LangID>1</LangID>
    <COUNTRYID>8</COUNTRYID>
    <LANGDISP>en-US</LANGDISP>
    <Active>TRUE</Active>
  </PageList>
  <PageList>
    <ID>20</ID>
    <LabelMstID>TBLGROUP_USER</LabelMstID>
    <FieldName>USER Name</FieldName>
    <LabelID>lblUSERCODE1s</LabelID>
    <LabelName>Nom d’utilisateur</LabelName>
    <LangID>3</LangID>
    <COUNTRYID>8</COUNTRYID>
    <LANGDISP>fr-FR</LANGDISP>
    <Active>TRUE</Active>
  </PageList>
  <PageList>
    <ID>21</ID>
    <LabelMstID>TBLGROUP_USER</LabelMstID>
    <FieldName>USER Name</FieldName>
    <LabelID>lblUSERCODE2h</LabelID>
    <LabelName>التعليمات البرمجية للمستخدم</LabelName>
    <LangID>2</LangID>
    <COUNTRYID>8</COUNTRYID>
    <LANGDISP>ar-KW</LANGDISP>
    <Active>TRUE</Active>
  </PageList>
  <PageList>
    <ID>22</ID>
    <LabelMstID>TBLGROUP_USER</LabelMstID>
    <FieldName>GROUPID</FieldName>
    <LabelID>lblGROUPID1s</LabelID>
    <LabelName>GROUP</LabelName>
    <LangID>1</LangID>
    <COUNTRYID>8</COUNTRYID>
    <LANGDISP>en-US</LANGDISP>
    <Active>TRUE</Active>
  </PageList>
  <PageList>
    <ID>23</ID>
    <LabelMstID>TBLGROUP_USER</LabelMstID>
    <FieldName>GROUPID</FieldName>
    <LabelID>lblGROUPID1s</LabelID>
    <LabelName>Nom du groupe</LabelName>
    <LangID>3</LangID>
    <COUNTRYID>8</COUNTRYID>
    <LANGDISP>fr-FR</LANGDISP>
    <Active>TRUE</Active>
  </PageList>
  <PageList>
    <ID>24</ID>
    <LabelMstID>TBLGROUP_USER</LabelMstID>
    <FieldName>GROUPID</FieldName>
    <LabelID>lblGROUPID2h</LabelID>
    <LabelName>اسم المجموعة</LabelName>
    <LangID>2</LangID>
    <COUNTRYID>8</COUNTRYID>
    <LANGDISP>ar-KW</LANGDISP>
    <Active>TRUE</Active>
  </PageList>
  <PageList>
    <ID>25</ID>
    <LabelMstID>TBLGROUP_USER</LabelMstID>
    <FieldName>remarks</FieldName>
    <LabelID>lblremarks1s</LabelID>
    <LabelName>GROUP</LabelName>
    <LangID>1</LangID>
    <COUNTRYID>8</COUNTRYID>
    <LANGDISP>en-US</LANGDISP>
    <Active>TRUE</Active>
  </PageList>
  <PageList>
    <ID>26</ID>
    <LabelMstID>TBLGROUP_USER</LabelMstID>
    <FieldName>remarks</FieldName>
    <LabelID>lblremarks1s</LabelID>
    <LabelName>Remarques</LabelName>
    <LangID>3</LangID>
    <COUNTRYID>8</COUNTRYID>
    <LANGDISP>fr-FR</LANGDISP>
    <Active>TRUE</Active>
  </PageList>
  <PageList>
    <ID>27</ID>
    <LabelMstID>TBLGROUP_USER</LabelMstID>
    <FieldName>remarks</FieldName>
    <LabelID>lblremarks2h</LabelID>
    <LabelName>الملاحظات</LabelName>
    <LangID>2</LangID>
    <COUNTRYID>8</COUNTRYID>
    <LANGDISP>ar-KW</LANGDISP>
    <Active>TRUE</Active>
  </PageList>
  <PageList>
    <ID>28</ID>
    <LabelMstID>TBLGROUP_USER</LabelMstID>
    <FieldName>ACTIVE</FieldName>
    <LabelID>lblACTIVE1s</LabelID>
    <LabelName>GROUP</LabelName>
    <LangID>1</LangID>
    <COUNTRYID>8</COUNTRYID>
    <LANGDISP>en-US</LANGDISP>
    <Active>TRUE</Active>
  </PageList>
  <PageList>
    <ID>29</ID>
    <LabelMstID>TBLGROUP_USER</LabelMstID>
    <FieldName>ACTIVE</FieldName>
    <LabelID>lblACTIVE1s</LabelID>
    <LabelName>Actif</LabelName>
    <LangID>3</LangID>
    <COUNTRYID>8</COUNTRYID>
    <LANGDISP>fr-FR</LANGDISP>
    <Active>TRUE</Active>
  </PageList>
  <PageList>
    <ID>30</ID>
    <LabelMstID>TBLGROUP_USER</LabelMstID>
    <FieldName>ACTIVE</FieldName>
    <LabelID>lblACTIVE2h</LabelID>
    <LabelName>النشطة</LabelName>
    <LangID>2</LangID>
    <COUNTRYID>8</COUNTRYID>
    <LANGDISP>ar-KW</LANGDISP>
    <Active>TRUE</Active>
  </PageList>
  <PageList>
    <ID>31</ID>
    <LabelMstID>TBLGROUP_USER</LabelMstID>
    <FieldName>CRUP_ID</FieldName>
    <LabelID>lblCRUP_ID1s</LabelID>
    <LabelName>GROUP</LabelName>
    <LangID>1</LangID>
    <COUNTRYID>8</COUNTRYID>
    <LANGDISP>en-US</LANGDISP>
    <Active>TRUE</Active>
  </PageList>
  <PageList>
    <ID>32</ID>
    <LabelMstID>TBLGROUP_USER</LabelMstID>
    <FieldName>CRUP_ID</FieldName>
    <LabelID>lblCRUP_ID1s</LabelID>
    <LabelName>Crup nom</LabelName>
    <LangID>3</LangID>
    <COUNTRYID>8</COUNTRYID>
    <LANGDISP>fr-FR</LANGDISP>
    <Active>TRUE</Active>
  </PageList>
  <PageList>
    <ID>33</ID>
    <LabelMstID>TBLGROUP_USER</LabelMstID>
    <FieldName>CRUP_ID</FieldName>
    <LabelID>lblCRUP_ID2h</LabelID>
    <LabelName>اسم Crup</LabelName>
    <LangID>2</LangID>
    <COUNTRYID>8</COUNTRYID>
    <LANGDISP>ar-KW</LANGDISP>
    <Active>TRUE</Active>
  </PageList>
  <PageList>
    <ID>34</ID>
    <LabelMstID>TBLGROUP_USER</LabelMstID>
    <FieldName>Infastructure</FieldName>
    <LabelID>lblInfastructure1s</LabelID>
    <LabelName>Infastructure</LabelName>
    <LangID>1</LangID>
    <COUNTRYID>8</COUNTRYID>
    <LANGDISP>en-US</LANGDISP>
    <Active>TRUE</Active>
  </PageList>
  <PageList>
    <ID>35</ID>
    <LabelMstID>TBLGROUP_USER</LabelMstID>
    <FieldName>Infastructure</FieldName>
    <LabelID>lblInfastructure1s</LabelID>
    <LabelName>Infrastructure ferroviaire</LabelName>
    <LangID>3</LangID>
    <COUNTRYID>8</COUNTRYID>
    <LANGDISP>fr-FR</LANGDISP>
    <Active>TRUE</Active>
  </PageList>
  <PageList>
    <ID>36</ID>
    <LabelMstID>TBLGROUP_USER</LabelMstID>
    <FieldName>Infastructure</FieldName>
    <LabelID>lblInfastructure2h</LabelID>
    <LabelName>التحتية</LabelName>
    <LangID>2</LangID>
    <COUNTRYID>8</COUNTRYID>
    <LANGDISP>ar-KW</LANGDISP>
    <Active>TRUE</Active>
  </PageList>
  <PageList>
    <ID>37</ID>
    <LabelMstID>TBLGROUP_USER</LabelMstID>
    <FieldName>Group name</FieldName>
    <LabelID>lblGroupname11s</LabelID>
    <LabelName>Group name</LabelName>
    <LangID>1</LangID>
    <COUNTRYID>8</COUNTRYID>
    <LANGDISP>en-US</LANGDISP>
    <Active>TRUE</Active>
  </PageList>
  <PageList>
    <ID>38</ID>
    <LabelMstID>TBLGROUP_USER</LabelMstID>
    <FieldName>Group name</FieldName>
    <LabelID>lblGroupname11s</LabelID>
    <LabelName>Nom du groupe </LabelName>
    <LangID>3</LangID>
    <COUNTRYID>8</COUNTRYID>
    <LANGDISP>fr-FR</LANGDISP>
    <Active>TRUE</Active>
  </PageList>
  <PageList>
    <ID>39</ID>
    <LabelMstID>TBLGROUP_USER</LabelMstID>
    <FieldName>Group name</FieldName>
    <LabelID>lblGroupname12h</LabelID>
    <LabelName>اسم المجموعة</LabelName>
    <LangID>2</LangID>
    <COUNTRYID>8</COUNTRYID>
    <LANGDISP>ar-KW</LANGDISP>
    <Active>TRUE</Active>
  </PageList>
  <PageList>
    <ID>40</ID>
    <LabelMstID>TBLGROUP_USER</LabelMstID>
    <FieldName>NULL</FieldName>
    <LabelID>lblHeader1s</LabelID>
    <LabelName>GROUP</LabelName>
    <LangID>1</LangID>
    <COUNTRYID>8</COUNTRYID>
    <LANGDISP>en-US</LANGDISP>
    <Active>TRUE</Active>
  </PageList>
  <PageList>
    <ID>41</ID>
    <LabelMstID>TBLGROUP_USER</LabelMstID>
    <FieldName>NULL</FieldName>
    <LabelID>lblHeader1s</LabelID>
    <LabelName>TBLGROUP_USER</LabelName>
    <LangID>3</LangID>
    <COUNTRYID>8</COUNTRYID>
    <LANGDISP>fr-FR</LANGDISP>
    <Active>TRUE</Active>
  </PageList>
  <PageList>
    <ID>42</ID>
    <LabelMstID>TBLGROUP_USER</LabelMstID>
    <FieldName>NULL</FieldName>
    <LabelID>lblHeader2h</LabelID>
    <LabelName>TBLGROUP_USER</LabelName>
    <LangID>2</LangID>
    <COUNTRYID>8</COUNTRYID>
    <LANGDISP>ar-KW</LANGDISP>
    <Active>TRUE</Active>
  </PageList>
</TBLLabelDTL>