<?xml version="1.0" standalone="yes"?>
<TBLLabelDTL>
  <PageList>
    <ID>1</ID>
    <LabelMstID>TBLLOCATION</LabelMstID>
    <FieldName>TenantID</FieldName>
    <LabelID>lblTenantID1s</LabelID>
    <LabelName>LOCATION</LabelName>
    <LangID>1</LangID>
    <COUNTRYID>8</COUNTRYID>
    <LANGDISP>en-US</LANGDISP>
    <Active>TRUE</Active>
  </PageList>
  <PageList>
    <ID>2</ID>
    <LabelMstID>TBLLOCATION</LabelMstID>
    <FieldName>TenantID</FieldName>
    <LabelID>lblTenantID1s</LabelID>
    <LabelName>LOCATION</LabelName>
    <LangID>3</LangID>
    <COUNTRYID>8</COUNTRYID>
    <LANGDISP>fr-FR</LANGDISP>
    <Active>TRUE</Active>
  </PageList>
  <PageList>
    <ID>3</ID>
    <LabelMstID>TBLLOCATION</LabelMstID>
    <FieldName>TenantID</FieldName>
    <LabelID>lblTenantID2h</LabelID>
    <LabelName>اسم المستأجر</LabelName>
    <LangID>2</LangID>
    <COUNTRYID>8</COUNTRYID>
    <LANGDISP>ar-KW</LANGDISP>
    <Active>TRUE</Active>
  </PageList>
  <PageList>
    <ID>4</ID>
    <LabelMstID>TBLLOCATION</LabelMstID>
    <FieldName>LOCATIONID</FieldName>
    <LabelID>lblLOCATIONID1s</LabelID>
    <LabelName>LOCATION</LabelName>
    <LangID>1</LangID>
    <COUNTRYID>8</COUNTRYID>
    <LANGDISP>en-US</LANGDISP>
    <Active>TRUE</Active>
  </PageList>
  <PageList>
    <ID>5</ID>
    <LabelMstID>TBLLOCATION</LabelMstID>
    <FieldName>LOCATIONID</FieldName>
    <LabelID>lblLOCATIONID1s</LabelID>
    <LabelName>LOCATION</LabelName>
    <LangID>3</LangID>
    <COUNTRYID>8</COUNTRYID>
    <LANGDISP>fr-FR</LANGDISP>
    <Active>TRUE</Active>
  </PageList>
  <PageList>
    <ID>6</ID>
    <LabelMstID>TBLLOCATION</LabelMstID>
    <FieldName>LOCATIONID</FieldName>
    <LabelID>lblLOCATIONID2h</LabelID>
    <LabelName>اسم الموقع</LabelName>
    <LangID>2</LangID>
    <COUNTRYID>8</COUNTRYID>
    <LANGDISP>ar-KW</LANGDISP>
    <Active>TRUE</Active>
  </PageList>
  <PageList>
    <ID>7</ID>
    <LabelMstID>TBLLOCATION</LabelMstID>
    <FieldName>PHYSICALLOCID</FieldName>
    <LabelID>lblPHYSICALLOCID1s</LabelID>
    <LabelName>Physical Location</LabelName>
    <LangID>1</LangID>
    <COUNTRYID>8</COUNTRYID>
    <LANGDISP>en-US</LANGDISP>
    <Active>TRUE</Active>
  </PageList>
  <PageList>
    <ID>8</ID>
    <LabelMstID>TBLLOCATION</LabelMstID>
    <FieldName>PHYSICALLOCID</FieldName>
    <LabelID>lblPHYSICALLOCID1s</LabelID>
    <LabelName>Physicalloc nom</LabelName>
    <LangID>3</LangID>
    <COUNTRYID>8</COUNTRYID>
    <LANGDISP>fr-FR</LANGDISP>
    <Active>TRUE</Active>
  </PageList>
  <PageList>
    <ID>9</ID>
    <LabelMstID>TBLLOCATION</LabelMstID>
    <FieldName>PHYSICALLOCID</FieldName>
    <LabelID>lblPHYSICALLOCID2h</LabelID>
    <LabelName>اسم فيسيكالوك</LabelName>
    <LangID>2</LangID>
    <COUNTRYID>8</COUNTRYID>
    <LANGDISP>ar-KW</LANGDISP>
    <Active>TRUE</Active>
  </PageList>
  <PageList>
    <ID>10</ID>
    <LabelMstID>TBLLOCATION</LabelMstID>
    <FieldName>LOCNAME1</FieldName>
    <LabelID>lblLOCNAME11s</LabelID>
    <LabelName>Location Name</LabelName>
    <LangID>1</LangID>
    <COUNTRYID>8</COUNTRYID>
    <LANGDISP>en-US</LANGDISP>
    <Active>TRUE</Active>
  </PageList>
  <PageList>
    <ID>11</ID>
    <LabelMstID>TBLLOCATION</LabelMstID>
    <FieldName>LOCNAME1</FieldName>
    <LabelID>lblLOCNAME11s</LabelID>
    <LabelName>Locname1</LabelName>
    <LangID>3</LangID>
    <COUNTRYID>8</COUNTRYID>
    <LANGDISP>fr-FR</LANGDISP>
    <Active>TRUE</Active>
  </PageList>
  <PageList>
    <ID>12</ID>
    <LabelMstID>TBLLOCATION</LabelMstID>
    <FieldName>LOCNAME1</FieldName>
    <LabelID>lblLOCNAME12h</LabelID>
    <LabelName>Locname1</LabelName>
    <LangID>2</LangID>
    <COUNTRYID>8</COUNTRYID>
    <LANGDISP>ar-KW</LANGDISP>
    <Active>TRUE</Active>
  </PageList>
  <PageList>
    <ID>13</ID>
    <LabelMstID>TBLLOCATION</LabelMstID>
    <FieldName>LOCNAME2</FieldName>
    <LabelID>lblLOCNAME21s</LabelID>
    <LabelName>Location Name 2</LabelName>
    <LangID>1</LangID>
    <COUNTRYID>8</COUNTRYID>
    <LANGDISP>en-US</LANGDISP>
    <Active>TRUE</Active>
  </PageList>
  <PageList>
    <ID>14</ID>
    <LabelMstID>TBLLOCATION</LabelMstID>
    <FieldName>LOCNAME2</FieldName>
    <LabelID>lblLOCNAME21s</LabelID>
    <LabelName>Locname2</LabelName>
    <LangID>3</LangID>
    <COUNTRYID>8</COUNTRYID>
    <LANGDISP>fr-FR</LANGDISP>
    <Active>TRUE</Active>
  </PageList>
  <PageList>
    <ID>15</ID>
    <LabelMstID>TBLLOCATION</LabelMstID>
    <FieldName>LOCNAME2</FieldName>
    <LabelID>lblLOCNAME22h</LabelID>
    <LabelName>Locname2</LabelName>
    <LangID>2</LangID>
    <COUNTRYID>8</COUNTRYID>
    <LANGDISP>ar-KW</LANGDISP>
    <Active>TRUE</Active>
  </PageList>
  <PageList>
    <ID>16</ID>
    <LabelMstID>TBLLOCATION</LabelMstID>
    <FieldName>LOCNAME3</FieldName>
    <LabelID>lblLOCNAME31s</LabelID>
    <LabelName>Location Name 3</LabelName>
    <LangID>1</LangID>
    <COUNTRYID>8</COUNTRYID>
    <LANGDISP>en-US</LANGDISP>
    <Active>TRUE</Active>
  </PageList>
  <PageList>
    <ID>17</ID>
    <LabelMstID>TBLLOCATION</LabelMstID>
    <FieldName>LOCNAME3</FieldName>
    <LabelID>lblLOCNAME31s</LabelID>
    <LabelName>Locname3</LabelName>
    <LangID>3</LangID>
    <COUNTRYID>8</COUNTRYID>
    <LANGDISP>fr-FR</LANGDISP>
    <Active>TRUE</Active>
  </PageList>
  <PageList>
    <ID>18</ID>
    <LabelMstID>TBLLOCATION</LabelMstID>
    <FieldName>LOCNAME3</FieldName>
    <LabelID>lblLOCNAME32h</LabelID>
    <LabelName>Locname3</LabelName>
    <LangID>2</LangID>
    <COUNTRYID>8</COUNTRYID>
    <LANGDISP>ar-KW</LANGDISP>
    <Active>TRUE</Active>
  </PageList>
  <PageList>
    <ID>19</ID>
    <LabelMstID>TBLLOCATION</LabelMstID>
    <FieldName>ADDRESS</FieldName>
    <LabelID>lblADDRESS1s</LabelID>
    <LabelName>Address</LabelName>
    <LangID>1</LangID>
    <COUNTRYID>8</COUNTRYID>
    <LANGDISP>en-US</LANGDISP>
    <Active>TRUE</Active>
  </PageList>
  <PageList>
    <ID>20</ID>
    <LabelMstID>TBLLOCATION</LabelMstID>
    <FieldName>ADDRESS</FieldName>
    <LabelID>lblADDRESS1s</LabelID>
    <LabelName>Adresse</LabelName>
    <LangID>3</LangID>
    <COUNTRYID>8</COUNTRYID>
    <LANGDISP>fr-FR</LANGDISP>
    <Active>TRUE</Active>
  </PageList>
  <PageList>
    <ID>21</ID>
    <LabelMstID>TBLLOCATION</LabelMstID>
    <FieldName>ADDRESS</FieldName>
    <LabelID>lblADDRESS2h</LabelID>
    <LabelName>عنوان</LabelName>
    <LangID>2</LangID>
    <COUNTRYID>8</COUNTRYID>
    <LANGDISP>ar-KW</LANGDISP>
    <Active>TRUE</Active>
  </PageList>
  <PageList>
    <ID>22</ID>
    <LabelMstID>TBLLOCATION</LabelMstID>
    <FieldName>DEPT</FieldName>
    <LabelID>lblDEPT1s</LabelID>
    <LabelName>Departement</LabelName>
    <LangID>1</LangID>
    <COUNTRYID>8</COUNTRYID>
    <LANGDISP>en-US</LANGDISP>
    <Active>TRUE</Active>
  </PageList>
  <PageList>
    <ID>23</ID>
    <LabelMstID>TBLLOCATION</LabelMstID>
    <FieldName>DEPT</FieldName>
    <LabelID>lblDEPT1s</LabelID>
    <LabelName>Dept</LabelName>
    <LangID>3</LangID>
    <COUNTRYID>8</COUNTRYID>
    <LANGDISP>fr-FR</LANGDISP>
    <Active>TRUE</Active>
  </PageList>
  <PageList>
    <ID>24</ID>
    <LabelMstID>TBLLOCATION</LabelMstID>
    <FieldName>DEPT</FieldName>
    <LabelID>lblDEPT2h</LabelID>
    <LabelName>رئيس القسم</LabelName>
    <LangID>2</LangID>
    <COUNTRYID>8</COUNTRYID>
    <LANGDISP>ar-KW</LANGDISP>
    <Active>TRUE</Active>
  </PageList>
  <PageList>
    <ID>25</ID>
    <LabelMstID>TBLLOCATION</LabelMstID>
    <FieldName>SECTIONCODE</FieldName>
    <LabelID>lblSECTIONCODE1s</LabelID>
    <LabelName>Section Code</LabelName>
    <LangID>1</LangID>
    <COUNTRYID>8</COUNTRYID>
    <LANGDISP>en-US</LANGDISP>
    <Active>TRUE</Active>
  </PageList>
  <PageList>
    <ID>26</ID>
    <LabelMstID>TBLLOCATION</LabelMstID>
    <FieldName>SECTIONCODE</FieldName>
    <LabelID>lblSECTIONCODE1s</LabelID>
    <LabelName>Sectioncode</LabelName>
    <LangID>3</LangID>
    <COUNTRYID>8</COUNTRYID>
    <LANGDISP>fr-FR</LANGDISP>
    <Active>TRUE</Active>
  </PageList>
  <PageList>
    <ID>27</ID>
    <LabelMstID>TBLLOCATION</LabelMstID>
    <FieldName>SECTIONCODE</FieldName>
    <LabelID>lblSECTIONCODE2h</LabelID>
    <LabelName>سيكتيونكودي</LabelName>
    <LangID>2</LangID>
    <COUNTRYID>8</COUNTRYID>
    <LANGDISP>ar-KW</LANGDISP>
    <Active>TRUE</Active>
  </PageList>
  <PageList>
    <ID>28</ID>
    <LabelMstID>TBLLOCATION</LabelMstID>
    <FieldName>ACCOUNT</FieldName>
    <LabelID>lblACCOUNT1s</LabelID>
    <LabelName>Account</LabelName>
    <LangID>1</LangID>
    <COUNTRYID>8</COUNTRYID>
    <LANGDISP>en-US</LANGDISP>
    <Active>TRUE</Active>
  </PageList>
  <PageList>
    <ID>29</ID>
    <LabelMstID>TBLLOCATION</LabelMstID>
    <FieldName>ACCOUNT</FieldName>
    <LabelID>lblACCOUNT1s</LabelID>
    <LabelName>Compte</LabelName>
    <LangID>3</LangID>
    <COUNTRYID>8</COUNTRYID>
    <LANGDISP>fr-FR</LANGDISP>
    <Active>TRUE</Active>
  </PageList>
  <PageList>
    <ID>30</ID>
    <LabelMstID>TBLLOCATION</LabelMstID>
    <FieldName>ACCOUNT</FieldName>
    <LabelID>lblACCOUNT2h</LabelID>
    <LabelName>حساب</LabelName>
    <LangID>2</LangID>
    <COUNTRYID>8</COUNTRYID>
    <LANGDISP>ar-KW</LANGDISP>
    <Active>TRUE</Active>
  </PageList>
  <PageList>
    <ID>31</ID>
    <LabelMstID>TBLLOCATION</LabelMstID>
    <FieldName>MAXDISCOUNT</FieldName>
    <LabelID>lblMAXDISCOUNT1s</LabelID>
    <LabelName>Max Discount</LabelName>
    <LangID>1</LangID>
    <COUNTRYID>8</COUNTRYID>
    <LANGDISP>en-US</LANGDISP>
    <Active>TRUE</Active>
  </PageList>
  <PageList>
    <ID>32</ID>
    <LabelMstID>TBLLOCATION</LabelMstID>
    <FieldName>MAXDISCOUNT</FieldName>
    <LabelID>lblMAXDISCOUNT1s</LabelID>
    <LabelName>Maxdiscount</LabelName>
    <LangID>3</LangID>
    <COUNTRYID>8</COUNTRYID>
    <LANGDISP>fr-FR</LANGDISP>
    <Active>TRUE</Active>
  </PageList>
  <PageList>
    <ID>33</ID>
    <LabelMstID>TBLLOCATION</LabelMstID>
    <FieldName>MAXDISCOUNT</FieldName>
    <LabelID>lblMAXDISCOUNT2h</LabelID>
    <LabelName>ماكسديسكونت</LabelName>
    <LangID>2</LangID>
    <COUNTRYID>8</COUNTRYID>
    <LANGDISP>ar-KW</LANGDISP>
    <Active>TRUE</Active>
  </PageList>
  <PageList>
    <ID>34</ID>
    <LabelMstID>TBLLOCATION</LabelMstID>
    <FieldName>USERID</FieldName>
    <LabelID>lblUSERID1s</LabelID>
    <LabelName>User name</LabelName>
    <LangID>1</LangID>
    <COUNTRYID>8</COUNTRYID>
    <LANGDISP>en-US</LANGDISP>
    <Active>TRUE</Active>
  </PageList>
  <PageList>
    <ID>35</ID>
    <LabelMstID>TBLLOCATION</LabelMstID>
    <FieldName>USERID</FieldName>
    <LabelID>lblUSERID1s</LabelID>
    <LabelName>Nom d’utilisateur</LabelName>
    <LangID>3</LangID>
    <COUNTRYID>8</COUNTRYID>
    <LANGDISP>fr-FR</LANGDISP>
    <Active>TRUE</Active>
  </PageList>
  <PageList>
    <ID>36</ID>
    <LabelMstID>TBLLOCATION</LabelMstID>
    <FieldName>USERID</FieldName>
    <LabelID>lblUSERID2h</LabelID>
    <LabelName>اسم المستخدم</LabelName>
    <LangID>2</LangID>
    <COUNTRYID>8</COUNTRYID>
    <LANGDISP>ar-KW</LANGDISP>
    <Active>TRUE</Active>
  </PageList>
  <PageList>
    <ID>37</ID>
    <LabelMstID>TBLLOCATION</LabelMstID>
    <FieldName>ENTRYDATE</FieldName>
    <LabelID>lblENTRYDATE1s</LabelID>
    <LabelName>Entry Date</LabelName>
    <LangID>1</LangID>
    <COUNTRYID>8</COUNTRYID>
    <LANGDISP>en-US</LANGDISP>
    <Active>TRUE</Active>
  </PageList>
  <PageList>
    <ID>38</ID>
    <LabelMstID>TBLLOCATION</LabelMstID>
    <FieldName>ENTRYDATE</FieldName>
    <LabelID>lblENTRYDATE1s</LabelID>
    <LabelName>ENTRYDATE</LabelName>
    <LangID>3</LangID>
    <COUNTRYID>8</COUNTRYID>
    <LANGDISP>fr-FR</LANGDISP>
    <Active>TRUE</Active>
  </PageList>
  <PageList>
    <ID>39</ID>
    <LabelMstID>TBLLOCATION</LabelMstID>
    <FieldName>ENTRYDATE</FieldName>
    <LabelID>lblENTRYDATE2h</LabelID>
    <LabelName>انتريداتي</LabelName>
    <LangID>2</LangID>
    <COUNTRYID>8</COUNTRYID>
    <LANGDISP>ar-KW</LANGDISP>
    <Active>TRUE</Active>
  </PageList>
  <PageList>
    <ID>40</ID>
    <LabelMstID>TBLLOCATION</LabelMstID>
    <FieldName>ENTRYTIME</FieldName>
    <LabelID>lblENTRYTIME1s</LabelID>
    <LabelName>Entry Time</LabelName>
    <LangID>1</LangID>
    <COUNTRYID>8</COUNTRYID>
    <LANGDISP>en-US</LANGDISP>
    <Active>TRUE</Active>
  </PageList>
  <PageList>
    <ID>41</ID>
    <LabelMstID>TBLLOCATION</LabelMstID>
    <FieldName>ENTRYTIME</FieldName>
    <LabelID>lblENTRYTIME1s</LabelID>
    <LabelName>EntryTime</LabelName>
    <LangID>3</LangID>
    <COUNTRYID>8</COUNTRYID>
    <LANGDISP>fr-FR</LANGDISP>
    <Active>TRUE</Active>
  </PageList>
  <PageList>
    <ID>42</ID>
    <LabelMstID>TBLLOCATION</LabelMstID>
    <FieldName>ENTRYTIME</FieldName>
    <LabelID>lblENTRYTIME2h</LabelID>
    <LabelName>انتريتيمي</LabelName>
    <LangID>2</LangID>
    <COUNTRYID>8</COUNTRYID>
    <LANGDISP>ar-KW</LANGDISP>
    <Active>TRUE</Active>
  </PageList>
  <PageList>
    <ID>43</ID>
    <LabelMstID>TBLLOCATION</LabelMstID>
    <FieldName>UPDTTIME</FieldName>
    <LabelID>lblUPDTTIME1s</LabelID>
    <LabelName>Update Date</LabelName>
    <LangID>1</LangID>
    <COUNTRYID>8</COUNTRYID>
    <LANGDISP>en-US</LANGDISP>
    <Active>TRUE</Active>
  </PageList>
  <PageList>
    <ID>44</ID>
    <LabelMstID>TBLLOCATION</LabelMstID>
    <FieldName>UPDTTIME</FieldName>
    <LabelID>lblUPDTTIME1s</LabelID>
    <LabelName>Updttime</LabelName>
    <LangID>3</LangID>
    <COUNTRYID>8</COUNTRYID>
    <LANGDISP>fr-FR</LANGDISP>
    <Active>TRUE</Active>
  </PageList>
  <PageList>
    <ID>45</ID>
    <LabelMstID>TBLLOCATION</LabelMstID>
    <FieldName>UPDTTIME</FieldName>
    <LabelID>lblUPDTTIME2h</LabelID>
    <LabelName>أوبدتيمي</LabelName>
    <LangID>2</LangID>
    <COUNTRYID>8</COUNTRYID>
    <LANGDISP>ar-KW</LANGDISP>
    <Active>TRUE</Active>
  </PageList>
  <PageList>
    <ID>46</ID>
    <LabelMstID>TBLLOCATION</LabelMstID>
    <FieldName>Active</FieldName>
    <LabelID>lblActive1s</LabelID>
    <LabelName>Active</LabelName>
    <LangID>1</LangID>
    <COUNTRYID>8</COUNTRYID>
    <LANGDISP>en-US</LANGDISP>
    <Active>TRUE</Active>
  </PageList>
  <PageList>
    <ID>47</ID>
    <LabelMstID>TBLLOCATION</LabelMstID>
    <FieldName>Active</FieldName>
    <LabelID>lblActive1s</LabelID>
    <LabelName>Actif</LabelName>
    <LangID>3</LangID>
    <COUNTRYID>8</COUNTRYID>
    <LANGDISP>fr-FR</LANGDISP>
    <Active>TRUE</Active>
  </PageList>
  <PageList>
    <ID>48</ID>
    <LabelMstID>TBLLOCATION</LabelMstID>
    <FieldName>Active</FieldName>
    <LabelID>lblActive2h</LabelID>
    <LabelName>النشطة</LabelName>
    <LangID>2</LangID>
    <COUNTRYID>8</COUNTRYID>
    <LANGDISP>ar-KW</LANGDISP>
    <Active>TRUE</Active>
  </PageList>
  <PageList>
    <ID>49</ID>
    <LabelMstID>TBLLOCATION</LabelMstID>
    <FieldName>LOCNAME</FieldName>
    <LabelID>lblLOCNAME1s</LabelID>
    <LabelName>Locname</LabelName>
    <LangID>1</LangID>
    <COUNTRYID>8</COUNTRYID>
    <LANGDISP>en-US</LANGDISP>
    <Active>TRUE</Active>
  </PageList>
  <PageList>
    <ID>50</ID>
    <LabelMstID>TBLLOCATION</LabelMstID>
    <FieldName>LOCNAME</FieldName>
    <LabelID>lblLOCNAME1s</LabelID>
    <LabelName>Locname</LabelName>
    <LangID>3</LangID>
    <COUNTRYID>8</COUNTRYID>
    <LANGDISP>fr-FR</LANGDISP>
    <Active>TRUE</Active>
  </PageList>
  <PageList>
    <ID>51</ID>
    <LabelMstID>TBLLOCATION</LabelMstID>
    <FieldName>LOCNAME</FieldName>
    <LabelID>lblLOCNAME2h</LabelID>
    <LabelName>لوكنامي</LabelName>
    <LangID>2</LangID>
    <COUNTRYID>8</COUNTRYID>
    <LANGDISP>ar-KW</LANGDISP>
    <Active>TRUE</Active>
  </PageList>
  <PageList>
    <ID>52</ID>
    <LabelMstID>TBLLOCATION</LabelMstID>
    <FieldName>LOCNAMEO</FieldName>
    <LabelID>lblLOCNAMEO1s</LabelID>
    <LabelName>Locnameo</LabelName>
    <LangID>1</LangID>
    <COUNTRYID>8</COUNTRYID>
    <LANGDISP>en-US</LANGDISP>
    <Active>TRUE</Active>
  </PageList>
  <PageList>
    <ID>53</ID>
    <LabelMstID>TBLLOCATION</LabelMstID>
    <FieldName>LOCNAMEO</FieldName>
    <LabelID>lblLOCNAMEO1s</LabelID>
    <LabelName>Locnameo</LabelName>
    <LangID>3</LangID>
    <COUNTRYID>8</COUNTRYID>
    <LANGDISP>fr-FR</LANGDISP>
    <Active>TRUE</Active>
  </PageList>
  <PageList>
    <ID>54</ID>
    <LabelMstID>TBLLOCATION</LabelMstID>
    <FieldName>LOCNAMEO</FieldName>
    <LabelID>lblLOCNAMEO2h</LabelID>
    <LabelName>لوكناميو</LabelName>
    <LangID>2</LangID>
    <COUNTRYID>8</COUNTRYID>
    <LANGDISP>ar-KW</LANGDISP>
    <Active>TRUE</Active>
  </PageList>
  <PageList>
    <ID>55</ID>
    <LabelMstID>TBLLOCATION</LabelMstID>
    <FieldName>LOCNAMECH</FieldName>
    <LabelID>lblLOCNAMECH1s</LabelID>
    <LabelName>Locnamech</LabelName>
    <LangID>1</LangID>
    <COUNTRYID>8</COUNTRYID>
    <LANGDISP>en-US</LANGDISP>
    <Active>TRUE</Active>
  </PageList>
  <PageList>
    <ID>56</ID>
    <LabelMstID>TBLLOCATION</LabelMstID>
    <FieldName>LOCNAMECH</FieldName>
    <LabelID>lblLOCNAMECH1s</LabelID>
    <LabelName>Locnamech</LabelName>
    <LangID>3</LangID>
    <COUNTRYID>8</COUNTRYID>
    <LANGDISP>fr-FR</LANGDISP>
    <Active>TRUE</Active>
  </PageList>
  <PageList>
    <ID>57</ID>
    <LabelMstID>TBLLOCATION</LabelMstID>
    <FieldName>LOCNAMECH</FieldName>
    <LabelID>lblLOCNAMECH2h</LabelID>
    <LabelName>لوكناميتش</LabelName>
    <LangID>2</LangID>
    <COUNTRYID>8</COUNTRYID>
    <LANGDISP>ar-KW</LANGDISP>
    <Active>TRUE</Active>
  </PageList>
  <PageList>
    <ID>58</ID>
    <LabelMstID>TBLLOCATION</LabelMstID>
    <FieldName>CRUP_ID</FieldName>
    <LabelID>lblCRUP_ID1s</LabelID>
    <LabelName>Crup  name</LabelName>
    <LangID>1</LangID>
    <COUNTRYID>8</COUNTRYID>
    <LANGDISP>en-US</LANGDISP>
    <Active>TRUE</Active>
  </PageList>
  <PageList>
    <ID>59</ID>
    <LabelMstID>TBLLOCATION</LabelMstID>
    <FieldName>CRUP_ID</FieldName>
    <LabelID>lblCRUP_ID1s</LabelID>
    <LabelName>Crup nom</LabelName>
    <LangID>3</LangID>
    <COUNTRYID>8</COUNTRYID>
    <LANGDISP>fr-FR</LANGDISP>
    <Active>TRUE</Active>
  </PageList>
  <PageList>
    <ID>60</ID>
    <LabelMstID>TBLLOCATION</LabelMstID>
    <FieldName>CRUP_ID</FieldName>
    <LabelID>lblCRUP_ID2h</LabelID>
    <LabelName>اسم Crup</LabelName>
    <LangID>2</LangID>
    <COUNTRYID>8</COUNTRYID>
    <LANGDISP>ar-KW</LANGDISP>
    <Active>TRUE</Active>
  </PageList>
  <PageList>
    <ID>61</ID>
    <LabelMstID>TBLLOCATION</LabelMstID>
    <FieldName>NULL</FieldName>
    <LabelID>lblHeader1s</LabelID>
    <LabelName>LOCATION</LabelName>
    <LangID>1</LangID>
    <COUNTRYID>8</COUNTRYID>
    <LANGDISP>en-US</LANGDISP>
    <Active>TRUE</Active>
  </PageList>
  <PageList>
    <ID>62</ID>
    <LabelMstID>TBLLOCATION</LabelMstID>
    <FieldName>NULL</FieldName>
    <LabelID>lblHeader1s</LabelID>
    <LabelName>LOCATION</LabelName>
    <LangID>3</LangID>
    <COUNTRYID>8</COUNTRYID>
    <LANGDISP>fr-FR</LANGDISP>
    <Active>TRUE</Active>
  </PageList>
  <PageList>
    <ID>63</ID>
    <LabelMstID>TBLLOCATION</LabelMstID>
    <FieldName>NULL</FieldName>
    <LabelID>lblHeader2h</LabelID>
    <LabelName>تبلوكيشن</LabelName>
    <LangID>2</LangID>
    <COUNTRYID>8</COUNTRYID>
    <LANGDISP>ar-KW</LANGDISP>
    <Active>TRUE</Active>
  </PageList>
</TBLLabelDTL>