<?xml version="1.0" standalone="yes"?>
<TBLLabelDTL>
<PageList><ID>1</ID><LabelMstID>tblLanguage</LabelMstID><FieldName>TENANTID</FieldName><LabelID>lblTENANTID1s</LabelID><LabelName>Tenant name</LabelName><LangID>1</LangID><COUNTRYID>8</COUNTRYID><LANGDISP>en-US</LANGDISP><Active>TRUE</Active></PageList> 
<PageList><ID>2</ID><LabelMstID>tblLanguage</LabelMstID><FieldName>TENANTID</FieldName><LabelID>lblTENANTID1s</LabelID><LabelName>Nom du locataire</LabelName><LangID>3</LangID><COUNTRYID>8</COUNTRYID><LANGDISP>fr-FR</LANGDISP><Active>TRUE</Active></PageList> 
<PageList><ID>3</ID><LabelMstID>tblLanguage</LabelMstID><FieldName>TENANTID</FieldName><LabelID>lblTENANTID2h</LabelID><LabelName>اسم المستأجر</LabelName><LangID>2</LangID><COUNTRYID>8</COUNTRYID><LANGDISP>ar-KW</LANGDISP><Active>TRUE</Active></PageList> 
<PageList><ID>4</ID><LabelMstID>tblLanguage</LabelMstID><FieldName>MYCONLOCID</FieldName><LabelID>lblMYCONLOCID1s</LabelID><LabelName>Myconloc name</LabelName><LangID>1</LangID><COUNTRYID>8</COUNTRYID><LANGDISP>en-US</LANGDISP><Active>TRUE</Active></PageList> 
<PageList><ID>5</ID><LabelMstID>tblLanguage</LabelMstID><FieldName>MYCONLOCID</FieldName><LabelID>lblMYCONLOCID1s</LabelID><LabelName>Myconloc nom</LabelName><LangID>3</LangID><COUNTRYID>8</COUNTRYID><LANGDISP>fr-FR</LANGDISP><Active>TRUE</Active></PageList> 
<PageList><ID>6</ID><LabelMstID>tblLanguage</LabelMstID><FieldName>MYCONLOCID</FieldName><LabelID>lblMYCONLOCID2h</LabelID><LabelName>اسم ميكونلوك</LabelName><LangID>2</LangID><COUNTRYID>8</COUNTRYID><LANGDISP>ar-KW</LANGDISP><Active>TRUE</Active></PageList> 
<PageList><ID>7</ID><LabelMstID>tblLanguage</LabelMstID><FieldName>COUNTRYID</FieldName><LabelID>lblCOUNTRYID1s</LabelID><LabelName>Country name</LabelName><LangID>1</LangID><COUNTRYID>8</COUNTRYID><LANGDISP>en-US</LANGDISP><Active>TRUE</Active></PageList> 
<PageList><ID>8</ID><LabelMstID>tblLanguage</LabelMstID><FieldName>COUNTRYID</FieldName><LabelID>lblCOUNTRYID1s</LabelID><LabelName>Nom du pays</LabelName><LangID>3</LangID><COUNTRYID>8</COUNTRYID><LANGDISP>fr-FR</LANGDISP><Active>TRUE</Active></PageList> 
<PageList><ID>9</ID><LabelMstID>tblLanguage</LabelMstID><FieldName>COUNTRYID</FieldName><LabelID>lblCOUNTRYID2h</LabelID><LabelName>اسم البلد</LabelName><LangID>2</LangID><COUNTRYID>8</COUNTRYID><LANGDISP>ar-KW</LANGDISP><Active>TRUE</Active></PageList> 
<PageList><ID>10</ID><LabelMstID>tblLanguage</LabelMstID><FieldName>LangName1</FieldName><LabelID>lblLangName11s</LabelID><LabelName>Langname1</LabelName><LangID>1</LangID><COUNTRYID>8</COUNTRYID><LANGDISP>en-US</LANGDISP><Active>TRUE</Active></PageList> 
<PageList><ID>11</ID><LabelMstID>tblLanguage</LabelMstID><FieldName>LangName1</FieldName><LabelID>lblLangName11s</LabelID><LabelName>Langname1</LabelName><LangID>3</LangID><COUNTRYID>8</COUNTRYID><LANGDISP>fr-FR</LANGDISP><Active>TRUE</Active></PageList> 
<PageList><ID>12</ID><LabelMstID>tblLanguage</LabelMstID><FieldName>LangName1</FieldName><LabelID>lblLangName12h</LabelID><LabelName>Langname1</LabelName><LangID>2</LangID><COUNTRYID>8</COUNTRYID><LANGDISP>ar-KW</LANGDISP><Active>TRUE</Active></PageList> 
<PageList><ID>13</ID><LabelMstID>tblLanguage</LabelMstID><FieldName>LangName2</FieldName><LabelID>lblLangName21s</LabelID><LabelName>Langname2</LabelName><LangID>1</LangID><COUNTRYID>8</COUNTRYID><LANGDISP>en-US</LANGDISP><Active>TRUE</Active></PageList> 
<PageList><ID>14</ID><LabelMstID>tblLanguage</LabelMstID><FieldName>LangName2</FieldName><LabelID>lblLangName21s</LabelID><LabelName>Langname2</LabelName><LangID>3</LangID><COUNTRYID>8</COUNTRYID><LANGDISP>fr-FR</LANGDISP><Active>TRUE</Active></PageList> 
<PageList><ID>15</ID><LabelMstID>tblLanguage</LabelMstID><FieldName>LangName2</FieldName><LabelID>lblLangName22h</LabelID><LabelName>Langname2</LabelName><LangID>2</LangID><COUNTRYID>8</COUNTRYID><LANGDISP>ar-KW</LANGDISP><Active>TRUE</Active></PageList> 
<PageList><ID>16</ID><LabelMstID>tblLanguage</LabelMstID><FieldName>LangName3</FieldName><LabelID>lblLangName31s</LabelID><LabelName>Langname3</LabelName><LangID>1</LangID><COUNTRYID>8</COUNTRYID><LANGDISP>en-US</LANGDISP><Active>TRUE</Active></PageList> 
<PageList><ID>17</ID><LabelMstID>tblLanguage</LabelMstID><FieldName>LangName3</FieldName><LabelID>lblLangName31s</LabelID><LabelName>Langname3</LabelName><LangID>3</LangID><COUNTRYID>8</COUNTRYID><LANGDISP>fr-FR</LANGDISP><Active>TRUE</Active></PageList> 
<PageList><ID>18</ID><LabelMstID>tblLanguage</LabelMstID><FieldName>LangName3</FieldName><LabelID>lblLangName32h</LabelID><LabelName>Langname3</LabelName><LangID>2</LangID><COUNTRYID>8</COUNTRYID><LANGDISP>ar-KW</LANGDISP><Active>TRUE</Active></PageList> 
<PageList><ID>19</ID><LabelMstID>tblLanguage</LabelMstID><FieldName>CULTUREOCDE</FieldName><LabelID>lblCULTUREOCDE1s</LabelID><LabelName>Cultureocde</LabelName><LangID>1</LangID><COUNTRYID>8</COUNTRYID><LANGDISP>en-US</LANGDISP><Active>TRUE</Active></PageList> 
<PageList><ID>20</ID><LabelMstID>tblLanguage</LabelMstID><FieldName>CULTUREOCDE</FieldName><LabelID>lblCULTUREOCDE1s</LabelID><LabelName>Cultureocde</LabelName><LangID>3</LangID><COUNTRYID>8</COUNTRYID><LANGDISP>fr-FR</LANGDISP><Active>TRUE</Active></PageList> 
<PageList><ID>21</ID><LabelMstID>tblLanguage</LabelMstID><FieldName>CULTUREOCDE</FieldName><LabelID>lblCULTUREOCDE2h</LabelID><LabelName>كولتوريوكدي</LabelName><LangID>2</LangID><COUNTRYID>8</COUNTRYID><LANGDISP>ar-KW</LANGDISP><Active>TRUE</Active></PageList> 
<PageList><ID>22</ID><LabelMstID>tblLanguage</LabelMstID><FieldName>ACTIVE</FieldName><LabelID>lblACTIVE1s</LabelID><LabelName>Active</LabelName><LangID>1</LangID><COUNTRYID>8</COUNTRYID><LANGDISP>en-US</LANGDISP><Active>TRUE</Active></PageList> 
<PageList><ID>23</ID><LabelMstID>tblLanguage</LabelMstID><FieldName>ACTIVE</FieldName><LabelID>lblACTIVE1s</LabelID><LabelName>Actif</LabelName><LangID>3</LangID><COUNTRYID>8</COUNTRYID><LANGDISP>fr-FR</LANGDISP><Active>TRUE</Active></PageList> 
<PageList><ID>24</ID><LabelMstID>tblLanguage</LabelMstID><FieldName>ACTIVE</FieldName><LabelID>lblACTIVE2h</LabelID><LabelName>النشطة</LabelName><LangID>2</LangID><COUNTRYID>8</COUNTRYID><LANGDISP>ar-KW</LANGDISP><Active>TRUE</Active></PageList> 
<PageList><ID>25</ID><LabelMstID>tblLanguage</LabelMstID><FieldName>REMARKS</FieldName><LabelID>lblREMARKS1s</LabelID><LabelName>Remarks</LabelName><LangID>1</LangID><COUNTRYID>8</COUNTRYID><LANGDISP>en-US</LANGDISP><Active>TRUE</Active></PageList> 
<PageList><ID>26</ID><LabelMstID>tblLanguage</LabelMstID><FieldName>REMARKS</FieldName><LabelID>lblREMARKS1s</LabelID><LabelName>Remarques</LabelName><LangID>3</LangID><COUNTRYID>8</COUNTRYID><LANGDISP>fr-FR</LANGDISP><Active>TRUE</Active></PageList> 
<PageList><ID>27</ID><LabelMstID>tblLanguage</LabelMstID><FieldName>REMARKS</FieldName><LabelID>lblREMARKS2h</LabelID><LabelName>الملاحظات</LabelName><LangID>2</LangID><COUNTRYID>8</COUNTRYID><LANGDISP>ar-KW</LANGDISP><Active>TRUE</Active></PageList> 
<PageList><ID>28</ID><LabelMstID>tblLanguage</LabelMstID><FieldName>CRUP_ID</FieldName><LabelID>lblCRUP_ID1s</LabelID><LabelName>Crup  name</LabelName><LangID>1</LangID><COUNTRYID>8</COUNTRYID><LANGDISP>en-US</LANGDISP><Active>TRUE</Active></PageList> 
<PageList><ID>29</ID><LabelMstID>tblLanguage</LabelMstID><FieldName>CRUP_ID</FieldName><LabelID>lblCRUP_ID1s</LabelID><LabelName>Crup nom</LabelName><LangID>3</LangID><COUNTRYID>8</COUNTRYID><LANGDISP>fr-FR</LANGDISP><Active>TRUE</Active></PageList> 
<PageList><ID>30</ID><LabelMstID>tblLanguage</LabelMstID><FieldName>CRUP_ID</FieldName><LabelID>lblCRUP_ID2h</LabelID><LabelName>اسم Crup</LabelName><LangID>2</LangID><COUNTRYID>8</COUNTRYID><LANGDISP>ar-KW</LANGDISP><Active>TRUE</Active></PageList> 
<PageList><ID>31</ID><LabelMstID>tblLanguage</LabelMstID><FieldName>NULL</FieldName><LabelID>lblHeader1s</LabelID><LabelName>tblLanguage</LabelName><LangID>1</LangID><COUNTRYID>8</COUNTRYID><LANGDISP>en-US</LANGDISP><Active>TRUE</Active></PageList> 
<PageList><ID>32</ID><LabelMstID>tblLanguage</LabelMstID><FieldName>NULL</FieldName><LabelID>lblHeader1s</LabelID><LabelName>tblLanguage</LabelName><LangID>3</LangID><COUNTRYID>8</COUNTRYID><LANGDISP>fr-FR</LANGDISP><Active>TRUE</Active></PageList> 
<PageList><ID>33</ID><LabelMstID>tblLanguage</LabelMstID><FieldName>NULL</FieldName><LabelID>lblHeader2h</LabelID><LabelName>تبلانجواجي</LabelName><LangID>2</LangID><COUNTRYID>8</COUNTRYID><LANGDISP>ar-KW</LANGDISP><Active>TRUE</Active></PageList> 

</TBLLabelDTL>