<?xml version="1.0" standalone="yes"?>
<TBLLabelDTL>
  <PageList>
    <ID>1</ID>
    <LabelMstID>TBLPROJECT</LabelMstID>
    <FieldName>TenantID</FieldName>
    <LabelID>lblTenantID1s</LabelID>
    <LabelName>PROJECT</LabelName>
    <LangID>1</LangID>
    <COUNTRYID>8</COUNTRYID>
    <LANGDISP>en-US</LANGDISP>
    <Active>TRUE</Active>
  </PageList>
  <PageList>
    <ID>2</ID>
    <LabelMstID>TBLPROJECT</LabelMstID>
    <FieldName>TenantID</FieldName>
    <LabelID>lblTenantID1s</LabelID>
    <LabelName>Nom du locataire</LabelName>
    <LangID>3</LangID>
    <COUNTRYID>8</COUNTRYID>
    <LANGDISP>fr-FR</LANGDISP>
    <Active>TRUE</Active>
  </PageList>
  <PageList>
    <ID>3</ID>
    <LabelMstID>TBLPROJECT</LabelMstID>
    <FieldName>TenantID</FieldName>
    <LabelID>lblTenantID2h</LabelID>
    <LabelName>اسم المستأجر</LabelName>
    <LangID>2</LangID>
    <COUNTRYID>8</COUNTRYID>
    <LANGDISP>ar-KW</LANGDISP>
    <Active>TRUE</Active>
  </PageList>
  <PageList>
    <ID>4</ID>
    <LabelMstID>TBLPROJECT</LabelMstID>
    <FieldName>PROJECTID</FieldName>
    <LabelID>lblPROJECTID1s</LabelID>
    <LabelName>PROJECT</LabelName>
    <LangID>1</LangID>
    <COUNTRYID>8</COUNTRYID>
    <LANGDISP>en-US</LANGDISP>
    <Active>TRUE</Active>
  </PageList>
  <PageList>
    <ID>5</ID>
    <LabelMstID>TBLPROJECT</LabelMstID>
    <FieldName>PROJECTID</FieldName>
    <LabelID>lblPROJECTID1s</LabelID>
    <LabelName>Nom du projet</LabelName>
    <LangID>3</LangID>
    <COUNTRYID>8</COUNTRYID>
    <LANGDISP>fr-FR</LANGDISP>
    <Active>TRUE</Active>
  </PageList>
  <PageList>
    <ID>6</ID>
    <LabelMstID>TBLPROJECT</LabelMstID>
    <FieldName>PROJECTID</FieldName>
    <LabelID>lblPROJECTID2h</LabelID>
    <LabelName>اسم المشروع</LabelName>
    <LangID>2</LangID>
    <COUNTRYID>8</COUNTRYID>
    <LANGDISP>ar-KW</LANGDISP>
    <Active>TRUE</Active>
  </PageList>
  <PageList>
    <ID>7</ID>
    <LabelMstID>TBLPROJECT</LabelMstID>
    <FieldName>PROJECTNAME1</FieldName>
    <LabelID>lblPROJECTNAME11s</LabelID>
    <LabelName>Project_Name</LabelName>
    <LangID>1</LangID>
    <COUNTRYID>8</COUNTRYID>
    <LANGDISP>en-US</LANGDISP>
    <Active>TRUE</Active>
  </PageList>
  <PageList>
    <ID>8</ID>
    <LabelMstID>TBLPROJECT</LabelMstID>
    <FieldName>PROJECTNAME1</FieldName>
    <LabelID>lblPROJECTNAME11s</LabelID>
    <LabelName>Projectname1</LabelName>
    <LangID>3</LangID>
    <COUNTRYID>8</COUNTRYID>
    <LANGDISP>fr-FR</LANGDISP>
    <Active>TRUE</Active>
  </PageList>
  <PageList>
    <ID>9</ID>
    <LabelMstID>TBLPROJECT</LabelMstID>
    <FieldName>PROJECTNAME1</FieldName>
    <LabelID>lblPROJECTNAME12h</LabelID>
    <LabelName>Projectname1</LabelName>
    <LangID>2</LangID>
    <COUNTRYID>8</COUNTRYID>
    <LANGDISP>ar-KW</LANGDISP>
    <Active>TRUE</Active>
  </PageList>
  <PageList>
    <ID>10</ID>
    <LabelMstID>TBLPROJECT</LabelMstID>
    <FieldName>PROJECTNAME2</FieldName>
    <LabelID>lblPROJECTNAME21s</LabelID>
    <LabelName>Project_Name2</LabelName>
    <LangID>1</LangID>
    <COUNTRYID>8</COUNTRYID>
    <LANGDISP>en-US</LANGDISP>
    <Active>TRUE</Active>
  </PageList>
  <PageList>
    <ID>11</ID>
    <LabelMstID>TBLPROJECT</LabelMstID>
    <FieldName>PROJECTNAME2</FieldName>
    <LabelID>lblPROJECTNAME21s</LabelID>
    <LabelName>Projectname2</LabelName>
    <LangID>3</LangID>
    <COUNTRYID>8</COUNTRYID>
    <LANGDISP>fr-FR</LANGDISP>
    <Active>TRUE</Active>
  </PageList>
  <PageList>
    <ID>12</ID>
    <LabelMstID>TBLPROJECT</LabelMstID>
    <FieldName>PROJECTNAME2</FieldName>
    <LabelID>lblPROJECTNAME22h</LabelID>
    <LabelName>Projectname2</LabelName>
    <LangID>2</LangID>
    <COUNTRYID>8</COUNTRYID>
    <LANGDISP>ar-KW</LANGDISP>
    <Active>TRUE</Active>
  </PageList>
  <PageList>
    <ID>13</ID>
    <LabelMstID>TBLPROJECT</LabelMstID>
    <FieldName>PROJECTNAME3</FieldName>
    <LabelID>lblPROJECTNAME31s</LabelID>
    <LabelName>Project_Name3</LabelName>
    <LangID>1</LangID>
    <COUNTRYID>8</COUNTRYID>
    <LANGDISP>en-US</LANGDISP>
    <Active>TRUE</Active>
  </PageList>
  <PageList>
    <ID>14</ID>
    <LabelMstID>TBLPROJECT</LabelMstID>
    <FieldName>PROJECTNAME3</FieldName>
    <LabelID>lblPROJECTNAME31s</LabelID>
    <LabelName>Projectname3</LabelName>
    <LangID>3</LangID>
    <COUNTRYID>8</COUNTRYID>
    <LANGDISP>fr-FR</LANGDISP>
    <Active>TRUE</Active>
  </PageList>
  <PageList>
    <ID>15</ID>
    <LabelMstID>TBLPROJECT</LabelMstID>
    <FieldName>PROJECTNAME3</FieldName>
    <LabelID>lblPROJECTNAME32h</LabelID>
    <LabelName>Projectname3</LabelName>
    <LangID>2</LangID>
    <COUNTRYID>8</COUNTRYID>
    <LANGDISP>ar-KW</LANGDISP>
    <Active>TRUE</Active>
  </PageList>
  <PageList>
    <ID>16</ID>
    <LabelMstID>TBLPROJECT</LabelMstID>
    <FieldName>PROJECTDESC</FieldName>
    <LabelID>lblPROJECTDESC1s</LabelID>
    <LabelName>Project_Desc</LabelName>
    <LangID>1</LangID>
    <COUNTRYID>8</COUNTRYID>
    <LANGDISP>en-US</LANGDISP>
    <Active>TRUE</Active>
  </PageList>
  <PageList>
    <ID>17</ID>
    <LabelMstID>TBLPROJECT</LabelMstID>
    <FieldName>PROJECTDESC</FieldName>
    <LabelID>lblPROJECTDESC1s</LabelID>
    <LabelName>Projectdesc</LabelName>
    <LangID>3</LangID>
    <COUNTRYID>8</COUNTRYID>
    <LANGDISP>fr-FR</LANGDISP>
    <Active>TRUE</Active>
  </PageList>
  <PageList>
    <ID>18</ID>
    <LabelMstID>TBLPROJECT</LabelMstID>
    <FieldName>PROJECTDESC</FieldName>
    <LabelID>lblPROJECTDESC2h</LabelID>
    <LabelName>بروجيكتديسك</LabelName>
    <LangID>2</LangID>
    <COUNTRYID>8</COUNTRYID>
    <LANGDISP>ar-KW</LANGDISP>
    <Active>TRUE</Active>
  </PageList>
  <PageList>
    <ID>19</ID>
    <LabelMstID>TBLPROJECT</LabelMstID>
    <FieldName>CRUP_ID</FieldName>
    <LabelID>lblCRUP_ID1s</LabelID>
    <LabelName>PROJECT</LabelName>
    <LangID>1</LangID>
    <COUNTRYID>8</COUNTRYID>
    <LANGDISP>en-US</LANGDISP>
    <Active>TRUE</Active>
  </PageList>
  <PageList>
    <ID>20</ID>
    <LabelMstID>TBLPROJECT</LabelMstID>
    <FieldName>CRUP_ID</FieldName>
    <LabelID>lblCRUP_ID1s</LabelID>
    <LabelName>Crup nom</LabelName>
    <LangID>3</LangID>
    <COUNTRYID>8</COUNTRYID>
    <LANGDISP>fr-FR</LANGDISP>
    <Active>TRUE</Active>
  </PageList>
  <PageList>
    <ID>21</ID>
    <LabelMstID>TBLPROJECT</LabelMstID>
    <FieldName>CRUP_ID</FieldName>
    <LabelID>lblCRUP_ID2h</LabelID>
    <LabelName>اسم Crup</LabelName>
    <LangID>2</LangID>
    <COUNTRYID>8</COUNTRYID>
    <LANGDISP>ar-KW</LANGDISP>
    <Active>TRUE</Active>
  </PageList>
  <PageList>
    <ID>22</ID>
    <LabelMstID>TBLPROJECT</LabelMstID>
    <FieldName>ACTIVE</FieldName>
    <LabelID>lblACTIVE1s</LabelID>
    <LabelName>PROJECT</LabelName>
    <LangID>1</LangID>
    <COUNTRYID>8</COUNTRYID>
    <LANGDISP>en-US</LANGDISP>
    <Active>TRUE</Active>
  </PageList>
  <PageList>
    <ID>23</ID>
    <LabelMstID>TBLPROJECT</LabelMstID>
    <FieldName>ACTIVE</FieldName>
    <LabelID>lblACTIVE1s</LabelID>
    <LabelName>Actif</LabelName>
    <LangID>3</LangID>
    <COUNTRYID>8</COUNTRYID>
    <LANGDISP>fr-FR</LANGDISP>
    <Active>TRUE</Active>
  </PageList>
  <PageList>
    <ID>24</ID>
    <LabelMstID>TBLPROJECT</LabelMstID>
    <FieldName>ACTIVE</FieldName>
    <LabelID>lblACTIVE2h</LabelID>
    <LabelName>النشطة</LabelName>
    <LangID>2</LangID>
    <COUNTRYID>8</COUNTRYID>
    <LANGDISP>ar-KW</LANGDISP>
    <Active>TRUE</Active>
  </PageList>
  <PageList>
    <ID>25</ID>
    <LabelMstID>TBLPROJECT</LabelMstID>
    <FieldName>NULL</FieldName>
    <LabelID>lblHeader1s</LabelID>
    <LabelName>PROJECT</LabelName>
    <LangID>1</LangID>
    <COUNTRYID>8</COUNTRYID>
    <LANGDISP>en-US</LANGDISP>
    <Active>TRUE</Active>
  </PageList>
  <PageList>
    <ID>26</ID>
    <LabelMstID>TBLPROJECT</LabelMstID>
    <FieldName>NULL</FieldName>
    <LabelID>lblHeader1s</LabelID>
    <LabelName>TBLPROJECT</LabelName>
    <LangID>3</LangID>
    <COUNTRYID>8</COUNTRYID>
    <LANGDISP>fr-FR</LANGDISP>
    <Active>TRUE</Active>
  </PageList>
  <PageList>
    <ID>27</ID>
    <LabelMstID>TBLPROJECT</LabelMstID>
    <FieldName>NULL</FieldName>
    <LabelID>lblHeader2h</LabelID>
    <LabelName>تبلبروجيكت</LabelName>
    <LangID>2</LangID>
    <COUNTRYID>8</COUNTRYID>
    <LANGDISP>ar-KW</LANGDISP>
    <Active>TRUE</Active>
  </PageList>
</TBLLabelDTL>