<?xml version="1.0" standalone="yes"?>
<TBLLabelDTL>
<PageList><ID>1</ID><LabelMstID>tblProduct_SubPlan</LabelMstID><FieldName>TenentID</FieldName><LabelID>lblTenentID1s</LabelID><LabelName>Tenent name</LabelName><LangID>1</LangID><COUNTRYID>8</COUNTRYID><LANGDISP>en-US</LANGDISP><Active>TRUE</Active></PageList> 
<PageList><ID>2</ID><LabelMstID>tblProduct_SubPlan</LabelMstID><FieldName>TenentID</FieldName><LabelID>lblTenentID1s</LabelID><LabelName>Tenent nom</LabelName><LangID>3</LangID><COUNTRYID>8</COUNTRYID><LANGDISP>fr-FR</LANGDISP><Active>TRUE</Active></PageList> 
<PageList><ID>3</ID><LabelMstID>tblProduct_SubPlan</LabelMstID><FieldName>TenentID</FieldName><LabelID>lblTenentID2h</LabelID><LabelName>اسم تينيت</LabelName><LangID>2</LangID><COUNTRYID>8</COUNTRYID><LANGDISP>ar-KW</LANGDISP><Active>TRUE</Active></PageList> 
<PageList><ID>4</ID><LabelMstID>tblProduct_SubPlan</LabelMstID><FieldName>locationid</FieldName><LabelID>lbllocationid1s</LabelID><LabelName>Locationid</LabelName><LangID>1</LangID><COUNTRYID>8</COUNTRYID><LANGDISP>en-US</LANGDISP><Active>TRUE</Active></PageList> 
<PageList><ID>5</ID><LabelMstID>tblProduct_SubPlan</LabelMstID><FieldName>locationid</FieldName><LabelID>lbllocationid1s</LabelID><LabelName>LocationID</LabelName><LangID>3</LangID><COUNTRYID>8</COUNTRYID><LANGDISP>fr-FR</LANGDISP><Active>TRUE</Active></PageList> 
<PageList><ID>6</ID><LabelMstID>tblProduct_SubPlan</LabelMstID><FieldName>locationid</FieldName><LabelID>lbllocationid2h</LabelID><LabelName>لوكاتيونيد</LabelName><LangID>2</LangID><COUNTRYID>8</COUNTRYID><LANGDISP>ar-KW</LANGDISP><Active>TRUE</Active></PageList> 
<PageList><ID>7</ID><LabelMstID>tblProduct_SubPlan</LabelMstID><FieldName>planid</FieldName><LabelID>lblplanid1s</LabelID><LabelName>Planid</LabelName><LangID>1</LangID><COUNTRYID>8</COUNTRYID><LANGDISP>en-US</LANGDISP><Active>TRUE</Active></PageList> 
<PageList><ID>8</ID><LabelMstID>tblProduct_SubPlan</LabelMstID><FieldName>planid</FieldName><LabelID>lblplanid1s</LabelID><LabelName>PlanID</LabelName><LangID>3</LangID><COUNTRYID>8</COUNTRYID><LANGDISP>fr-FR</LANGDISP><Active>TRUE</Active></PageList> 
<PageList><ID>9</ID><LabelMstID>tblProduct_SubPlan</LabelMstID><FieldName>planid</FieldName><LabelID>lblplanid2h</LabelID><LabelName>بلاند</LabelName><LangID>2</LangID><COUNTRYID>8</COUNTRYID><LANGDISP>ar-KW</LANGDISP><Active>TRUE</Active></PageList> 
<PageList><ID>10</ID><LabelMstID>tblProduct_SubPlan</LabelMstID><FieldName>SubPlanId</FieldName><LabelID>lblSubPlanId1s</LabelID><LabelName>Subplanid</LabelName><LangID>1</LangID><COUNTRYID>8</COUNTRYID><LANGDISP>en-US</LANGDISP><Active>TRUE</Active></PageList> 
<PageList><ID>11</ID><LabelMstID>tblProduct_SubPlan</LabelMstID><FieldName>SubPlanId</FieldName><LabelID>lblSubPlanId1s</LabelID><LabelName>Subplanid</LabelName><LangID>3</LangID><COUNTRYID>8</COUNTRYID><LANGDISP>fr-FR</LANGDISP><Active>TRUE</Active></PageList> 
<PageList><ID>12</ID><LabelMstID>tblProduct_SubPlan</LabelMstID><FieldName>SubPlanId</FieldName><LabelID>lblSubPlanId2h</LabelID><LabelName>سوببلانيد</LabelName><LangID>2</LangID><COUNTRYID>8</COUNTRYID><LANGDISP>ar-KW</LANGDISP><Active>TRUE</Active></PageList> 
<PageList><ID>13</ID><LabelMstID>tblProduct_SubPlan</LabelMstID><FieldName>Sub_planname1</FieldName><LabelID>lblSub_planname11s</LabelID><LabelName>Sub planname1</LabelName><LangID>1</LangID><COUNTRYID>8</COUNTRYID><LANGDISP>en-US</LANGDISP><Active>TRUE</Active></PageList> 
<PageList><ID>14</ID><LabelMstID>tblProduct_SubPlan</LabelMstID><FieldName>Sub_planname1</FieldName><LabelID>lblSub_planname11s</LabelID><LabelName>Void planname1</LabelName><LangID>3</LangID><COUNTRYID>8</COUNTRYID><LANGDISP>fr-FR</LANGDISP><Active>TRUE</Active></PageList> 
<PageList><ID>15</ID><LabelMstID>tblProduct_SubPlan</LabelMstID><FieldName>Sub_planname1</FieldName><LabelID>lblSub_planname12h</LabelID><LabelName>Planname1 الفرعية</LabelName><LangID>2</LangID><COUNTRYID>8</COUNTRYID><LANGDISP>ar-KW</LANGDISP><Active>TRUE</Active></PageList> 
<PageList><ID>16</ID><LabelMstID>tblProduct_SubPlan</LabelMstID><FieldName>Sub_planname2</FieldName><LabelID>lblSub_planname21s</LabelID><LabelName>Sub planname2</LabelName><LangID>1</LangID><COUNTRYID>8</COUNTRYID><LANGDISP>en-US</LANGDISP><Active>TRUE</Active></PageList> 
<PageList><ID>17</ID><LabelMstID>tblProduct_SubPlan</LabelMstID><FieldName>Sub_planname2</FieldName><LabelID>lblSub_planname21s</LabelID><LabelName>Void planname2</LabelName><LangID>3</LangID><COUNTRYID>8</COUNTRYID><LANGDISP>fr-FR</LANGDISP><Active>TRUE</Active></PageList> 
<PageList><ID>18</ID><LabelMstID>tblProduct_SubPlan</LabelMstID><FieldName>Sub_planname2</FieldName><LabelID>lblSub_planname22h</LabelID><LabelName>Planname2 الفرعية</LabelName><LangID>2</LangID><COUNTRYID>8</COUNTRYID><LANGDISP>ar-KW</LANGDISP><Active>TRUE</Active></PageList> 
<PageList><ID>19</ID><LabelMstID>tblProduct_SubPlan</LabelMstID><FieldName>Sub_planname3</FieldName><LabelID>lblSub_planname31s</LabelID><LabelName>Sub planname3</LabelName><LangID>1</LangID><COUNTRYID>8</COUNTRYID><LANGDISP>en-US</LANGDISP><Active>TRUE</Active></PageList> 
<PageList><ID>20</ID><LabelMstID>tblProduct_SubPlan</LabelMstID><FieldName>Sub_planname3</FieldName><LabelID>lblSub_planname31s</LabelID><LabelName>Void planname3</LabelName><LangID>3</LangID><COUNTRYID>8</COUNTRYID><LANGDISP>fr-FR</LANGDISP><Active>TRUE</Active></PageList> 
<PageList><ID>21</ID><LabelMstID>tblProduct_SubPlan</LabelMstID><FieldName>Sub_planname3</FieldName><LabelID>lblSub_planname32h</LabelID><LabelName>Planname3 الفرعية</LabelName><LangID>2</LangID><COUNTRYID>8</COUNTRYID><LANGDISP>ar-KW</LANGDISP><Active>TRUE</Active></PageList> 
<PageList><ID>22</ID><LabelMstID>tblProduct_SubPlan</LabelMstID><FieldName>active</FieldName><LabelID>lblactive1s</LabelID><LabelName>Active</LabelName><LangID>1</LangID><COUNTRYID>8</COUNTRYID><LANGDISP>en-US</LANGDISP><Active>TRUE</Active></PageList> 
<PageList><ID>23</ID><LabelMstID>tblProduct_SubPlan</LabelMstID><FieldName>active</FieldName><LabelID>lblactive1s</LabelID><LabelName>Actif</LabelName><LangID>3</LangID><COUNTRYID>8</COUNTRYID><LANGDISP>fr-FR</LANGDISP><Active>TRUE</Active></PageList> 
<PageList><ID>24</ID><LabelMstID>tblProduct_SubPlan</LabelMstID><FieldName>active</FieldName><LabelID>lblactive2h</LabelID><LabelName>النشطة</LabelName><LangID>2</LangID><COUNTRYID>8</COUNTRYID><LANGDISP>ar-KW</LANGDISP><Active>TRUE</Active></PageList> 
<PageList><ID>25</ID><LabelMstID>tblProduct_SubPlan</LabelMstID><FieldName>Sub_Plan_cost</FieldName><LabelID>lblSub_Plan_cost1s</LabelID><LabelName>Sub plan cost</LabelName><LangID>1</LangID><COUNTRYID>8</COUNTRYID><LANGDISP>en-US</LANGDISP><Active>TRUE</Active></PageList> 
<PageList><ID>26</ID><LabelMstID>tblProduct_SubPlan</LabelMstID><FieldName>Sub_Plan_cost</FieldName><LabelID>lblSub_Plan_cost1s</LabelID><LabelName>Coût du plan void</LabelName><LangID>3</LangID><COUNTRYID>8</COUNTRYID><LANGDISP>fr-FR</LANGDISP><Active>TRUE</Active></PageList> 
<PageList><ID>27</ID><LabelMstID>tblProduct_SubPlan</LabelMstID><FieldName>Sub_Plan_cost</FieldName><LabelID>lblSub_Plan_cost2h</LabelID><LabelName>تكلفة الخطة الفرعية</LabelName><LangID>2</LangID><COUNTRYID>8</COUNTRYID><LANGDISP>ar-KW</LANGDISP><Active>TRUE</Active></PageList> 
<PageList><ID>28</ID><LabelMstID>tblProduct_SubPlan</LabelMstID><FieldName>Sub_Plan_price1</FieldName><LabelID>lblSub_Plan_price11s</LabelID><LabelName>Sub plan price1</LabelName><LangID>1</LangID><COUNTRYID>8</COUNTRYID><LANGDISP>en-US</LANGDISP><Active>TRUE</Active></PageList> 
<PageList><ID>29</ID><LabelMstID>tblProduct_SubPlan</LabelMstID><FieldName>Sub_Plan_price1</FieldName><LabelID>lblSub_Plan_price11s</LabelID><LabelName>Sous plan price1</LabelName><LangID>3</LangID><COUNTRYID>8</COUNTRYID><LANGDISP>fr-FR</LANGDISP><Active>TRUE</Active></PageList> 
<PageList><ID>30</ID><LabelMstID>tblProduct_SubPlan</LabelMstID><FieldName>Sub_Plan_price1</FieldName><LabelID>lblSub_Plan_price12h</LabelID><LabelName>Price1 الخطة الفرعية</LabelName><LangID>2</LangID><COUNTRYID>8</COUNTRYID><LANGDISP>ar-KW</LANGDISP><Active>TRUE</Active></PageList> 
<PageList><ID>31</ID><LabelMstID>tblProduct_SubPlan</LabelMstID><FieldName>Sub_Plan_price2</FieldName><LabelID>lblSub_Plan_price21s</LabelID><LabelName>Sub plan price2</LabelName><LangID>1</LangID><COUNTRYID>8</COUNTRYID><LANGDISP>en-US</LANGDISP><Active>TRUE</Active></PageList> 
<PageList><ID>32</ID><LabelMstID>tblProduct_SubPlan</LabelMstID><FieldName>Sub_Plan_price2</FieldName><LabelID>lblSub_Plan_price21s</LabelID><LabelName>Sous plan price2</LabelName><LangID>3</LangID><COUNTRYID>8</COUNTRYID><LANGDISP>fr-FR</LANGDISP><Active>TRUE</Active></PageList> 
<PageList><ID>33</ID><LabelMstID>tblProduct_SubPlan</LabelMstID><FieldName>Sub_Plan_price2</FieldName><LabelID>lblSub_Plan_price22h</LabelID><LabelName>Price2 الخطة الفرعية</LabelName><LangID>2</LangID><COUNTRYID>8</COUNTRYID><LANGDISP>ar-KW</LANGDISP><Active>TRUE</Active></PageList> 
<PageList><ID>34</ID><LabelMstID>tblProduct_SubPlan</LabelMstID><FieldName>Sub_Plan_price3</FieldName><LabelID>lblSub_Plan_price31s</LabelID><LabelName>Sub plan price3</LabelName><LangID>1</LangID><COUNTRYID>8</COUNTRYID><LANGDISP>en-US</LANGDISP><Active>TRUE</Active></PageList> 
<PageList><ID>35</ID><LabelMstID>tblProduct_SubPlan</LabelMstID><FieldName>Sub_Plan_price3</FieldName><LabelID>lblSub_Plan_price31s</LabelID><LabelName>Void plan 3</LabelName><LangID>3</LangID><COUNTRYID>8</COUNTRYID><LANGDISP>fr-FR</LANGDISP><Active>TRUE</Active></PageList> 
<PageList><ID>36</ID><LabelMstID>tblProduct_SubPlan</LabelMstID><FieldName>Sub_Plan_price3</FieldName><LabelID>lblSub_Plan_price32h</LabelID><LabelName>Price3 الخطة الفرعية</LabelName><LangID>2</LangID><COUNTRYID>8</COUNTRYID><LANGDISP>ar-KW</LANGDISP><Active>TRUE</Active></PageList> 
<PageList><ID>37</ID><LabelMstID>tblProduct_SubPlan</LabelMstID><FieldName>ccount</FieldName><LabelID>lblccount1s</LabelID><LabelName>Ccount</LabelName><LangID>1</LangID><COUNTRYID>8</COUNTRYID><LANGDISP>en-US</LANGDISP><Active>TRUE</Active></PageList> 
<PageList><ID>38</ID><LabelMstID>tblProduct_SubPlan</LabelMstID><FieldName>ccount</FieldName><LabelID>lblccount1s</LabelID><LabelName>CCount</LabelName><LangID>3</LangID><COUNTRYID>8</COUNTRYID><LANGDISP>fr-FR</LANGDISP><Active>TRUE</Active></PageList> 
<PageList><ID>39</ID><LabelMstID>tblProduct_SubPlan</LabelMstID><FieldName>ccount</FieldName><LabelID>lblccount2h</LabelID><LabelName>ككونت</LabelName><LangID>2</LangID><COUNTRYID>8</COUNTRYID><LANGDISP>ar-KW</LANGDISP><Active>TRUE</Active></PageList> 
<PageList><ID>40</ID><LabelMstID>tblProduct_SubPlan</LabelMstID><FieldName>Sub_Plan_sale</FieldName><LabelID>lblSub_Plan_sale1s</LabelID><LabelName>Sub plan sale</LabelName><LangID>1</LangID><COUNTRYID>8</COUNTRYID><LANGDISP>en-US</LANGDISP><Active>TRUE</Active></PageList> 
<PageList><ID>41</ID><LabelMstID>tblProduct_SubPlan</LabelMstID><FieldName>Sub_Plan_sale</FieldName><LabelID>lblSub_Plan_sale1s</LabelID><LabelName>Vente de plan void</LabelName><LangID>3</LangID><COUNTRYID>8</COUNTRYID><LANGDISP>fr-FR</LANGDISP><Active>TRUE</Active></PageList> 
<PageList><ID>42</ID><LabelMstID>tblProduct_SubPlan</LabelMstID><FieldName>Sub_Plan_sale</FieldName><LabelID>lblSub_Plan_sale2h</LabelID><LabelName>بيع الخطة الفرعية</LabelName><LangID>2</LangID><COUNTRYID>8</COUNTRYID><LANGDISP>ar-KW</LANGDISP><Active>TRUE</Active></PageList> 
<PageList><ID>43</ID><LabelMstID>tblProduct_SubPlan</LabelMstID><FieldName>account</FieldName><LabelID>lblaccount1s</LabelID><LabelName>Account</LabelName><LangID>1</LangID><COUNTRYID>8</COUNTRYID><LANGDISP>en-US</LANGDISP><Active>TRUE</Active></PageList> 
<PageList><ID>44</ID><LabelMstID>tblProduct_SubPlan</LabelMstID><FieldName>account</FieldName><LabelID>lblaccount1s</LabelID><LabelName>Compte</LabelName><LangID>3</LangID><COUNTRYID>8</COUNTRYID><LANGDISP>fr-FR</LANGDISP><Active>TRUE</Active></PageList> 
<PageList><ID>45</ID><LabelMstID>tblProduct_SubPlan</LabelMstID><FieldName>account</FieldName><LabelID>lblaccount2h</LabelID><LabelName>حساب</LabelName><LangID>2</LangID><COUNTRYID>8</COUNTRYID><LANGDISP>ar-KW</LANGDISP><Active>TRUE</Active></PageList> 
<PageList><ID>46</ID><LabelMstID>tblProduct_SubPlan</LabelMstID><FieldName>NULL</FieldName><LabelID>lblHeader1s</LabelID><LabelName>tblProduct_SubPlan</LabelName><LangID>1</LangID><COUNTRYID>8</COUNTRYID><LANGDISP>en-US</LANGDISP><Active>TRUE</Active></PageList> 
<PageList><ID>47</ID><LabelMstID>tblProduct_SubPlan</LabelMstID><FieldName>NULL</FieldName><LabelID>lblHeader1s</LabelID><LabelName>tblProduct_SubPlan</LabelName><LangID>3</LangID><COUNTRYID>8</COUNTRYID><LANGDISP>fr-FR</LANGDISP><Active>TRUE</Active></PageList> 
<PageList><ID>48</ID><LabelMstID>tblProduct_SubPlan</LabelMstID><FieldName>NULL</FieldName><LabelID>lblHeader2h</LabelID><LabelName>tblProduct_SubPlan</LabelName><LangID>2</LangID><COUNTRYID>8</COUNTRYID><LANGDISP>ar-KW</LANGDISP><Active>TRUE</Active></PageList> 

</TBLLabelDTL>