<?xml version="1.0" standalone="yes"?>
<TBLLabelDTL>
<PageList><ID>1</ID><LabelMstID>tblStates</LabelMstID><FieldName>COUNTRYID</FieldName><LabelID>lblCOUNTRYID1s</LabelID><LabelName>Country name</LabelName><LangID>1</LangID><COUNTRYID>8</COUNTRYID><LANGDISP>en-US</LANGDISP><Active>TRUE</Active></PageList> 
<PageList><ID>2</ID><LabelMstID>tblStates</LabelMstID><FieldName>COUNTRYID</FieldName><LabelID>lblCOUNTRYID1s</LabelID><LabelName>Nom du pays</LabelName><LangID>3</LangID><COUNTRYID>8</COUNTRYID><LANGDISP>fr-FR</LANGDISP><Active>TRUE</Active></PageList> 
<PageList><ID>3</ID><LabelMstID>tblStates</LabelMstID><FieldName>COUNTRYID</FieldName><LabelID>lblCOUNTRYID2h</LabelID><LabelName>اسم البلد</LabelName><LangID>2</LangID><COUNTRYID>8</COUNTRYID><LANGDISP>ar-KW</LANGDISP><Active>TRUE</Active></PageList> 
<PageList><ID>4</ID><LabelMstID>tblStates</LabelMstID><FieldName>StateID</FieldName><LabelID>lblStateID1s</LabelID><LabelName>State name</LabelName><LangID>1</LangID><COUNTRYID>8</COUNTRYID><LANGDISP>en-US</LANGDISP><Active>TRUE</Active></PageList> 
<PageList><ID>5</ID><LabelMstID>tblStates</LabelMstID><FieldName>StateID</FieldName><LabelID>lblStateID1s</LabelID><LabelName>Nom de l’État</LabelName><LangID>3</LangID><COUNTRYID>8</COUNTRYID><LANGDISP>fr-FR</LANGDISP><Active>TRUE</Active></PageList> 
<PageList><ID>6</ID><LabelMstID>tblStates</LabelMstID><FieldName>StateID</FieldName><LabelID>lblStateID2h</LabelID><LabelName>اسم الدولة</LabelName><LangID>2</LangID><COUNTRYID>8</COUNTRYID><LANGDISP>ar-KW</LANGDISP><Active>TRUE</Active></PageList> 
<PageList><ID>7</ID><LabelMstID>tblStates</LabelMstID><FieldName>MYNAME1</FieldName><LabelID>lblMYNAME11s</LabelID><LabelName>Myname1</LabelName><LangID>1</LangID><COUNTRYID>8</COUNTRYID><LANGDISP>en-US</LANGDISP><Active>TRUE</Active></PageList> 
<PageList><ID>8</ID><LabelMstID>tblStates</LabelMstID><FieldName>MYNAME1</FieldName><LabelID>lblMYNAME11s</LabelID><LabelName>Myname1</LabelName><LangID>3</LangID><COUNTRYID>8</COUNTRYID><LANGDISP>fr-FR</LANGDISP><Active>TRUE</Active></PageList> 
<PageList><ID>9</ID><LabelMstID>tblStates</LabelMstID><FieldName>MYNAME1</FieldName><LabelID>lblMYNAME12h</LabelID><LabelName>Myname1</LabelName><LangID>2</LangID><COUNTRYID>8</COUNTRYID><LANGDISP>ar-KW</LANGDISP><Active>TRUE</Active></PageList> 
<PageList><ID>10</ID><LabelMstID>tblStates</LabelMstID><FieldName>MYNAME2</FieldName><LabelID>lblMYNAME21s</LabelID><LabelName>Myname2</LabelName><LangID>1</LangID><COUNTRYID>8</COUNTRYID><LANGDISP>en-US</LANGDISP><Active>TRUE</Active></PageList> 
<PageList><ID>11</ID><LabelMstID>tblStates</LabelMstID><FieldName>MYNAME2</FieldName><LabelID>lblMYNAME21s</LabelID><LabelName>Myname2</LabelName><LangID>3</LangID><COUNTRYID>8</COUNTRYID><LANGDISP>fr-FR</LANGDISP><Active>TRUE</Active></PageList> 
<PageList><ID>12</ID><LabelMstID>tblStates</LabelMstID><FieldName>MYNAME2</FieldName><LabelID>lblMYNAME22h</LabelID><LabelName>Myname2</LabelName><LangID>2</LangID><COUNTRYID>8</COUNTRYID><LANGDISP>ar-KW</LANGDISP><Active>TRUE</Active></PageList> 
<PageList><ID>13</ID><LabelMstID>tblStates</LabelMstID><FieldName>MYNAME3</FieldName><LabelID>lblMYNAME31s</LabelID><LabelName>Myname3</LabelName><LangID>1</LangID><COUNTRYID>8</COUNTRYID><LANGDISP>en-US</LANGDISP><Active>TRUE</Active></PageList> 
<PageList><ID>14</ID><LabelMstID>tblStates</LabelMstID><FieldName>MYNAME3</FieldName><LabelID>lblMYNAME31s</LabelID><LabelName>Myname3</LabelName><LangID>3</LangID><COUNTRYID>8</COUNTRYID><LANGDISP>fr-FR</LANGDISP><Active>TRUE</Active></PageList> 
<PageList><ID>15</ID><LabelMstID>tblStates</LabelMstID><FieldName>MYNAME3</FieldName><LabelID>lblMYNAME32h</LabelID><LabelName>Myname3</LabelName><LangID>2</LangID><COUNTRYID>8</COUNTRYID><LANGDISP>ar-KW</LANGDISP><Active>TRUE</Active></PageList> 
<PageList><ID>16</ID><LabelMstID>tblStates</LabelMstID><FieldName>ACTIVE1</FieldName><LabelID>lblACTIVE11s</LabelID><LabelName>Active1</LabelName><LangID>1</LangID><COUNTRYID>8</COUNTRYID><LANGDISP>en-US</LANGDISP><Active>TRUE</Active></PageList> 
<PageList><ID>17</ID><LabelMstID>tblStates</LabelMstID><FieldName>ACTIVE1</FieldName><LabelID>lblACTIVE11s</LabelID><LabelName>Active1</LabelName><LangID>3</LangID><COUNTRYID>8</COUNTRYID><LANGDISP>fr-FR</LANGDISP><Active>TRUE</Active></PageList> 
<PageList><ID>18</ID><LabelMstID>tblStates</LabelMstID><FieldName>ACTIVE1</FieldName><LabelID>lblACTIVE12h</LabelID><LabelName>Active1</LabelName><LangID>2</LangID><COUNTRYID>8</COUNTRYID><LANGDISP>ar-KW</LANGDISP><Active>TRUE</Active></PageList> 
<PageList><ID>19</ID><LabelMstID>tblStates</LabelMstID><FieldName>ACTIVE2</FieldName><LabelID>lblACTIVE21s</LabelID><LabelName>Active2</LabelName><LangID>1</LangID><COUNTRYID>8</COUNTRYID><LANGDISP>en-US</LANGDISP><Active>TRUE</Active></PageList> 
<PageList><ID>20</ID><LabelMstID>tblStates</LabelMstID><FieldName>ACTIVE2</FieldName><LabelID>lblACTIVE21s</LabelID><LabelName>Active2</LabelName><LangID>3</LangID><COUNTRYID>8</COUNTRYID><LANGDISP>fr-FR</LANGDISP><Active>TRUE</Active></PageList> 
<PageList><ID>21</ID><LabelMstID>tblStates</LabelMstID><FieldName>ACTIVE2</FieldName><LabelID>lblACTIVE22h</LabelID><LabelName>Active2</LabelName><LangID>2</LangID><COUNTRYID>8</COUNTRYID><LANGDISP>ar-KW</LANGDISP><Active>TRUE</Active></PageList> 
<PageList><ID>22</ID><LabelMstID>tblStates</LabelMstID><FieldName>CRUP_ID</FieldName><LabelID>lblCRUP_ID1s</LabelID><LabelName>Crup  name</LabelName><LangID>1</LangID><COUNTRYID>8</COUNTRYID><LANGDISP>en-US</LANGDISP><Active>TRUE</Active></PageList> 
<PageList><ID>23</ID><LabelMstID>tblStates</LabelMstID><FieldName>CRUP_ID</FieldName><LabelID>lblCRUP_ID1s</LabelID><LabelName>Crup nom</LabelName><LangID>3</LangID><COUNTRYID>8</COUNTRYID><LANGDISP>fr-FR</LANGDISP><Active>TRUE</Active></PageList> 
<PageList><ID>24</ID><LabelMstID>tblStates</LabelMstID><FieldName>CRUP_ID</FieldName><LabelID>lblCRUP_ID2h</LabelID><LabelName>اسم Crup</LabelName><LangID>2</LangID><COUNTRYID>8</COUNTRYID><LANGDISP>ar-KW</LANGDISP><Active>TRUE</Active></PageList> 
<PageList><ID>25</ID><LabelMstID>tblStates</LabelMstID><FieldName>NULL</FieldName><LabelID>lblHeader1s</LabelID><LabelName>tblStates</LabelName><LangID>1</LangID><COUNTRYID>8</COUNTRYID><LANGDISP>en-US</LANGDISP><Active>TRUE</Active></PageList> 
<PageList><ID>26</ID><LabelMstID>tblStates</LabelMstID><FieldName>NULL</FieldName><LabelID>lblHeader1s</LabelID><LabelName>tblStates</LabelName><LangID>3</LangID><COUNTRYID>8</COUNTRYID><LANGDISP>fr-FR</LANGDISP><Active>TRUE</Active></PageList> 
<PageList><ID>27</ID><LabelMstID>tblStates</LabelMstID><FieldName>NULL</FieldName><LabelID>lblHeader2h</LabelID><LabelName>تبلستاتيس</LabelName><LangID>2</LangID><COUNTRYID>8</COUNTRYID><LANGDISP>ar-KW</LANGDISP><Active>TRUE</Active></PageList> 

</TBLLabelDTL>