<?xml version="1.0" standalone="yes"?>
<TBLLabelDTL>
  <PageList>
    <ID>1</ID>
    <LabelMstID>tblsetupsalesh</LabelMstID>
    <FieldName>TenentID</FieldName>
    <LabelID>lblTenentID1s</LabelID>
    <LabelName>setup sale</LabelName>
    <LangID>1</LangID>
    <COUNTRYID>8</COUNTRYID>
    <LANGDISP>en-US</LANGDISP>
    <Active>TRUE</Active>
  </PageList>
  <PageList>
    <ID>2</ID>
    <LabelMstID>tblsetupsalesh</LabelMstID>
    <FieldName>TenentID</FieldName>
    <LabelID>lblTenentID1s</LabelID>
    <LabelName>Tenent nom</LabelName>
    <LangID>3</LangID>
    <COUNTRYID>8</COUNTRYID>
    <LANGDISP>fr-FR</LANGDISP>
    <Active>TRUE</Active>
  </PageList>
  <PageList>
    <ID>3</ID>
    <LabelMstID>tblsetupsalesh</LabelMstID>
    <FieldName>TenentID</FieldName>
    <LabelID>lblTenentID2h</LabelID>
    <LabelName>اسم تينيت</LabelName>
    <LangID>2</LangID>
    <COUNTRYID>8</COUNTRYID>
    <LANGDISP>ar-KW</LANGDISP>
    <Active>TRUE</Active>
  </PageList>
  <PageList>
    <ID>4</ID>
    <LabelMstID>tblsetupsalesh</LabelMstID>
    <FieldName>locationID</FieldName>
    <LabelID>lbllocationID1s</LabelID>
    <LabelName>setup sale</LabelName>
    <LangID>1</LangID>
    <COUNTRYID>8</COUNTRYID>
    <LANGDISP>en-US</LANGDISP>
    <Active>TRUE</Active>
  </PageList>
  <PageList>
    <ID>5</ID>
    <LabelMstID>tblsetupsalesh</LabelMstID>
    <FieldName>locationID</FieldName>
    <LabelID>lbllocationID1s</LabelID>
    <LabelName>Nom de l’emplacement</LabelName>
    <LangID>3</LangID>
    <COUNTRYID>8</COUNTRYID>
    <LANGDISP>fr-FR</LANGDISP>
    <Active>TRUE</Active>
  </PageList>
  <PageList>
    <ID>6</ID>
    <LabelMstID>tblsetupsalesh</LabelMstID>
    <FieldName>locationID</FieldName>
    <LabelID>lbllocationID2h</LabelID>
    <LabelName>اسم الموقع</LabelName>
    <LangID>2</LangID>
    <COUNTRYID>8</COUNTRYID>
    <LANGDISP>ar-KW</LANGDISP>
    <Active>TRUE</Active>
  </PageList>
  <PageList>
    <ID>7</ID>
    <LabelMstID>tblsetupsalesh</LabelMstID>
    <FieldName>transid</FieldName>
    <LabelID>lbltransid1s</LabelID>
    <LabelName>setup sale</LabelName>
    <LangID>1</LangID>
    <COUNTRYID>8</COUNTRYID>
    <LANGDISP>en-US</LANGDISP>
    <Active>TRUE</Active>
  </PageList>
  <PageList>
    <ID>8</ID>
    <LabelMstID>tblsetupsalesh</LabelMstID>
    <FieldName>transid</FieldName>
    <LabelID>lbltransid1s</LabelID>
    <LabelName>Transid</LabelName>
    <LangID>3</LangID>
    <COUNTRYID>8</COUNTRYID>
    <LANGDISP>fr-FR</LANGDISP>
    <Active>TRUE</Active>
  </PageList>
  <PageList>
    <ID>9</ID>
    <LabelMstID>tblsetupsalesh</LabelMstID>
    <FieldName>transid</FieldName>
    <LabelID>lbltransid2h</LabelID>
    <LabelName>ترانسيد</LabelName>
    <LangID>2</LangID>
    <COUNTRYID>8</COUNTRYID>
    <LANGDISP>ar-KW</LANGDISP>
    <Active>TRUE</Active>
  </PageList>
  <PageList>
    <ID>10</ID>
    <LabelMstID>tblsetupsalesh</LabelMstID>
    <FieldName>transsubid</FieldName>
    <LabelID>lbltranssubid1s</LabelID>
    <LabelName>setup sale</LabelName>
    <LangID>1</LangID>
    <COUNTRYID>8</COUNTRYID>
    <LANGDISP>en-US</LANGDISP>
    <Active>TRUE</Active>
  </PageList>
  <PageList>
    <ID>11</ID>
    <LabelMstID>tblsetupsalesh</LabelMstID>
    <FieldName>transsubid</FieldName>
    <LabelID>lbltranssubid1s</LabelID>
    <LabelName>Transsubid</LabelName>
    <LangID>3</LangID>
    <COUNTRYID>8</COUNTRYID>
    <LANGDISP>fr-FR</LANGDISP>
    <Active>TRUE</Active>
  </PageList>
  <PageList>
    <ID>12</ID>
    <LabelMstID>tblsetupsalesh</LabelMstID>
    <FieldName>transsubid</FieldName>
    <LabelID>lbltranssubid2h</LabelID>
    <LabelName>ترانسوبيد</LabelName>
    <LangID>2</LangID>
    <COUNTRYID>8</COUNTRYID>
    <LANGDISP>ar-KW</LANGDISP>
    <Active>TRUE</Active>
  </PageList>
  <PageList>
    <ID>13</ID>
    <LabelMstID>tblsetupsalesh</LabelMstID>
    <FieldName>module</FieldName>
    <LabelID>lblmodule1s</LabelID>
    <LabelName>Module</LabelName>
    <LangID>1</LangID>
    <COUNTRYID>8</COUNTRYID>
    <LANGDISP>en-US</LANGDISP>
    <Active>TRUE</Active>
  </PageList>
  <PageList>
    <ID>14</ID>
    <LabelMstID>tblsetupsalesh</LabelMstID>
    <FieldName>module</FieldName>
    <LabelID>lblmodule1s</LabelID>
    <LabelName>Module</LabelName>
    <LangID>3</LangID>
    <COUNTRYID>8</COUNTRYID>
    <LANGDISP>fr-FR</LANGDISP>
    <Active>TRUE</Active>
  </PageList>
  <PageList>
    <ID>15</ID>
    <LabelMstID>tblsetupsalesh</LabelMstID>
    <FieldName>module</FieldName>
    <LabelID>lblmodule2h</LabelID>
    <LabelName>وحدة نمطية</LabelName>
    <LangID>2</LangID>
    <COUNTRYID>8</COUNTRYID>
    <LANGDISP>ar-KW</LANGDISP>
    <Active>TRUE</Active>
  </PageList>
  <PageList>
    <ID>16</ID>
    <LabelMstID>tblsetupsalesh</LabelMstID>
    <FieldName>DeliveryLocation</FieldName>
    <LabelID>lblDeliveryLocation1s</LabelID>
    <LabelName>Delivery Location</LabelName>
    <LangID>1</LangID>
    <COUNTRYID>8</COUNTRYID>
    <LANGDISP>en-US</LANGDISP>
    <Active>TRUE</Active>
  </PageList>
  <PageList>
    <ID>17</ID>
    <LabelMstID>tblsetupsalesh</LabelMstID>
    <FieldName>DeliveryLocation</FieldName>
    <LabelID>lblDeliveryLocation1s</LabelID>
    <LabelName>Deliverylocation</LabelName>
    <LangID>3</LangID>
    <COUNTRYID>8</COUNTRYID>
    <LANGDISP>fr-FR</LANGDISP>
    <Active>TRUE</Active>
  </PageList>
  <PageList>
    <ID>18</ID>
    <LabelMstID>tblsetupsalesh</LabelMstID>
    <FieldName>DeliveryLocation</FieldName>
    <LabelID>lblDeliveryLocation2h</LabelID>
    <LabelName>ديليفيريلوكيشن</LabelName>
    <LangID>2</LangID>
    <COUNTRYID>8</COUNTRYID>
    <LANGDISP>ar-KW</LANGDISP>
    <Active>TRUE</Active>
  </PageList>
  <PageList>
    <ID>19</ID>
    <LabelMstID>tblsetupsalesh</LabelMstID>
    <FieldName>CompniID</FieldName>
    <LabelID>lblCompniID1s</LabelID>
    <LabelName>setup sale</LabelName>
    <LangID>1</LangID>
    <COUNTRYID>8</COUNTRYID>
    <LANGDISP>en-US</LANGDISP>
    <Active>TRUE</Active>
  </PageList>
  <PageList>
    <ID>20</ID>
    <LabelMstID>tblsetupsalesh</LabelMstID>
    <FieldName>CompniID</FieldName>
    <LabelID>lblCompniID1s</LabelID>
    <LabelName>Compni nom</LabelName>
    <LangID>3</LangID>
    <COUNTRYID>8</COUNTRYID>
    <LANGDISP>fr-FR</LANGDISP>
    <Active>TRUE</Active>
  </PageList>
  <PageList>
    <ID>21</ID>
    <LabelMstID>tblsetupsalesh</LabelMstID>
    <FieldName>CompniID</FieldName>
    <LabelID>lblCompniID2h</LabelID>
    <LabelName>اسم كومبني</LabelName>
    <LangID>2</LangID>
    <COUNTRYID>8</COUNTRYID>
    <LANGDISP>ar-KW</LANGDISP>
    <Active>TRUE</Active>
  </PageList>
  <PageList>
    <ID>22</ID>
    <LabelMstID>tblsetupsalesh</LabelMstID>
    <FieldName>LastClosePeriod</FieldName>
    <LabelID>lblLastClosePeriod1s</LabelID>
    <LabelName>setup sale</LabelName>
    <LangID>1</LangID>
    <COUNTRYID>8</COUNTRYID>
    <LANGDISP>en-US</LANGDISP>
    <Active>TRUE</Active>
  </PageList>
  <PageList>
    <ID>23</ID>
    <LabelMstID>tblsetupsalesh</LabelMstID>
    <FieldName>LastClosePeriod</FieldName>
    <LabelID>lblLastClosePeriod1s</LabelID>
    <LabelName>Lastcloseperiod</LabelName>
    <LangID>3</LangID>
    <COUNTRYID>8</COUNTRYID>
    <LANGDISP>fr-FR</LANGDISP>
    <Active>TRUE</Active>
  </PageList>
  <PageList>
    <ID>24</ID>
    <LabelMstID>tblsetupsalesh</LabelMstID>
    <FieldName>LastClosePeriod</FieldName>
    <LabelID>lblLastClosePeriod2h</LabelID>
    <LabelName>لاستكلوسيبيريود</LabelName>
    <LangID>2</LangID>
    <COUNTRYID>8</COUNTRYID>
    <LANGDISP>ar-KW</LANGDISP>
    <Active>TRUE</Active>
  </PageList>
  <PageList>
    <ID>25</ID>
    <LabelMstID>tblsetupsalesh</LabelMstID>
    <FieldName>CurrentPeriod</FieldName>
    <LabelID>lblCurrentPeriod1s</LabelID>
    <LabelName>setup sale</LabelName>
    <LangID>1</LangID>
    <COUNTRYID>8</COUNTRYID>
    <LANGDISP>en-US</LANGDISP>
    <Active>TRUE</Active>
  </PageList>
  <PageList>
    <ID>26</ID>
    <LabelMstID>tblsetupsalesh</LabelMstID>
    <FieldName>CurrentPeriod</FieldName>
    <LabelID>lblCurrentPeriod1s</LabelID>
    <LabelName>CURRENTPERIOD</LabelName>
    <LangID>3</LangID>
    <COUNTRYID>8</COUNTRYID>
    <LANGDISP>fr-FR</LANGDISP>
    <Active>TRUE</Active>
  </PageList>
  <PageList>
    <ID>27</ID>
    <LabelMstID>tblsetupsalesh</LabelMstID>
    <FieldName>CurrentPeriod</FieldName>
    <LabelID>lblCurrentPeriod2h</LabelID>
    <LabelName>كورينتبيريود</LabelName>
    <LangID>2</LangID>
    <COUNTRYID>8</COUNTRYID>
    <LANGDISP>ar-KW</LANGDISP>
    <Active>TRUE</Active>
  </PageList>
  <PageList>
    <ID>28</ID>
    <LabelMstID>tblsetupsalesh</LabelMstID>
    <FieldName>PaymentDays</FieldName>
    <LabelID>lblPaymentDays1s</LabelID>
    <LabelName>Payment Days</LabelName>
    <LangID>1</LangID>
    <COUNTRYID>8</COUNTRYID>
    <LANGDISP>en-US</LANGDISP>
    <Active>TRUE</Active>
  </PageList>
  <PageList>
    <ID>29</ID>
    <LabelMstID>tblsetupsalesh</LabelMstID>
    <FieldName>PaymentDays</FieldName>
    <LabelID>lblPaymentDays1s</LabelID>
    <LabelName>Paymentdays</LabelName>
    <LangID>3</LangID>
    <COUNTRYID>8</COUNTRYID>
    <LANGDISP>fr-FR</LANGDISP>
    <Active>TRUE</Active>
  </PageList>
  <PageList>
    <ID>30</ID>
    <LabelMstID>tblsetupsalesh</LabelMstID>
    <FieldName>PaymentDays</FieldName>
    <LabelID>lblPaymentDays2h</LabelID>
    <LabelName>بايمينتدايس</LabelName>
    <LangID>2</LangID>
    <COUNTRYID>8</COUNTRYID>
    <LANGDISP>ar-KW</LANGDISP>
    <Active>TRUE</Active>
  </PageList>
  <PageList>
    <ID>31</ID>
    <LabelMstID>tblsetupsalesh</LabelMstID>
    <FieldName>ReminderDays</FieldName>
    <LabelID>lblReminderDays1s</LabelID>
    <LabelName>Reminder Days</LabelName>
    <LangID>1</LangID>
    <COUNTRYID>8</COUNTRYID>
    <LANGDISP>en-US</LANGDISP>
    <Active>TRUE</Active>
  </PageList>
  <PageList>
    <ID>32</ID>
    <LabelMstID>tblsetupsalesh</LabelMstID>
    <FieldName>ReminderDays</FieldName>
    <LabelID>lblReminderDays1s</LabelID>
    <LabelName>Reminderdays</LabelName>
    <LangID>3</LangID>
    <COUNTRYID>8</COUNTRYID>
    <LANGDISP>fr-FR</LANGDISP>
    <Active>TRUE</Active>
  </PageList>
  <PageList>
    <ID>33</ID>
    <LabelMstID>tblsetupsalesh</LabelMstID>
    <FieldName>ReminderDays</FieldName>
    <LabelID>lblReminderDays2h</LabelID>
    <LabelName>ريمينديردايس</LabelName>
    <LangID>2</LangID>
    <COUNTRYID>8</COUNTRYID>
    <LANGDISP>ar-KW</LANGDISP>
    <Active>TRUE</Active>
  </PageList>
  <PageList>
    <ID>34</ID>
    <LabelMstID>tblsetupsalesh</LabelMstID>
    <FieldName>AcceptWarantee</FieldName>
    <LabelID>lblAcceptWarantee1s</LabelID>
    <LabelName>setup sale</LabelName>
    <LangID>1</LangID>
    <COUNTRYID>8</COUNTRYID>
    <LANGDISP>en-US</LANGDISP>
    <Active>TRUE</Active>
  </PageList>
  <PageList>
    <ID>35</ID>
    <LabelMstID>tblsetupsalesh</LabelMstID>
    <FieldName>AcceptWarantee</FieldName>
    <LabelID>lblAcceptWarantee1s</LabelID>
    <LabelName>Acceptwarantee</LabelName>
    <LangID>3</LangID>
    <COUNTRYID>8</COUNTRYID>
    <LANGDISP>fr-FR</LANGDISP>
    <Active>TRUE</Active>
  </PageList>
  <PageList>
    <ID>36</ID>
    <LabelMstID>tblsetupsalesh</LabelMstID>
    <FieldName>AcceptWarantee</FieldName>
    <LabelID>lblAcceptWarantee2h</LabelID>
    <LabelName>أكسيبتوارانتي</LabelName>
    <LangID>2</LangID>
    <COUNTRYID>8</COUNTRYID>
    <LANGDISP>ar-KW</LANGDISP>
    <Active>TRUE</Active>
  </PageList>
  <PageList>
    <ID>37</ID>
    <LabelMstID>tblsetupsalesh</LabelMstID>
    <FieldName>DescWithWarantee</FieldName>
    <LabelID>lblDescWithWarantee1s</LabelID>
    <LabelName>Desc with warrantee</LabelName>
    <LangID>1</LangID>
    <COUNTRYID>8</COUNTRYID>
    <LANGDISP>en-US</LANGDISP>
    <Active>TRUE</Active>
  </PageList>
  <PageList>
    <ID>38</ID>
    <LabelMstID>tblsetupsalesh</LabelMstID>
    <FieldName>DescWithWarantee</FieldName>
    <LabelID>lblDescWithWarantee1s</LabelID>
    <LabelName>Descwithwarantee</LabelName>
    <LangID>3</LangID>
    <COUNTRYID>8</COUNTRYID>
    <LANGDISP>fr-FR</LANGDISP>
    <Active>TRUE</Active>
  </PageList>
  <PageList>
    <ID>39</ID>
    <LabelMstID>tblsetupsalesh</LabelMstID>
    <FieldName>DescWithWarantee</FieldName>
    <LabelID>lblDescWithWarantee2h</LabelID>
    <LabelName>ديسكويثوارانتي</LabelName>
    <LangID>2</LangID>
    <COUNTRYID>8</COUNTRYID>
    <LANGDISP>ar-KW</LANGDISP>
    <Active>TRUE</Active>
  </PageList>
  <PageList>
    <ID>40</ID>
    <LabelMstID>tblsetupsalesh</LabelMstID>
    <FieldName>DescWithSerial</FieldName>
    <LabelID>lblDescWithSerial1s</LabelID>
    <LabelName>Desc with serial</LabelName>
    <LangID>1</LangID>
    <COUNTRYID>8</COUNTRYID>
    <LANGDISP>en-US</LANGDISP>
    <Active>TRUE</Active>
  </PageList>
  <PageList>
    <ID>41</ID>
    <LabelMstID>tblsetupsalesh</LabelMstID>
    <FieldName>DescWithSerial</FieldName>
    <LabelID>lblDescWithSerial1s</LabelID>
    <LabelName>Descwithserial</LabelName>
    <LangID>3</LangID>
    <COUNTRYID>8</COUNTRYID>
    <LANGDISP>fr-FR</LANGDISP>
    <Active>TRUE</Active>
  </PageList>
  <PageList>
    <ID>42</ID>
    <LabelMstID>tblsetupsalesh</LabelMstID>
    <FieldName>DescWithSerial</FieldName>
    <LabelID>lblDescWithSerial2h</LabelID>
    <LabelName>ديسكويثسيريال</LabelName>
    <LangID>2</LangID>
    <COUNTRYID>8</COUNTRYID>
    <LANGDISP>ar-KW</LANGDISP>
    <Active>TRUE</Active>
  </PageList>
  <PageList>
    <ID>43</ID>
    <LabelMstID>tblsetupsalesh</LabelMstID>
    <FieldName>DescWithColor</FieldName>
    <LabelID>lblDescWithColor1s</LabelID>
    <LabelName>Desc with color</LabelName>
    <LangID>1</LangID>
    <COUNTRYID>8</COUNTRYID>
    <LANGDISP>en-US</LANGDISP>
    <Active>TRUE</Active>
  </PageList>
  <PageList>
    <ID>44</ID>
    <LabelMstID>tblsetupsalesh</LabelMstID>
    <FieldName>DescWithColor</FieldName>
    <LabelID>lblDescWithColor1s</LabelID>
    <LabelName>Descwithcolor</LabelName>
    <LangID>3</LangID>
    <COUNTRYID>8</COUNTRYID>
    <LANGDISP>fr-FR</LANGDISP>
    <Active>TRUE</Active>
  </PageList>
  <PageList>
    <ID>45</ID>
    <LabelMstID>tblsetupsalesh</LabelMstID>
    <FieldName>DescWithColor</FieldName>
    <LabelID>lblDescWithColor2h</LabelID>
    <LabelName>ديسكويثكولور</LabelName>
    <LangID>2</LangID>
    <COUNTRYID>8</COUNTRYID>
    <LANGDISP>ar-KW</LANGDISP>
    <Active>TRUE</Active>
  </PageList>
  <PageList>
    <ID>46</ID>
    <LabelMstID>tblsetupsalesh</LabelMstID>
    <FieldName>AllowMinusQty</FieldName>
    <LabelID>lblAllowMinusQty1s</LabelID>
    <LabelName>Allow Minus Qty</LabelName>
    <LangID>1</LangID>
    <COUNTRYID>8</COUNTRYID>
    <LANGDISP>en-US</LANGDISP>
    <Active>TRUE</Active>
  </PageList>
  <PageList>
    <ID>47</ID>
    <LabelMstID>tblsetupsalesh</LabelMstID>
    <FieldName>AllowMinusQty</FieldName>
    <LabelID>lblAllowMinusQty1s</LabelID>
    <LabelName>Allowminusqty</LabelName>
    <LangID>3</LangID>
    <COUNTRYID>8</COUNTRYID>
    <LANGDISP>fr-FR</LANGDISP>
    <Active>TRUE</Active>
  </PageList>
  <PageList>
    <ID>48</ID>
    <LabelMstID>tblsetupsalesh</LabelMstID>
    <FieldName>AllowMinusQty</FieldName>
    <LabelID>lblAllowMinusQty2h</LabelID>
    <LabelName>اللوومينوسقتي</LabelName>
    <LangID>2</LangID>
    <COUNTRYID>8</COUNTRYID>
    <LANGDISP>ar-KW</LANGDISP>
    <Active>TRUE</Active>
  </PageList>
  <PageList>
    <ID>49</ID>
    <LabelMstID>tblsetupsalesh</LabelMstID>
    <FieldName>HeaderLine</FieldName>
    <LabelID>lblHeaderLine1s</LabelID>
    <LabelName>Header Line</LabelName>
    <LangID>1</LangID>
    <COUNTRYID>8</COUNTRYID>
    <LANGDISP>en-US</LANGDISP>
    <Active>TRUE</Active>
  </PageList>
  <PageList>
    <ID>50</ID>
    <LabelMstID>tblsetupsalesh</LabelMstID>
    <FieldName>HeaderLine</FieldName>
    <LabelID>lblHeaderLine1s</LabelID>
    <LabelName>Headerline</LabelName>
    <LangID>3</LangID>
    <COUNTRYID>8</COUNTRYID>
    <LANGDISP>fr-FR</LANGDISP>
    <Active>TRUE</Active>
  </PageList>
  <PageList>
    <ID>51</ID>
    <LabelMstID>tblsetupsalesh</LabelMstID>
    <FieldName>HeaderLine</FieldName>
    <LabelID>lblHeaderLine2h</LabelID>
    <LabelName>هيديرليني</LabelName>
    <LangID>2</LangID>
    <COUNTRYID>8</COUNTRYID>
    <LANGDISP>ar-KW</LANGDISP>
    <Active>TRUE</Active>
  </PageList>
  <PageList>
    <ID>52</ID>
    <LabelMstID>tblsetupsalesh</LabelMstID>
    <FieldName>TagLine</FieldName>
    <LabelID>lblTagLine1s</LabelID>
    <LabelName>Tag line</LabelName>
    <LangID>1</LangID>
    <COUNTRYID>8</COUNTRYID>
    <LANGDISP>en-US</LANGDISP>
    <Active>TRUE</Active>
  </PageList>
  <PageList>
    <ID>53</ID>
    <LabelMstID>tblsetupsalesh</LabelMstID>
    <FieldName>TagLine</FieldName>
    <LabelID>lblTagLine1s</LabelID>
    <LabelName>Slogan</LabelName>
    <LangID>3</LangID>
    <COUNTRYID>8</COUNTRYID>
    <LANGDISP>fr-FR</LANGDISP>
    <Active>TRUE</Active>
  </PageList>
  <PageList>
    <ID>54</ID>
    <LabelMstID>tblsetupsalesh</LabelMstID>
    <FieldName>TagLine</FieldName>
    <LabelID>lblTagLine2h</LabelID>
    <LabelName>الشعار</LabelName>
    <LangID>2</LangID>
    <COUNTRYID>8</COUNTRYID>
    <LANGDISP>ar-KW</LANGDISP>
    <Active>TRUE</Active>
  </PageList>
  <PageList>
    <ID>55</ID>
    <LabelMstID>tblsetupsalesh</LabelMstID>
    <FieldName>BottomTagLine</FieldName>
    <LabelID>lblBottomTagLine1s</LabelID>
    <LabelName>Bottom Tag Line</LabelName>
    <LangID>1</LangID>
    <COUNTRYID>8</COUNTRYID>
    <LANGDISP>en-US</LANGDISP>
    <Active>TRUE</Active>
  </PageList>
  <PageList>
    <ID>56</ID>
    <LabelMstID>tblsetupsalesh</LabelMstID>
    <FieldName>BottomTagLine</FieldName>
    <LabelID>lblBottomTagLine1s</LabelID>
    <LabelName>Bottomtagline</LabelName>
    <LangID>3</LangID>
    <COUNTRYID>8</COUNTRYID>
    <LANGDISP>fr-FR</LANGDISP>
    <Active>TRUE</Active>
  </PageList>
  <PageList>
    <ID>57</ID>
    <LabelMstID>tblsetupsalesh</LabelMstID>
    <FieldName>BottomTagLine</FieldName>
    <LabelID>lblBottomTagLine2h</LabelID>
    <LabelName>بوتومتاجليني</LabelName>
    <LangID>2</LangID>
    <COUNTRYID>8</COUNTRYID>
    <LANGDISP>ar-KW</LANGDISP>
    <Active>TRUE</Active>
  </PageList>
  <PageList>
    <ID>58</ID>
    <LabelMstID>tblsetupsalesh</LabelMstID>
    <FieldName>PaymentDetails</FieldName>
    <LabelID>lblPaymentDetails1s</LabelID>
    <LabelName>Payment Details</LabelName>
    <LangID>1</LangID>
    <COUNTRYID>8</COUNTRYID>
    <LANGDISP>en-US</LANGDISP>
    <Active>TRUE</Active>
  </PageList>
  <PageList>
    <ID>59</ID>
    <LabelMstID>tblsetupsalesh</LabelMstID>
    <FieldName>PaymentDetails</FieldName>
    <LabelID>lblPaymentDetails1s</LabelID>
    <LabelName>Paymentdetails</LabelName>
    <LangID>3</LangID>
    <COUNTRYID>8</COUNTRYID>
    <LANGDISP>fr-FR</LANGDISP>
    <Active>TRUE</Active>
  </PageList>
  <PageList>
    <ID>60</ID>
    <LabelMstID>tblsetupsalesh</LabelMstID>
    <FieldName>PaymentDetails</FieldName>
    <LabelID>lblPaymentDetails2h</LabelID>
    <LabelName>بايمينتديتايلس</LabelName>
    <LangID>2</LangID>
    <COUNTRYID>8</COUNTRYID>
    <LANGDISP>ar-KW</LANGDISP>
    <Active>TRUE</Active>
  </PageList>
  <PageList>
    <ID>61</ID>
    <LabelMstID>tblsetupsalesh</LabelMstID>
    <FieldName>TCQuotation</FieldName>
    <LabelID>lblTCQuotation1s</LabelID>
    <LabelName>setup sale</LabelName>
    <LangID>1</LangID>
    <COUNTRYID>8</COUNTRYID>
    <LANGDISP>en-US</LANGDISP>
    <Active>TRUE</Active>
  </PageList>
  <PageList>
    <ID>62</ID>
    <LabelMstID>tblsetupsalesh</LabelMstID>
    <FieldName>TCQuotation</FieldName>
    <LabelID>lblTCQuotation1s</LabelID>
    <LabelName>Tcquotation</LabelName>
    <LangID>3</LangID>
    <COUNTRYID>8</COUNTRYID>
    <LANGDISP>fr-FR</LANGDISP>
    <Active>TRUE</Active>
  </PageList>
  <PageList>
    <ID>63</ID>
    <LabelMstID>tblsetupsalesh</LabelMstID>
    <FieldName>TCQuotation</FieldName>
    <LabelID>lblTCQuotation2h</LabelID>
    <LabelName>تكقوتيشن</LabelName>
    <LangID>2</LangID>
    <COUNTRYID>8</COUNTRYID>
    <LANGDISP>ar-KW</LANGDISP>
    <Active>TRUE</Active>
  </PageList>
  <PageList>
    <ID>64</ID>
    <LabelMstID>tblsetupsalesh</LabelMstID>
    <FieldName>IntroLetter</FieldName>
    <LabelID>lblIntroLetter1s</LabelID>
    <LabelName>setup sale</LabelName>
    <LangID>1</LangID>
    <COUNTRYID>8</COUNTRYID>
    <LANGDISP>en-US</LANGDISP>
    <Active>TRUE</Active>
  </PageList>
  <PageList>
    <ID>65</ID>
    <LabelMstID>tblsetupsalesh</LabelMstID>
    <FieldName>IntroLetter</FieldName>
    <LabelID>lblIntroLetter1s</LabelID>
    <LabelName>Introletter</LabelName>
    <LangID>3</LangID>
    <COUNTRYID>8</COUNTRYID>
    <LANGDISP>fr-FR</LANGDISP>
    <Active>TRUE</Active>
  </PageList>
  <PageList>
    <ID>66</ID>
    <LabelMstID>tblsetupsalesh</LabelMstID>
    <FieldName>IntroLetter</FieldName>
    <LabelID>lblIntroLetter2h</LabelID>
    <LabelName>إينتروليتير</LabelName>
    <LangID>2</LangID>
    <COUNTRYID>8</COUNTRYID>
    <LANGDISP>ar-KW</LANGDISP>
    <Active>TRUE</Active>
  </PageList>
  <PageList>
    <ID>67</ID>
    <LabelMstID>tblsetupsalesh</LabelMstID>
    <FieldName>COUNTRYID</FieldName>
    <LabelID>lblCOUNTRYID1s</LabelID>
    <LabelName>Country name</LabelName>
    <LangID>1</LangID>
    <COUNTRYID>8</COUNTRYID>
    <LANGDISP>en-US</LANGDISP>
    <Active>TRUE</Active>
  </PageList>
  <PageList>
    <ID>68</ID>
    <LabelMstID>tblsetupsalesh</LabelMstID>
    <FieldName>COUNTRYID</FieldName>
    <LabelID>lblCOUNTRYID1s</LabelID>
    <LabelName>Nom du pays</LabelName>
    <LangID>3</LangID>
    <COUNTRYID>8</COUNTRYID>
    <LANGDISP>fr-FR</LANGDISP>
    <Active>TRUE</Active>
  </PageList>
  <PageList>
    <ID>69</ID>
    <LabelMstID>tblsetupsalesh</LabelMstID>
    <FieldName>COUNTRYID</FieldName>
    <LabelID>lblCOUNTRYID2h</LabelID>
    <LabelName>اسم البلد</LabelName>
    <LangID>2</LangID>
    <COUNTRYID>8</COUNTRYID>
    <LANGDISP>ar-KW</LANGDISP>
    <Active>TRUE</Active>
  </PageList>
  <PageList>
    <ID>70</ID>
    <LabelMstID>tblsetupsalesh</LabelMstID>
    <FieldName>SalesAdminID</FieldName>
    <LabelID>lblSalesAdminID1s</LabelID>
    <LabelName>Salesadmin name</LabelName>
    <LangID>1</LangID>
    <COUNTRYID>8</COUNTRYID>
    <LANGDISP>en-US</LANGDISP>
    <Active>TRUE</Active>
  </PageList>
  <PageList>
    <ID>71</ID>
    <LabelMstID>tblsetupsalesh</LabelMstID>
    <FieldName>SalesAdminID</FieldName>
    <LabelID>lblSalesAdminID1s</LabelID>
    <LabelName>Salesadmin nom</LabelName>
    <LangID>3</LangID>
    <COUNTRYID>8</COUNTRYID>
    <LANGDISP>fr-FR</LANGDISP>
    <Active>TRUE</Active>
  </PageList>
  <PageList>
    <ID>72</ID>
    <LabelMstID>tblsetupsalesh</LabelMstID>
    <FieldName>SalesAdminID</FieldName>
    <LabelID>lblSalesAdminID2h</LabelID>
    <LabelName>اسم ساليسادمين</LabelName>
    <LangID>2</LangID>
    <COUNTRYID>8</COUNTRYID>
    <LANGDISP>ar-KW</LANGDISP>
    <Active>TRUE</Active>
  </PageList>
  <PageList>
    <ID>73</ID>
    <LabelMstID>tblsetupsalesh</LabelMstID>
    <FieldName>CRUP_ID</FieldName>
    <LabelID>lblCRUP_ID1s</LabelID>
    <LabelName>setup sale</LabelName>
    <LangID>1</LangID>
    <COUNTRYID>8</COUNTRYID>
    <LANGDISP>en-US</LANGDISP>
    <Active>TRUE</Active>
  </PageList>
  <PageList>
    <ID>74</ID>
    <LabelMstID>tblsetupsalesh</LabelMstID>
    <FieldName>CRUP_ID</FieldName>
    <LabelID>lblCRUP_ID1s</LabelID>
    <LabelName>Crup nom</LabelName>
    <LangID>3</LangID>
    <COUNTRYID>8</COUNTRYID>
    <LANGDISP>fr-FR</LANGDISP>
    <Active>TRUE</Active>
  </PageList>
  <PageList>
    <ID>75</ID>
    <LabelMstID>tblsetupsalesh</LabelMstID>
    <FieldName>CRUP_ID</FieldName>
    <LabelID>lblCRUP_ID2h</LabelID>
    <LabelName>اسم Crup</LabelName>
    <LangID>2</LangID>
    <COUNTRYID>8</COUNTRYID>
    <LANGDISP>ar-KW</LANGDISP>
    <Active>TRUE</Active>
  </PageList>
  <PageList>
    <ID>76</ID>
    <LabelMstID>tblsetupsalesh</LabelMstID>
    <FieldName>InvoicePrintURL</FieldName>
    <LabelID>lblInvoicePrintURL1s</LabelID>
    <LabelName>setup sale</LabelName>
    <LangID>1</LangID>
    <COUNTRYID>8</COUNTRYID>
    <LANGDISP>en-US</LANGDISP>
    <Active>TRUE</Active>
  </PageList>
  <PageList>
    <ID>77</ID>
    <LabelMstID>tblsetupsalesh</LabelMstID>
    <FieldName>InvoicePrintURL</FieldName>
    <LabelID>lblInvoicePrintURL1s</LabelID>
    <LabelName>Invoiceprinturl</LabelName>
    <LangID>3</LangID>
    <COUNTRYID>8</COUNTRYID>
    <LANGDISP>fr-FR</LANGDISP>
    <Active>TRUE</Active>
  </PageList>
  <PageList>
    <ID>78</ID>
    <LabelMstID>tblsetupsalesh</LabelMstID>
    <FieldName>InvoicePrintURL</FieldName>
    <LabelID>lblInvoicePrintURL2h</LabelID>
    <LabelName>إينفويسيبرينتورل</LabelName>
    <LangID>2</LangID>
    <COUNTRYID>8</COUNTRYID>
    <LANGDISP>ar-KW</LANGDISP>
    <Active>TRUE</Active>
  </PageList>
  <PageList>
    <ID>79</ID>
    <LabelMstID>tblsetupsalesh</LabelMstID>
    <FieldName>DeliveryPrintURL</FieldName>
    <LabelID>lblDeliveryPrintURL1s</LabelID>
    <LabelName>Delivery print Url</LabelName>
    <LangID>1</LangID>
    <COUNTRYID>8</COUNTRYID>
    <LANGDISP>en-US</LANGDISP>
    <Active>TRUE</Active>
  </PageList>
  <PageList>
    <ID>80</ID>
    <LabelMstID>tblsetupsalesh</LabelMstID>
    <FieldName>DeliveryPrintURL</FieldName>
    <LabelID>lblDeliveryPrintURL1s</LabelID>
    <LabelName>Deliveryprinturl</LabelName>
    <LangID>3</LangID>
    <COUNTRYID>8</COUNTRYID>
    <LANGDISP>fr-FR</LANGDISP>
    <Active>TRUE</Active>
  </PageList>
  <PageList>
    <ID>81</ID>
    <LabelMstID>tblsetupsalesh</LabelMstID>
    <FieldName>DeliveryPrintURL</FieldName>
    <LabelID>lblDeliveryPrintURL2h</LabelID>
    <LabelName>ديليفيريبرينتورل</LabelName>
    <LangID>2</LangID>
    <COUNTRYID>8</COUNTRYID>
    <LANGDISP>ar-KW</LANGDISP>
    <Active>TRUE</Active>
  </PageList>
  <PageList>
    <ID>82</ID>
    <LabelMstID>tblsetupsalesh</LabelMstID>
    <FieldName>CounterName</FieldName>
    <LabelID>lblCounterName1s</LabelID>
    <LabelName>Counter Name</LabelName>
    <LangID>1</LangID>
    <COUNTRYID>8</COUNTRYID>
    <LANGDISP>en-US</LANGDISP>
    <Active>TRUE</Active>
  </PageList>
  <PageList>
    <ID>83</ID>
    <LabelMstID>tblsetupsalesh</LabelMstID>
    <FieldName>CounterName</FieldName>
    <LabelID>lblCounterName1s</LabelID>
    <LabelName>CounterName</LabelName>
    <LangID>3</LangID>
    <COUNTRYID>8</COUNTRYID>
    <LANGDISP>fr-FR</LANGDISP>
    <Active>TRUE</Active>
  </PageList>
  <PageList>
    <ID>84</ID>
    <LabelMstID>tblsetupsalesh</LabelMstID>
    <FieldName>CounterName</FieldName>
    <LabelID>lblCounterName2h</LabelID>
    <LabelName>كونتيرنامي</LabelName>
    <LangID>2</LangID>
    <COUNTRYID>8</COUNTRYID>
    <LANGDISP>ar-KW</LANGDISP>
    <Active>TRUE</Active>
  </PageList>
  <PageList>
    <ID>85</ID>
    <LabelMstID>tblsetupsalesh</LabelMstID>
    <FieldName>EmployeeId</FieldName>
    <LabelID>lblEmployeeId1s</LabelID>
    <LabelName>setup sale</LabelName>
    <LangID>1</LangID>
    <COUNTRYID>8</COUNTRYID>
    <LANGDISP>en-US</LANGDISP>
    <Active>TRUE</Active>
  </PageList>
  <PageList>
    <ID>86</ID>
    <LabelMstID>tblsetupsalesh</LabelMstID>
    <FieldName>EmployeeId</FieldName>
    <LabelID>lblEmployeeId1s</LabelID>
    <LabelName>EmployeeID</LabelName>
    <LangID>3</LangID>
    <COUNTRYID>8</COUNTRYID>
    <LANGDISP>fr-FR</LANGDISP>
    <Active>TRUE</Active>
  </PageList>
  <PageList>
    <ID>87</ID>
    <LabelMstID>tblsetupsalesh</LabelMstID>
    <FieldName>EmployeeId</FieldName>
    <LabelID>lblEmployeeId2h</LabelID>
    <LabelName>معرف الموظف</LabelName>
    <LangID>2</LangID>
    <COUNTRYID>8</COUNTRYID>
    <LANGDISP>ar-KW</LANGDISP>
    <Active>TRUE</Active>
  </PageList>
  <PageList>
    <ID>88</ID>
    <LabelMstID>tblsetupsalesh</LabelMstID>
    <FieldName>DeftCoustomer</FieldName>
    <LabelID>lblDeftCoustomer1s</LabelID>
    <LabelName>setup sale</LabelName>
    <LangID>1</LangID>
    <COUNTRYID>8</COUNTRYID>
    <LANGDISP>en-US</LANGDISP>
    <Active>TRUE</Active>
  </PageList>
  <PageList>
    <ID>89</ID>
    <LabelMstID>tblsetupsalesh</LabelMstID>
    <FieldName>DeftCoustomer</FieldName>
    <LabelID>lblDeftCoustomer1s</LabelID>
    <LabelName>Deftcoustomer</LabelName>
    <LangID>3</LangID>
    <COUNTRYID>8</COUNTRYID>
    <LANGDISP>fr-FR</LANGDISP>
    <Active>TRUE</Active>
  </PageList>
  <PageList>
    <ID>90</ID>
    <LabelMstID>tblsetupsalesh</LabelMstID>
    <FieldName>DeftCoustomer</FieldName>
    <LabelID>lblDeftCoustomer2h</LabelID>
    <LabelName>ديفتكوستومير</LabelName>
    <LangID>2</LangID>
    <COUNTRYID>8</COUNTRYID>
    <LANGDISP>ar-KW</LANGDISP>
    <Active>TRUE</Active>
  </PageList>
  <PageList>
    <ID>91</ID>
    <LabelMstID>tblsetupsalesh</LabelMstID>
    <FieldName>Created</FieldName>
    <LabelID>lblCreated1s</LabelID>
    <LabelName>setup sale</LabelName>
    <LangID>1</LangID>
    <COUNTRYID>8</COUNTRYID>
    <LANGDISP>en-US</LANGDISP>
    <Active>TRUE</Active>
  </PageList>
  <PageList>
    <ID>92</ID>
    <LabelMstID>tblsetupsalesh</LabelMstID>
    <FieldName>Created</FieldName>
    <LabelID>lblCreated1s</LabelID>
    <LabelName>Créé</LabelName>
    <LangID>3</LangID>
    <COUNTRYID>8</COUNTRYID>
    <LANGDISP>fr-FR</LANGDISP>
    <Active>TRUE</Active>
  </PageList>
  <PageList>
    <ID>93</ID>
    <LabelMstID>tblsetupsalesh</LabelMstID>
    <FieldName>Created</FieldName>
    <LabelID>lblCreated2h</LabelID>
    <LabelName>إنشاء</LabelName>
    <LangID>2</LangID>
    <COUNTRYID>8</COUNTRYID>
    <LANGDISP>ar-KW</LANGDISP>
    <Active>TRUE</Active>
  </PageList>
  <PageList>
    <ID>94</ID>
    <LabelMstID>tblsetupsalesh</LabelMstID>
    <FieldName>DateTime</FieldName>
    <LabelID>lblDateTime1s</LabelID>
    <LabelName>setup sale</LabelName>
    <LangID>1</LangID>
    <COUNTRYID>8</COUNTRYID>
    <LANGDISP>en-US</LANGDISP>
    <Active>TRUE</Active>
  </PageList>
  <PageList>
    <ID>95</ID>
    <LabelMstID>tblsetupsalesh</LabelMstID>
    <FieldName>DateTime</FieldName>
    <LabelID>lblDateTime1s</LabelID>
    <LabelName>DateTime</LabelName>
    <LangID>3</LangID>
    <COUNTRYID>8</COUNTRYID>
    <LANGDISP>fr-FR</LANGDISP>
    <Active>TRUE</Active>
  </PageList>
  <PageList>
    <ID>96</ID>
    <LabelMstID>tblsetupsalesh</LabelMstID>
    <FieldName>DateTime</FieldName>
    <LabelID>lblDateTime2h</LabelID>
    <LabelName>التاريخ والوقت</LabelName>
    <LangID>2</LangID>
    <COUNTRYID>8</COUNTRYID>
    <LANGDISP>ar-KW</LANGDISP>
    <Active>TRUE</Active>
  </PageList>
  <PageList>
    <ID>97</ID>
    <LabelMstID>tblsetupsalesh</LabelMstID>
    <FieldName>Active</FieldName>
    <LabelID>lblActive1s</LabelID>
    <LabelName>Active</LabelName>
    <LangID>1</LangID>
    <COUNTRYID>8</COUNTRYID>
    <LANGDISP>en-US</LANGDISP>
    <Active>TRUE</Active>
  </PageList>
  <PageList>
    <ID>98</ID>
    <LabelMstID>tblsetupsalesh</LabelMstID>
    <FieldName>Active</FieldName>
    <LabelID>lblActive1s</LabelID>
    <LabelName>Actif</LabelName>
    <LangID>3</LangID>
    <COUNTRYID>8</COUNTRYID>
    <LANGDISP>fr-FR</LANGDISP>
    <Active>TRUE</Active>
  </PageList>
  <PageList>
    <ID>99</ID>
    <LabelMstID>tblsetupsalesh</LabelMstID>
    <FieldName>Active</FieldName>
    <LabelID>lblActive2h</LabelID>
    <LabelName>النشطة</LabelName>
    <LangID>2</LangID>
    <COUNTRYID>8</COUNTRYID>
    <LANGDISP>ar-KW</LANGDISP>
    <Active>TRUE</Active>
  </PageList>
  <PageList>
    <ID>100</ID>
    <LabelMstID>tblsetupsalesh</LabelMstID>
    <FieldName>Deleted</FieldName>
    <LabelID>lblDeleted1s</LabelID>
    <LabelName>setup sale</LabelName>
    <LangID>1</LangID>
    <COUNTRYID>8</COUNTRYID>
    <LANGDISP>en-US</LANGDISP>
    <Active>TRUE</Active>
  </PageList>
  <PageList>
    <ID>101</ID>
    <LabelMstID>tblsetupsalesh</LabelMstID>
    <FieldName>Deleted</FieldName>
    <LabelID>lblDeleted1s</LabelID>
    <LabelName>Supprimé</LabelName>
    <LangID>3</LangID>
    <COUNTRYID>8</COUNTRYID>
    <LANGDISP>fr-FR</LANGDISP>
    <Active>TRUE</Active>
  </PageList>
  <PageList>
    <ID>102</ID>
    <LabelMstID>tblsetupsalesh</LabelMstID>
    <FieldName>Deleted</FieldName>
    <LabelID>lblDeleted2h</LabelID>
    <LabelName>حذف</LabelName>
    <LangID>2</LangID>
    <COUNTRYID>8</COUNTRYID>
    <LANGDISP>ar-KW</LANGDISP>
    <Active>TRUE</Active>
  </PageList>
  <PageList>
    <ID>103</ID>
    <LabelMstID>tblsetupsalesh</LabelMstID>
    <FieldName>NULL</FieldName>
    <LabelID>lblHeader1s</LabelID>
    <LabelName>setup sale</LabelName>
    <LangID>1</LangID>
    <COUNTRYID>8</COUNTRYID>
    <LANGDISP>en-US</LANGDISP>
    <Active>TRUE</Active>
  </PageList>
  <PageList>
    <ID>104</ID>
    <LabelMstID>tblsetupsalesh</LabelMstID>
    <FieldName>NULL</FieldName>
    <LabelID>lblHeader1s</LabelID>
    <LabelName>tblsetupsalesh</LabelName>
    <LangID>3</LangID>
    <COUNTRYID>8</COUNTRYID>
    <LANGDISP>fr-FR</LANGDISP>
    <Active>TRUE</Active>
  </PageList>
  <PageList>
    <ID>105</ID>
    <LabelMstID>tblsetupsalesh</LabelMstID>
    <FieldName>NULL</FieldName>
    <LabelID>lblHeader2h</LabelID>
    <LabelName>تبلسيتوبساليش</LabelName>
    <LangID>2</LangID>
    <COUNTRYID>8</COUNTRYID>
    <LANGDISP>ar-KW</LANGDISP>
    <Active>TRUE</Active>
  </PageList>
</TBLLabelDTL>