<?xml version="1.0" standalone="yes"?>
<TBLLabelDTL>
  <PageList>
    <ID>1</ID>
    <LabelMstID>tblSetupInventory</LabelMstID>
    <FieldName>TenentID</FieldName>
    <LabelID>lblTenentID1s</LabelID>
    <LabelName>Setup Inventory</LabelName>
    <LangID>1</LangID>
    <COUNTRYID>8</COUNTRYID>
    <LANGDISP>en-US</LANGDISP>
    <Active>TRUE</Active>
  </PageList>
  <PageList>
    <ID>2</ID>
    <LabelMstID>tblSetupInventory</LabelMstID>
    <FieldName>TenentID</FieldName>
    <LabelID>lblTenentID1s</LabelID>
    <LabelName>Tenent nom</LabelName>
    <LangID>3</LangID>
    <COUNTRYID>8</COUNTRYID>
    <LANGDISP>fr-FR</LANGDISP>
    <Active>TRUE</Active>
  </PageList>
  <PageList>
    <ID>3</ID>
    <LabelMstID>tblSetupInventory</LabelMstID>
    <FieldName>TenentID</FieldName>
    <LabelID>lblTenentID2h</LabelID>
    <LabelName>اسم تينيت</LabelName>
    <LangID>2</LangID>
    <COUNTRYID>8</COUNTRYID>
    <LANGDISP>ar-KW</LANGDISP>
    <Active>TRUE</Active>
  </PageList>
  <PageList>
    <ID>4</ID>
    <LabelMstID>tblSetupInventory</LabelMstID>
    <FieldName>locationID</FieldName>
    <LabelID>lbllocationID1s</LabelID>
    <LabelName>Setup Inventory</LabelName>
    <LangID>1</LangID>
    <COUNTRYID>8</COUNTRYID>
    <LANGDISP>en-US</LANGDISP>
    <Active>TRUE</Active>
  </PageList>
  <PageList>
    <ID>5</ID>
    <LabelMstID>tblSetupInventory</LabelMstID>
    <FieldName>locationID</FieldName>
    <LabelID>lbllocationID1s</LabelID>
    <LabelName>Nom de l’emplacement</LabelName>
    <LangID>3</LangID>
    <COUNTRYID>8</COUNTRYID>
    <LANGDISP>fr-FR</LANGDISP>
    <Active>TRUE</Active>
  </PageList>
  <PageList>
    <ID>6</ID>
    <LabelMstID>tblSetupInventory</LabelMstID>
    <FieldName>locationID</FieldName>
    <LabelID>lbllocationID2h</LabelID>
    <LabelName>اسم الموقع</LabelName>
    <LangID>2</LangID>
    <COUNTRYID>8</COUNTRYID>
    <LANGDISP>ar-KW</LANGDISP>
    <Active>TRUE</Active>
  </PageList>
  <PageList>
    <ID>7</ID>
    <LabelMstID>tblSetupInventory</LabelMstID>
    <FieldName>TransferOutTransType</FieldName>
    <LabelID>lblTransferOutTransType1s</LabelID>
    <LabelName>Transfer Out Trans Type</LabelName>
    <LangID>1</LangID>
    <COUNTRYID>8</COUNTRYID>
    <LANGDISP>en-US</LANGDISP>
    <Active>TRUE</Active>
  </PageList>
  <PageList>
    <ID>8</ID>
    <LabelMstID>tblSetupInventory</LabelMstID>
    <FieldName>TransferOutTransType</FieldName>
    <LabelID>lblTransferOutTransType1s</LabelID>
    <LabelName>Transferouttranstype</LabelName>
    <LangID>3</LangID>
    <COUNTRYID>8</COUNTRYID>
    <LANGDISP>fr-FR</LANGDISP>
    <Active>TRUE</Active>
  </PageList>
  <PageList>
    <ID>9</ID>
    <LabelMstID>tblSetupInventory</LabelMstID>
    <FieldName>TransferOutTransType</FieldName>
    <LabelID>lblTransferOutTransType2h</LabelID>
    <LabelName>ترانسفيروترانستيبي</LabelName>
    <LangID>2</LangID>
    <COUNTRYID>8</COUNTRYID>
    <LANGDISP>ar-KW</LANGDISP>
    <Active>TRUE</Active>
  </PageList>
  <PageList>
    <ID>10</ID>
    <LabelMstID>tblSetupInventory</LabelMstID>
    <FieldName>TransferOutTransSubType</FieldName>
    <LabelID>lblTransferOutTransSubType1s</LabelID>
    <LabelName>Transfer Out Trans SubType</LabelName>
    <LangID>1</LangID>
    <COUNTRYID>8</COUNTRYID>
    <LANGDISP>en-US</LANGDISP>
    <Active>TRUE</Active>
  </PageList>
  <PageList>
    <ID>11</ID>
    <LabelMstID>tblSetupInventory</LabelMstID>
    <FieldName>TransferOutTransSubType</FieldName>
    <LabelID>lblTransferOutTransSubType1s</LabelID>
    <LabelName>Transferouttranssubtype</LabelName>
    <LangID>3</LangID>
    <COUNTRYID>8</COUNTRYID>
    <LANGDISP>fr-FR</LANGDISP>
    <Active>TRUE</Active>
  </PageList>
  <PageList>
    <ID>12</ID>
    <LabelMstID>tblSetupInventory</LabelMstID>
    <FieldName>TransferOutTransSubType</FieldName>
    <LabelID>lblTransferOutTransSubType2h</LabelID>
    <LabelName>ترانسفيروترانسوبتيبي</LabelName>
    <LangID>2</LangID>
    <COUNTRYID>8</COUNTRYID>
    <LANGDISP>ar-KW</LANGDISP>
    <Active>TRUE</Active>
  </PageList>
  <PageList>
    <ID>13</ID>
    <LabelMstID>tblSetupInventory</LabelMstID>
    <FieldName>TransferInTransType</FieldName>
    <LabelID>lblTransferInTransType1s</LabelID>
    <LabelName>Transfer in Trans Type</LabelName>
    <LangID>1</LangID>
    <COUNTRYID>8</COUNTRYID>
    <LANGDISP>en-US</LANGDISP>
    <Active>TRUE</Active>
  </PageList>
  <PageList>
    <ID>14</ID>
    <LabelMstID>tblSetupInventory</LabelMstID>
    <FieldName>TransferInTransType</FieldName>
    <LabelID>lblTransferInTransType1s</LabelID>
    <LabelName>Transferintranstype</LabelName>
    <LangID>3</LangID>
    <COUNTRYID>8</COUNTRYID>
    <LANGDISP>fr-FR</LANGDISP>
    <Active>TRUE</Active>
  </PageList>
  <PageList>
    <ID>15</ID>
    <LabelMstID>tblSetupInventory</LabelMstID>
    <FieldName>TransferInTransType</FieldName>
    <LabelID>lblTransferInTransType2h</LabelID>
    <LabelName>ترانسفيرينترانستيبي</LabelName>
    <LangID>2</LangID>
    <COUNTRYID>8</COUNTRYID>
    <LANGDISP>ar-KW</LANGDISP>
    <Active>TRUE</Active>
  </PageList>
  <PageList>
    <ID>16</ID>
    <LabelMstID>tblSetupInventory</LabelMstID>
    <FieldName>TransferInTransSubType</FieldName>
    <LabelID>lblTransferInTransSubType1s</LabelID>
    <LabelName>Transfer In Trans Subtype</LabelName>
    <LangID>1</LangID>
    <COUNTRYID>8</COUNTRYID>
    <LANGDISP>en-US</LANGDISP>
    <Active>TRUE</Active>
  </PageList>
  <PageList>
    <ID>17</ID>
    <LabelMstID>tblSetupInventory</LabelMstID>
    <FieldName>TransferInTransSubType</FieldName>
    <LabelID>lblTransferInTransSubType1s</LabelID>
    <LabelName>Transferintranssubtype</LabelName>
    <LangID>3</LangID>
    <COUNTRYID>8</COUNTRYID>
    <LANGDISP>fr-FR</LANGDISP>
    <Active>TRUE</Active>
  </PageList>
  <PageList>
    <ID>18</ID>
    <LabelMstID>tblSetupInventory</LabelMstID>
    <FieldName>TransferInTransSubType</FieldName>
    <LabelID>lblTransferInTransSubType2h</LabelID>
    <LabelName>ترانسفيرينترانسوبتيبي</LabelName>
    <LangID>2</LangID>
    <COUNTRYID>8</COUNTRYID>
    <LANGDISP>ar-KW</LANGDISP>
    <Active>TRUE</Active>
  </PageList>
  <PageList>
    <ID>19</ID>
    <LabelMstID>tblSetupInventory</LabelMstID>
    <FieldName>ConsumeTransType</FieldName>
    <LabelID>lblConsumeTransType1s</LabelID>
    <LabelName>Consume Trans Type</LabelName>
    <LangID>1</LangID>
    <COUNTRYID>8</COUNTRYID>
    <LANGDISP>en-US</LANGDISP>
    <Active>TRUE</Active>
  </PageList>
  <PageList>
    <ID>20</ID>
    <LabelMstID>tblSetupInventory</LabelMstID>
    <FieldName>ConsumeTransType</FieldName>
    <LabelID>lblConsumeTransType1s</LabelID>
    <LabelName>Consumetranstype</LabelName>
    <LangID>3</LangID>
    <COUNTRYID>8</COUNTRYID>
    <LANGDISP>fr-FR</LANGDISP>
    <Active>TRUE</Active>
  </PageList>
  <PageList>
    <ID>21</ID>
    <LabelMstID>tblSetupInventory</LabelMstID>
    <FieldName>ConsumeTransType</FieldName>
    <LabelID>lblConsumeTransType2h</LabelID>
    <LabelName>كونسوميترانستيبي</LabelName>
    <LangID>2</LangID>
    <COUNTRYID>8</COUNTRYID>
    <LANGDISP>ar-KW</LANGDISP>
    <Active>TRUE</Active>
  </PageList>
  <PageList>
    <ID>22</ID>
    <LabelMstID>tblSetupInventory</LabelMstID>
    <FieldName>ConsumeTransSubType</FieldName>
    <LabelID>lblConsumeTransSubType1s</LabelID>
    <LabelName>Consume Trans SubType</LabelName>
    <LangID>1</LangID>
    <COUNTRYID>8</COUNTRYID>
    <LANGDISP>en-US</LANGDISP>
    <Active>TRUE</Active>
  </PageList>
  <PageList>
    <ID>23</ID>
    <LabelMstID>tblSetupInventory</LabelMstID>
    <FieldName>ConsumeTransSubType</FieldName>
    <LabelID>lblConsumeTransSubType1s</LabelID>
    <LabelName>Consumetranssubtype</LabelName>
    <LangID>3</LangID>
    <COUNTRYID>8</COUNTRYID>
    <LANGDISP>fr-FR</LANGDISP>
    <Active>TRUE</Active>
  </PageList>
  <PageList>
    <ID>24</ID>
    <LabelMstID>tblSetupInventory</LabelMstID>
    <FieldName>ConsumeTransSubType</FieldName>
    <LabelID>lblConsumeTransSubType2h</LabelID>
    <LabelName>كونسوميترانسوبتيبي</LabelName>
    <LangID>2</LangID>
    <COUNTRYID>8</COUNTRYID>
    <LANGDISP>ar-KW</LANGDISP>
    <Active>TRUE</Active>
  </PageList>
  <PageList>
    <ID>25</ID>
    <LabelMstID>tblSetupInventory</LabelMstID>
    <FieldName>transidOut</FieldName>
    <LabelID>lbltransidOut1s</LabelID>
    <LabelName>Setup Inventory</LabelName>
    <LangID>1</LangID>
    <COUNTRYID>8</COUNTRYID>
    <LANGDISP>en-US</LANGDISP>
    <Active>TRUE</Active>
  </PageList>
  <PageList>
    <ID>26</ID>
    <LabelMstID>tblSetupInventory</LabelMstID>
    <FieldName>transidOut</FieldName>
    <LabelID>lbltransidOut1s</LabelID>
    <LabelName>Transidout</LabelName>
    <LangID>3</LangID>
    <COUNTRYID>8</COUNTRYID>
    <LANGDISP>fr-FR</LANGDISP>
    <Active>TRUE</Active>
  </PageList>
  <PageList>
    <ID>27</ID>
    <LabelMstID>tblSetupInventory</LabelMstID>
    <FieldName>transidOut</FieldName>
    <LabelID>lbltransidOut2h</LabelID>
    <LabelName>ترانسيدوت</LabelName>
    <LangID>2</LangID>
    <COUNTRYID>8</COUNTRYID>
    <LANGDISP>ar-KW</LANGDISP>
    <Active>TRUE</Active>
  </PageList>
  <PageList>
    <ID>28</ID>
    <LabelMstID>tblSetupInventory</LabelMstID>
    <FieldName>transsubidOut</FieldName>
    <LabelID>lbltranssubidOut1s</LabelID>
    <LabelName>Setup Inventory</LabelName>
    <LangID>1</LangID>
    <COUNTRYID>8</COUNTRYID>
    <LANGDISP>en-US</LANGDISP>
    <Active>TRUE</Active>
  </PageList>
  <PageList>
    <ID>29</ID>
    <LabelMstID>tblSetupInventory</LabelMstID>
    <FieldName>transsubidOut</FieldName>
    <LabelID>lbltranssubidOut1s</LabelID>
    <LabelName>Transsubidout</LabelName>
    <LangID>3</LangID>
    <COUNTRYID>8</COUNTRYID>
    <LANGDISP>fr-FR</LANGDISP>
    <Active>TRUE</Active>
  </PageList>
  <PageList>
    <ID>30</ID>
    <LabelMstID>tblSetupInventory</LabelMstID>
    <FieldName>transsubidOut</FieldName>
    <LabelID>lbltranssubidOut2h</LabelID>
    <LabelName>ترانسوبيدوت</LabelName>
    <LangID>2</LangID>
    <COUNTRYID>8</COUNTRYID>
    <LANGDISP>ar-KW</LANGDISP>
    <Active>TRUE</Active>
  </PageList>
  <PageList>
    <ID>31</ID>
    <LabelMstID>tblSetupInventory</LabelMstID>
    <FieldName>transidin</FieldName>
    <LabelID>lbltransidin1s</LabelID>
    <LabelName>TransId In</LabelName>
    <LangID>1</LangID>
    <COUNTRYID>8</COUNTRYID>
    <LANGDISP>en-US</LANGDISP>
    <Active>TRUE</Active>
  </PageList>
  <PageList>
    <ID>32</ID>
    <LabelMstID>tblSetupInventory</LabelMstID>
    <FieldName>transidin</FieldName>
    <LabelID>lbltransidin1s</LabelID>
    <LabelName>Transidin</LabelName>
    <LangID>3</LangID>
    <COUNTRYID>8</COUNTRYID>
    <LANGDISP>fr-FR</LANGDISP>
    <Active>TRUE</Active>
  </PageList>
  <PageList>
    <ID>33</ID>
    <LabelMstID>tblSetupInventory</LabelMstID>
    <FieldName>transidin</FieldName>
    <LabelID>lbltransidin2h</LabelID>
    <LabelName>ترانسيدين</LabelName>
    <LangID>2</LangID>
    <COUNTRYID>8</COUNTRYID>
    <LANGDISP>ar-KW</LANGDISP>
    <Active>TRUE</Active>
  </PageList>
  <PageList>
    <ID>34</ID>
    <LabelMstID>tblSetupInventory</LabelMstID>
    <FieldName>transsubidIn</FieldName>
    <LabelID>lbltranssubidIn1s</LabelID>
    <LabelName>Trans Sub Id In</LabelName>
    <LangID>1</LangID>
    <COUNTRYID>8</COUNTRYID>
    <LANGDISP>en-US</LANGDISP>
    <Active>TRUE</Active>
  </PageList>
  <PageList>
    <ID>35</ID>
    <LabelMstID>tblSetupInventory</LabelMstID>
    <FieldName>transsubidIn</FieldName>
    <LabelID>lbltranssubidIn1s</LabelID>
    <LabelName>Transsubidin</LabelName>
    <LangID>3</LangID>
    <COUNTRYID>8</COUNTRYID>
    <LANGDISP>fr-FR</LANGDISP>
    <Active>TRUE</Active>
  </PageList>
  <PageList>
    <ID>36</ID>
    <LabelMstID>tblSetupInventory</LabelMstID>
    <FieldName>transsubidIn</FieldName>
    <LabelID>lbltranssubidIn2h</LabelID>
    <LabelName>ترانسوبيدين</LabelName>
    <LangID>2</LangID>
    <COUNTRYID>8</COUNTRYID>
    <LANGDISP>ar-KW</LANGDISP>
    <Active>TRUE</Active>
  </PageList>
  <PageList>
    <ID>37</ID>
    <LabelMstID>tblSetupInventory</LabelMstID>
    <FieldName>transidConsume</FieldName>
    <LabelID>lbltransidConsume1s</LabelID>
    <LabelName>TransId Consume</LabelName>
    <LangID>1</LangID>
    <COUNTRYID>8</COUNTRYID>
    <LANGDISP>en-US</LANGDISP>
    <Active>TRUE</Active>
  </PageList>
  <PageList>
    <ID>38</ID>
    <LabelMstID>tblSetupInventory</LabelMstID>
    <FieldName>transidConsume</FieldName>
    <LabelID>lbltransidConsume1s</LabelID>
    <LabelName>Transidconsume</LabelName>
    <LangID>3</LangID>
    <COUNTRYID>8</COUNTRYID>
    <LANGDISP>fr-FR</LANGDISP>
    <Active>TRUE</Active>
  </PageList>
  <PageList>
    <ID>39</ID>
    <LabelMstID>tblSetupInventory</LabelMstID>
    <FieldName>transidConsume</FieldName>
    <LabelID>lbltransidConsume2h</LabelID>
    <LabelName>ترانسيدكونسومي</LabelName>
    <LangID>2</LangID>
    <COUNTRYID>8</COUNTRYID>
    <LANGDISP>ar-KW</LANGDISP>
    <Active>TRUE</Active>
  </PageList>
  <PageList>
    <ID>40</ID>
    <LabelMstID>tblSetupInventory</LabelMstID>
    <FieldName>transsubidConsume</FieldName>
    <LabelID>lbltranssubidConsume1s</LabelID>
    <LabelName>Trans Sub Id Consume</LabelName>
    <LangID>1</LangID>
    <COUNTRYID>8</COUNTRYID>
    <LANGDISP>en-US</LANGDISP>
    <Active>TRUE</Active>
  </PageList>
  <PageList>
    <ID>41</ID>
    <LabelMstID>tblSetupInventory</LabelMstID>
    <FieldName>transsubidConsume</FieldName>
    <LabelID>lbltranssubidConsume1s</LabelID>
    <LabelName>Transsubidconsume</LabelName>
    <LangID>3</LangID>
    <COUNTRYID>8</COUNTRYID>
    <LANGDISP>fr-FR</LANGDISP>
    <Active>TRUE</Active>
  </PageList>
  <PageList>
    <ID>42</ID>
    <LabelMstID>tblSetupInventory</LabelMstID>
    <FieldName>transsubidConsume</FieldName>
    <LabelID>lbltranssubidConsume2h</LabelID>
    <LabelName>ترانسوبيدكونسومي</LabelName>
    <LangID>2</LangID>
    <COUNTRYID>8</COUNTRYID>
    <LANGDISP>ar-KW</LANGDISP>
    <Active>TRUE</Active>
  </PageList>
  <PageList>
    <ID>43</ID>
    <LabelMstID>tblSetupInventory</LabelMstID>
    <FieldName>MYSYSNAMEOut</FieldName>
    <LabelID>lblMYSYSNAMEOut1s</LabelID>
    <LabelName>My sys Name Out</LabelName>
    <LangID>1</LangID>
    <COUNTRYID>8</COUNTRYID>
    <LANGDISP>en-US</LANGDISP>
    <Active>TRUE</Active>
  </PageList>
  <PageList>
    <ID>44</ID>
    <LabelMstID>tblSetupInventory</LabelMstID>
    <FieldName>MYSYSNAMEOut</FieldName>
    <LabelID>lblMYSYSNAMEOut1s</LabelID>
    <LabelName>Mysysnameout</LabelName>
    <LangID>3</LangID>
    <COUNTRYID>8</COUNTRYID>
    <LANGDISP>fr-FR</LANGDISP>
    <Active>TRUE</Active>
  </PageList>
  <PageList>
    <ID>45</ID>
    <LabelMstID>tblSetupInventory</LabelMstID>
    <FieldName>MYSYSNAMEOut</FieldName>
    <LabelID>lblMYSYSNAMEOut2h</LabelID>
    <LabelName>ميسيسناميوت</LabelName>
    <LangID>2</LangID>
    <COUNTRYID>8</COUNTRYID>
    <LANGDISP>ar-KW</LANGDISP>
    <Active>TRUE</Active>
  </PageList>
  <PageList>
    <ID>46</ID>
    <LabelMstID>tblSetupInventory</LabelMstID>
    <FieldName>MYSYSNAMEIn</FieldName>
    <LabelID>lblMYSYSNAMEIn1s</LabelID>
    <LabelName>My sys Name In</LabelName>
    <LangID>1</LangID>
    <COUNTRYID>8</COUNTRYID>
    <LANGDISP>en-US</LANGDISP>
    <Active>TRUE</Active>
  </PageList>
  <PageList>
    <ID>47</ID>
    <LabelMstID>tblSetupInventory</LabelMstID>
    <FieldName>MYSYSNAMEIn</FieldName>
    <LabelID>lblMYSYSNAMEIn1s</LabelID>
    <LabelName>Mysysnamein</LabelName>
    <LangID>3</LangID>
    <COUNTRYID>8</COUNTRYID>
    <LANGDISP>fr-FR</LANGDISP>
    <Active>TRUE</Active>
  </PageList>
  <PageList>
    <ID>48</ID>
    <LabelMstID>tblSetupInventory</LabelMstID>
    <FieldName>MYSYSNAMEIn</FieldName>
    <LabelID>lblMYSYSNAMEIn2h</LabelID>
    <LabelName>ميسيسنامين</LabelName>
    <LangID>2</LangID>
    <COUNTRYID>8</COUNTRYID>
    <LANGDISP>ar-KW</LANGDISP>
    <Active>TRUE</Active>
  </PageList>
  <PageList>
    <ID>49</ID>
    <LabelMstID>tblSetupInventory</LabelMstID>
    <FieldName>StockTeking</FieldName>
    <LabelID>lblStockTeking1s</LabelID>
    <LabelName>Stock Taking</LabelName>
    <LangID>1</LangID>
    <COUNTRYID>8</COUNTRYID>
    <LANGDISP>en-US</LANGDISP>
    <Active>TRUE</Active>
  </PageList>
  <PageList>
    <ID>50</ID>
    <LabelMstID>tblSetupInventory</LabelMstID>
    <FieldName>StockTeking</FieldName>
    <LabelID>lblStockTeking1s</LabelID>
    <LabelName>Stockteking</LabelName>
    <LangID>3</LangID>
    <COUNTRYID>8</COUNTRYID>
    <LANGDISP>fr-FR</LANGDISP>
    <Active>TRUE</Active>
  </PageList>
  <PageList>
    <ID>51</ID>
    <LabelMstID>tblSetupInventory</LabelMstID>
    <FieldName>StockTeking</FieldName>
    <LabelID>lblStockTeking2h</LabelID>
    <LabelName>ستوكتيكينج</LabelName>
    <LangID>2</LangID>
    <COUNTRYID>8</COUNTRYID>
    <LANGDISP>ar-KW</LANGDISP>
    <Active>TRUE</Active>
  </PageList>
  <PageList>
    <ID>52</ID>
    <LabelMstID>tblSetupInventory</LabelMstID>
    <FieldName>StockTakingPeriodBegin</FieldName>
    <LabelID>lblStockTakingPeriodBegin1s</LabelID>
    <LabelName>Stock Taking Period Begin</LabelName>
    <LangID>1</LangID>
    <COUNTRYID>8</COUNTRYID>
    <LANGDISP>en-US</LANGDISP>
    <Active>TRUE</Active>
  </PageList>
  <PageList>
    <ID>53</ID>
    <LabelMstID>tblSetupInventory</LabelMstID>
    <FieldName>StockTakingPeriodBegin</FieldName>
    <LabelID>lblStockTakingPeriodBegin1s</LabelID>
    <LabelName>Stocktakingperiodbegin</LabelName>
    <LangID>3</LangID>
    <COUNTRYID>8</COUNTRYID>
    <LANGDISP>fr-FR</LANGDISP>
    <Active>TRUE</Active>
  </PageList>
  <PageList>
    <ID>54</ID>
    <LabelMstID>tblSetupInventory</LabelMstID>
    <FieldName>StockTakingPeriodBegin</FieldName>
    <LabelID>lblStockTakingPeriodBegin2h</LabelID>
    <LabelName>ستوكتاكينجبيريودبيجين</LabelName>
    <LangID>2</LangID>
    <COUNTRYID>8</COUNTRYID>
    <LANGDISP>ar-KW</LANGDISP>
    <Active>TRUE</Active>
  </PageList>
  <PageList>
    <ID>55</ID>
    <LabelMstID>tblSetupInventory</LabelMstID>
    <FieldName>StockTakingPeriodEnd</FieldName>
    <LabelID>lblStockTakingPeriodEnd1s</LabelID>
    <LabelName>Stock Taking Period End</LabelName>
    <LangID>1</LangID>
    <COUNTRYID>8</COUNTRYID>
    <LANGDISP>en-US</LANGDISP>
    <Active>TRUE</Active>
  </PageList>
  <PageList>
    <ID>56</ID>
    <LabelMstID>tblSetupInventory</LabelMstID>
    <FieldName>StockTakingPeriodEnd</FieldName>
    <LabelID>lblStockTakingPeriodEnd1s</LabelID>
    <LabelName>Stocktakingperiodend</LabelName>
    <LangID>3</LangID>
    <COUNTRYID>8</COUNTRYID>
    <LANGDISP>fr-FR</LANGDISP>
    <Active>TRUE</Active>
  </PageList>
  <PageList>
    <ID>57</ID>
    <LabelMstID>tblSetupInventory</LabelMstID>
    <FieldName>StockTakingPeriodEnd</FieldName>
    <LabelID>lblStockTakingPeriodEnd2h</LabelID>
    <LabelName>ستوكتاكينجبيريوديند</LabelName>
    <LangID>2</LangID>
    <COUNTRYID>8</COUNTRYID>
    <LANGDISP>ar-KW</LANGDISP>
    <Active>TRUE</Active>
  </PageList>
  <PageList>
    <ID>58</ID>
    <LabelMstID>tblSetupInventory</LabelMstID>
    <FieldName>StockTakingTransTypeIn</FieldName>
    <LabelID>lblStockTakingTransTypeIn1s</LabelID>
    <LabelName>Stock Taking Trans Type In</LabelName>
    <LangID>1</LangID>
    <COUNTRYID>8</COUNTRYID>
    <LANGDISP>en-US</LANGDISP>
    <Active>TRUE</Active>
  </PageList>
  <PageList>
    <ID>59</ID>
    <LabelMstID>tblSetupInventory</LabelMstID>
    <FieldName>StockTakingTransTypeIn</FieldName>
    <LabelID>lblStockTakingTransTypeIn1s</LabelID>
    <LabelName>Stocktakingtranstypein</LabelName>
    <LangID>3</LangID>
    <COUNTRYID>8</COUNTRYID>
    <LANGDISP>fr-FR</LANGDISP>
    <Active>TRUE</Active>
  </PageList>
  <PageList>
    <ID>60</ID>
    <LabelMstID>tblSetupInventory</LabelMstID>
    <FieldName>StockTakingTransTypeIn</FieldName>
    <LabelID>lblStockTakingTransTypeIn2h</LabelID>
    <LabelName>ستوكتاكينجترانستيبين</LabelName>
    <LangID>2</LangID>
    <COUNTRYID>8</COUNTRYID>
    <LANGDISP>ar-KW</LANGDISP>
    <Active>TRUE</Active>
  </PageList>
  <PageList>
    <ID>61</ID>
    <LabelMstID>tblSetupInventory</LabelMstID>
    <FieldName>StockTakingTransTypeOut</FieldName>
    <LabelID>lblStockTakingTransTypeOut1s</LabelID>
    <LabelName>Stock Taking Trans Type Out</LabelName>
    <LangID>1</LangID>
    <COUNTRYID>8</COUNTRYID>
    <LANGDISP>en-US</LANGDISP>
    <Active>TRUE</Active>
  </PageList>
  <PageList>
    <ID>62</ID>
    <LabelMstID>tblSetupInventory</LabelMstID>
    <FieldName>StockTakingTransTypeOut</FieldName>
    <LabelID>lblStockTakingTransTypeOut1s</LabelID>
    <LabelName>Stocktakingtranstypeout</LabelName>
    <LangID>3</LangID>
    <COUNTRYID>8</COUNTRYID>
    <LANGDISP>fr-FR</LANGDISP>
    <Active>TRUE</Active>
  </PageList>
  <PageList>
    <ID>63</ID>
    <LabelMstID>tblSetupInventory</LabelMstID>
    <FieldName>StockTakingTransTypeOut</FieldName>
    <LabelID>lblStockTakingTransTypeOut2h</LabelID>
    <LabelName>ستوكتاكينجترانستيبيوت</LabelName>
    <LangID>2</LangID>
    <COUNTRYID>8</COUNTRYID>
    <LANGDISP>ar-KW</LANGDISP>
    <Active>TRUE</Active>
  </PageList>
  <PageList>
    <ID>64</ID>
    <LabelMstID>tblSetupInventory</LabelMstID>
    <FieldName>StockTakingTransSubTypeIn</FieldName>
    <LabelID>lblStockTakingTransSubTypeIn1s</LabelID>
    <LabelName>Stock Taking Trans Sub Type In</LabelName>
    <LangID>1</LangID>
    <COUNTRYID>8</COUNTRYID>
    <LANGDISP>en-US</LANGDISP>
    <Active>TRUE</Active>
  </PageList>
  <PageList>
    <ID>65</ID>
    <LabelMstID>tblSetupInventory</LabelMstID>
    <FieldName>StockTakingTransSubTypeIn</FieldName>
    <LabelID>lblStockTakingTransSubTypeIn1s</LabelID>
    <LabelName>Stocktakingtranssubtypein</LabelName>
    <LangID>3</LangID>
    <COUNTRYID>8</COUNTRYID>
    <LANGDISP>fr-FR</LANGDISP>
    <Active>TRUE</Active>
  </PageList>
  <PageList>
    <ID>66</ID>
    <LabelMstID>tblSetupInventory</LabelMstID>
    <FieldName>StockTakingTransSubTypeIn</FieldName>
    <LabelID>lblStockTakingTransSubTypeIn2h</LabelID>
    <LabelName>ستوكتاكينجترانسوبتيبين</LabelName>
    <LangID>2</LangID>
    <COUNTRYID>8</COUNTRYID>
    <LANGDISP>ar-KW</LANGDISP>
    <Active>TRUE</Active>
  </PageList>
  <PageList>
    <ID>67</ID>
    <LabelMstID>tblSetupInventory</LabelMstID>
    <FieldName>StockTakingTransSubTypeOut</FieldName>
    <LabelID>lblStockTakingTransSubTypeOut1s</LabelID>
    <LabelName>Stock Taking Trans SubType Out</LabelName>
    <LangID>1</LangID>
    <COUNTRYID>8</COUNTRYID>
    <LANGDISP>en-US</LANGDISP>
    <Active>TRUE</Active>
  </PageList>
  <PageList>
    <ID>68</ID>
    <LabelMstID>tblSetupInventory</LabelMstID>
    <FieldName>StockTakingTransSubTypeOut</FieldName>
    <LabelID>lblStockTakingTransSubTypeOut1s</LabelID>
    <LabelName>Stocktakingtranssubtypeout</LabelName>
    <LangID>3</LangID>
    <COUNTRYID>8</COUNTRYID>
    <LANGDISP>fr-FR</LANGDISP>
    <Active>TRUE</Active>
  </PageList>
  <PageList>
    <ID>69</ID>
    <LabelMstID>tblSetupInventory</LabelMstID>
    <FieldName>StockTakingTransSubTypeOut</FieldName>
    <LabelID>lblStockTakingTransSubTypeOut2h</LabelID>
    <LabelName>ستوكتاكينجترانسوبتيبيوت</LabelName>
    <LangID>2</LangID>
    <COUNTRYID>8</COUNTRYID>
    <LANGDISP>ar-KW</LANGDISP>
    <Active>TRUE</Active>
  </PageList>
  <PageList>
    <ID>70</ID>
    <LabelMstID>tblSetupInventory</LabelMstID>
    <FieldName>StockTakingtransidInLast</FieldName>
    <LabelID>lblStockTakingtransidInLast1s</LabelID>
    <LabelName>Stock Taking Trans Id In Last</LabelName>
    <LangID>1</LangID>
    <COUNTRYID>8</COUNTRYID>
    <LANGDISP>en-US</LANGDISP>
    <Active>TRUE</Active>
  </PageList>
  <PageList>
    <ID>71</ID>
    <LabelMstID>tblSetupInventory</LabelMstID>
    <FieldName>StockTakingtransidInLast</FieldName>
    <LabelID>lblStockTakingtransidInLast1s</LabelID>
    <LabelName>Stocktakingtransidinlast</LabelName>
    <LangID>3</LangID>
    <COUNTRYID>8</COUNTRYID>
    <LANGDISP>fr-FR</LANGDISP>
    <Active>TRUE</Active>
  </PageList>
  <PageList>
    <ID>72</ID>
    <LabelMstID>tblSetupInventory</LabelMstID>
    <FieldName>StockTakingtransidInLast</FieldName>
    <LabelID>lblStockTakingtransidInLast2h</LabelID>
    <LabelName>ستوكتاكينجترانسيدينلاست</LabelName>
    <LangID>2</LangID>
    <COUNTRYID>8</COUNTRYID>
    <LANGDISP>ar-KW</LANGDISP>
    <Active>TRUE</Active>
  </PageList>
  <PageList>
    <ID>73</ID>
    <LabelMstID>tblSetupInventory</LabelMstID>
    <FieldName>StockTakingtransidOutLast</FieldName>
    <LabelID>lblStockTakingtransidOutLast1s</LabelID>
    <LabelName>Stock Taking TransId Out Last</LabelName>
    <LangID>1</LangID>
    <COUNTRYID>8</COUNTRYID>
    <LANGDISP>en-US</LANGDISP>
    <Active>TRUE</Active>
  </PageList>
  <PageList>
    <ID>74</ID>
    <LabelMstID>tblSetupInventory</LabelMstID>
    <FieldName>StockTakingtransidOutLast</FieldName>
    <LabelID>lblStockTakingtransidOutLast1s</LabelID>
    <LabelName>Stocktakingtransidoutlast</LabelName>
    <LangID>3</LangID>
    <COUNTRYID>8</COUNTRYID>
    <LANGDISP>fr-FR</LANGDISP>
    <Active>TRUE</Active>
  </PageList>
  <PageList>
    <ID>75</ID>
    <LabelMstID>tblSetupInventory</LabelMstID>
    <FieldName>StockTakingtransidOutLast</FieldName>
    <LabelID>lblStockTakingtransidOutLast2h</LabelID>
    <LabelName>ستوكتاكينجترانسيدوتلاست</LabelName>
    <LangID>2</LangID>
    <COUNTRYID>8</COUNTRYID>
    <LANGDISP>ar-KW</LANGDISP>
    <Active>TRUE</Active>
  </PageList>
  <PageList>
    <ID>76</ID>
    <LabelMstID>tblSetupInventory</LabelMstID>
    <FieldName>DefaultCUSTVENDID</FieldName>
    <LabelID>lblDefaultCUSTVENDID1s</LabelID>
    <LabelName>Setup Inventory</LabelName>
    <LangID>1</LangID>
    <COUNTRYID>8</COUNTRYID>
    <LANGDISP>en-US</LANGDISP>
    <Active>TRUE</Active>
  </PageList>
  <PageList>
    <ID>77</ID>
    <LabelMstID>tblSetupInventory</LabelMstID>
    <FieldName>DefaultCUSTVENDID</FieldName>
    <LabelID>lblDefaultCUSTVENDID1s</LabelID>
    <LabelName>Defaultcustvend nom</LabelName>
    <LangID>3</LangID>
    <COUNTRYID>8</COUNTRYID>
    <LANGDISP>fr-FR</LANGDISP>
    <Active>TRUE</Active>
  </PageList>
  <PageList>
    <ID>78</ID>
    <LabelMstID>tblSetupInventory</LabelMstID>
    <FieldName>DefaultCUSTVENDID</FieldName>
    <LabelID>lblDefaultCUSTVENDID2h</LabelID>
    <LabelName>اسم ديفاولتكوستفيند</LabelName>
    <LangID>2</LangID>
    <COUNTRYID>8</COUNTRYID>
    <LANGDISP>ar-KW</LANGDISP>
    <Active>TRUE</Active>
  </PageList>
  <PageList>
    <ID>79</ID>
    <LabelMstID>tblSetupInventory</LabelMstID>
    <FieldName>Created</FieldName>
    <LabelID>lblCreated1s</LabelID>
    <LabelName>Setup Inventory</LabelName>
    <LangID>1</LangID>
    <COUNTRYID>8</COUNTRYID>
    <LANGDISP>en-US</LANGDISP>
    <Active>TRUE</Active>
  </PageList>
  <PageList>
    <ID>80</ID>
    <LabelMstID>tblSetupInventory</LabelMstID>
    <FieldName>Created</FieldName>
    <LabelID>lblCreated1s</LabelID>
    <LabelName>Créé</LabelName>
    <LangID>3</LangID>
    <COUNTRYID>8</COUNTRYID>
    <LANGDISP>fr-FR</LANGDISP>
    <Active>TRUE</Active>
  </PageList>
  <PageList>
    <ID>81</ID>
    <LabelMstID>tblSetupInventory</LabelMstID>
    <FieldName>Created</FieldName>
    <LabelID>lblCreated2h</LabelID>
    <LabelName>إنشاء</LabelName>
    <LangID>2</LangID>
    <COUNTRYID>8</COUNTRYID>
    <LANGDISP>ar-KW</LANGDISP>
    <Active>TRUE</Active>
  </PageList>
  <PageList>
    <ID>82</ID>
    <LabelMstID>tblSetupInventory</LabelMstID>
    <FieldName>DateTime</FieldName>
    <LabelID>lblDateTime1s</LabelID>
    <LabelName>Setup Inventory</LabelName>
    <LangID>1</LangID>
    <COUNTRYID>8</COUNTRYID>
    <LANGDISP>en-US</LANGDISP>
    <Active>TRUE</Active>
  </PageList>
  <PageList>
    <ID>83</ID>
    <LabelMstID>tblSetupInventory</LabelMstID>
    <FieldName>DateTime</FieldName>
    <LabelID>lblDateTime1s</LabelID>
    <LabelName>DateTime</LabelName>
    <LangID>3</LangID>
    <COUNTRYID>8</COUNTRYID>
    <LANGDISP>fr-FR</LANGDISP>
    <Active>TRUE</Active>
  </PageList>
  <PageList>
    <ID>84</ID>
    <LabelMstID>tblSetupInventory</LabelMstID>
    <FieldName>DateTime</FieldName>
    <LabelID>lblDateTime2h</LabelID>
    <LabelName>التاريخ والوقت</LabelName>
    <LangID>2</LangID>
    <COUNTRYID>8</COUNTRYID>
    <LANGDISP>ar-KW</LANGDISP>
    <Active>TRUE</Active>
  </PageList>
  <PageList>
    <ID>85</ID>
    <LabelMstID>tblSetupInventory</LabelMstID>
    <FieldName>Active</FieldName>
    <LabelID>lblActive1s</LabelID>
    <LabelName>Active</LabelName>
    <LangID>1</LangID>
    <COUNTRYID>8</COUNTRYID>
    <LANGDISP>en-US</LANGDISP>
    <Active>TRUE</Active>
  </PageList>
  <PageList>
    <ID>86</ID>
    <LabelMstID>tblSetupInventory</LabelMstID>
    <FieldName>Active</FieldName>
    <LabelID>lblActive1s</LabelID>
    <LabelName>Actif</LabelName>
    <LangID>3</LangID>
    <COUNTRYID>8</COUNTRYID>
    <LANGDISP>fr-FR</LANGDISP>
    <Active>TRUE</Active>
  </PageList>
  <PageList>
    <ID>87</ID>
    <LabelMstID>tblSetupInventory</LabelMstID>
    <FieldName>Active</FieldName>
    <LabelID>lblActive2h</LabelID>
    <LabelName>النشطة</LabelName>
    <LangID>2</LangID>
    <COUNTRYID>8</COUNTRYID>
    <LANGDISP>ar-KW</LANGDISP>
    <Active>TRUE</Active>
  </PageList>
  <PageList>
    <ID>88</ID>
    <LabelMstID>tblSetupInventory</LabelMstID>
    <FieldName>Deleted</FieldName>
    <LabelID>lblDeleted1s</LabelID>
    <LabelName>Setup Inventory</LabelName>
    <LangID>1</LangID>
    <COUNTRYID>8</COUNTRYID>
    <LANGDISP>en-US</LANGDISP>
    <Active>TRUE</Active>
  </PageList>
  <PageList>
    <ID>89</ID>
    <LabelMstID>tblSetupInventory</LabelMstID>
    <FieldName>Deleted</FieldName>
    <LabelID>lblDeleted1s</LabelID>
    <LabelName>Supprimé</LabelName>
    <LangID>3</LangID>
    <COUNTRYID>8</COUNTRYID>
    <LANGDISP>fr-FR</LANGDISP>
    <Active>TRUE</Active>
  </PageList>
  <PageList>
    <ID>90</ID>
    <LabelMstID>tblSetupInventory</LabelMstID>
    <FieldName>Deleted</FieldName>
    <LabelID>lblDeleted2h</LabelID>
    <LabelName>حذف</LabelName>
    <LangID>2</LangID>
    <COUNTRYID>8</COUNTRYID>
    <LANGDISP>ar-KW</LANGDISP>
    <Active>TRUE</Active>
  </PageList>
  <PageList>
    <ID>91</ID>
    <LabelMstID>tblSetupInventory</LabelMstID>
    <FieldName>NULL</FieldName>
    <LabelID>lblHeader1s</LabelID>
    <LabelName>Setup Inventory</LabelName>
    <LangID>1</LangID>
    <COUNTRYID>8</COUNTRYID>
    <LANGDISP>en-US</LANGDISP>
    <Active>TRUE</Active>
  </PageList>
  <PageList>
    <ID>92</ID>
    <LabelMstID>tblSetupInventory</LabelMstID>
    <FieldName>NULL</FieldName>
    <LabelID>lblHeader1s</LabelID>
    <LabelName>tblSetupInventory</LabelName>
    <LangID>3</LangID>
    <COUNTRYID>8</COUNTRYID>
    <LANGDISP>fr-FR</LANGDISP>
    <Active>TRUE</Active>
  </PageList>
  <PageList>
    <ID>93</ID>
    <LabelMstID>tblSetupInventory</LabelMstID>
    <FieldName>NULL</FieldName>
    <LabelID>lblHeader2h</LabelID>
    <LabelName>تبلسيتوبينفينتوري</LabelName>
    <LangID>2</LangID>
    <COUNTRYID>8</COUNTRYID>
    <LANGDISP>ar-KW</LANGDISP>
    <Active>TRUE</Active>
  </PageList>
</TBLLabelDTL>