<?xml version="1.0" standalone="yes"?>
<TBLLabelDTL>
<PageList><ID>1</ID><LabelMstID>ACM_ROLE_MST</LabelMstID><FieldName>TENANT_ID</FieldName><LabelID>lblTENANT_ID1s</LabelID><LabelName>Tenant ID</LabelName><LangID>1</LangID><COUNTRYID>8</COUNTRYID><LANGDISP>en-US</LANGDISP><Active>TRUE</Active></PageList> 
<PageList><ID>2</ID><LabelMstID>ACM_ROLE_MST</LabelMstID><FieldName>TENANT_ID</FieldName><LabelID>lblTENANT_ID1s</LabelID><LabelName>ID du locataire</LabelName><LangID>3</LangID><COUNTRYID>8</COUNTRYID><LANGDISP>fr-FR</LANGDISP><Active>TRUE</Active></PageList> 
<PageList><ID>3</ID><LabelMstID>ACM_ROLE_MST</LabelMstID><FieldName>TENANT_ID</FieldName><LabelID>lblTENANT_ID2h</LabelID><LabelName>معرف المستأجر</LabelName><LangID>2</LangID><COUNTRYID>8</COUNTRYID><LANGDISP>ar-KW</LANGDISP><Active>TRUE</Active></PageList> 
<PageList><ID>4</ID><LabelMstID>ACM_ROLE_MST</LabelMstID><FieldName>ROLE_ID</FieldName><LabelID>lblROLE_ID1s</LabelID><LabelName>Role  ID</LabelName><LangID>1</LangID><COUNTRYID>8</COUNTRYID><LANGDISP>en-US</LANGDISP><Active>TRUE</Active></PageList> 
<PageList><ID>5</ID><LabelMstID>ACM_ROLE_MST</LabelMstID><FieldName>ROLE_ID</FieldName><LabelID>lblROLE_ID1s</LabelID><LabelName>ID du rôle</LabelName><LangID>3</LangID><COUNTRYID>8</COUNTRYID><LANGDISP>fr-FR</LANGDISP><Active>TRUE</Active></PageList> 
<PageList><ID>6</ID><LabelMstID>ACM_ROLE_MST</LabelMstID><FieldName>ROLE_ID</FieldName><LabelID>lblROLE_ID2h</LabelID><LabelName>معرف دور</LabelName><LangID>2</LangID><COUNTRYID>8</COUNTRYID><LANGDISP>ar-KW</LANGDISP><Active>TRUE</Active></PageList> 
<PageList><ID>7</ID><LabelMstID>ACM_ROLE_MST</LabelMstID><FieldName>ROLE_NAME</FieldName><LabelID>lblROLE_NAME1s</LabelID><LabelName>Role Name</LabelName><LangID>1</LangID><COUNTRYID>8</COUNTRYID><LANGDISP>en-US</LANGDISP><Active>TRUE</Active></PageList> 
<PageList><ID>8</ID><LabelMstID>ACM_ROLE_MST</LabelMstID><FieldName>ROLE_NAME</FieldName><LabelID>lblROLE_NAME1s</LabelID><LabelName>Nom de rôle</LabelName><LangID>3</LangID><COUNTRYID>8</COUNTRYID><LANGDISP>fr-FR</LANGDISP><Active>TRUE</Active></PageList> 
<PageList><ID>9</ID><LabelMstID>ACM_ROLE_MST</LabelMstID><FieldName>ROLE_NAME</FieldName><LabelID>lblROLE_NAME2h</LabelID><LabelName>اسم الدور</LabelName><LangID>2</LangID><COUNTRYID>8</COUNTRYID><LANGDISP>ar-KW</LANGDISP><Active>TRUE</Active></PageList> 
<PageList><ID>10</ID><LabelMstID>ACM_ROLE_MST</LabelMstID><FieldName>ROLE_NAME1</FieldName><LabelID>lblROLE_NAME11s</LabelID><LabelName>Role Name1</LabelName><LangID>1</LangID><COUNTRYID>8</COUNTRYID><LANGDISP>en-US</LANGDISP><Active>TRUE</Active></PageList> 
<PageList><ID>11</ID><LabelMstID>ACM_ROLE_MST</LabelMstID><FieldName>ROLE_NAME1</FieldName><LabelID>lblROLE_NAME11s</LabelID><LabelName>Rôle nom1</LabelName><LangID>3</LangID><COUNTRYID>8</COUNTRYID><LANGDISP>fr-FR</LANGDISP><Active>TRUE</Active></PageList> 
<PageList><ID>12</ID><LabelMstID>ACM_ROLE_MST</LabelMstID><FieldName>ROLE_NAME1</FieldName><LabelID>lblROLE_NAME12h</LabelID><LabelName>دور Name1</LabelName><LangID>2</LangID><COUNTRYID>8</COUNTRYID><LANGDISP>ar-KW</LANGDISP><Active>TRUE</Active></PageList> 
<PageList><ID>13</ID><LabelMstID>ACM_ROLE_MST</LabelMstID><FieldName>ROLE_NAME2</FieldName><LabelID>lblROLE_NAME21s</LabelID><LabelName>Role Name2</LabelName><LangID>1</LangID><COUNTRYID>8</COUNTRYID><LANGDISP>en-US</LANGDISP><Active>TRUE</Active></PageList> 
<PageList><ID>14</ID><LabelMstID>ACM_ROLE_MST</LabelMstID><FieldName>ROLE_NAME2</FieldName><LabelID>lblROLE_NAME21s</LabelID><LabelName>Rôle nom2</LabelName><LangID>3</LangID><COUNTRYID>8</COUNTRYID><LANGDISP>fr-FR</LANGDISP><Active>TRUE</Active></PageList> 
<PageList><ID>15</ID><LabelMstID>ACM_ROLE_MST</LabelMstID><FieldName>ROLE_NAME2</FieldName><LabelID>lblROLE_NAME22h</LabelID><LabelName>دور Name2</LabelName><LangID>2</LangID><COUNTRYID>8</COUNTRYID><LANGDISP>ar-KW</LANGDISP><Active>TRUE</Active></PageList> 
<PageList><ID>16</ID><LabelMstID>ACM_ROLE_MST</LabelMstID><FieldName>ROLE_DESC</FieldName><LabelID>lblROLE_DESC1s</LabelID><LabelName>Role Desc</LabelName><LangID>1</LangID><COUNTRYID>8</COUNTRYID><LANGDISP>en-US</LANGDISP><Active>TRUE</Active></PageList> 
<PageList><ID>17</ID><LabelMstID>ACM_ROLE_MST</LabelMstID><FieldName>ROLE_DESC</FieldName><LabelID>lblROLE_DESC1s</LabelID><LabelName>Rôle / / Desc</LabelName><LangID>3</LangID><COUNTRYID>8</COUNTRYID><LANGDISP>fr-FR</LANGDISP><Active>TRUE</Active></PageList> 
<PageList><ID>18</ID><LabelMstID>ACM_ROLE_MST</LabelMstID><FieldName>ROLE_DESC</FieldName><LabelID>lblROLE_DESC2h</LabelID><LabelName>دور تنازلي</LabelName><LangID>2</LangID><COUNTRYID>8</COUNTRYID><LANGDISP>ar-KW</LANGDISP><Active>TRUE</Active></PageList> 
<PageList><ID>19</ID><LabelMstID>ACM_ROLE_MST</LabelMstID><FieldName>ACTIVE_FLAG</FieldName><LabelID>lblACTIVE_FLAG1s</LabelID><LabelName>Active Flag</LabelName><LangID>1</LangID><COUNTRYID>8</COUNTRYID><LANGDISP>en-US</LANGDISP><Active>TRUE</Active></PageList> 
<PageList><ID>20</ID><LabelMstID>ACM_ROLE_MST</LabelMstID><FieldName>ACTIVE_FLAG</FieldName><LabelID>lblACTIVE_FLAG1s</LabelID><LabelName>Actif indicateur</LabelName><LangID>3</LangID><COUNTRYID>8</COUNTRYID><LANGDISP>fr-FR</LANGDISP><Active>TRUE</Active></PageList> 
<PageList><ID>21</ID><LabelMstID>ACM_ROLE_MST</LabelMstID><FieldName>ACTIVE_FLAG</FieldName><LabelID>lblACTIVE_FLAG2h</LabelID><LabelName>العلم نشط</LabelName><LangID>2</LangID><COUNTRYID>8</COUNTRYID><LANGDISP>ar-KW</LANGDISP><Active>TRUE</Active></PageList> 
<PageList><ID>22</ID><LabelMstID>ACM_ROLE_MST</LabelMstID><FieldName>ACTIVE_FROM_DT</FieldName><LabelID>lblACTIVE_FROM_DT1s</LabelID><LabelName>Active From DT</LabelName><LangID>1</LangID><COUNTRYID>8</COUNTRYID><LANGDISP>en-US</LANGDISP><Active>TRUE</Active></PageList> 
<PageList><ID>23</ID><LabelMstID>ACM_ROLE_MST</LabelMstID><FieldName>ACTIVE_FROM_DT</FieldName><LabelID>lblACTIVE_FROM_DT1s</LabelID><LabelName>Actif de DT</LabelName><LangID>3</LangID><COUNTRYID>8</COUNTRYID><LANGDISP>fr-FR</LANGDISP><Active>TRUE</Active></PageList> 
<PageList><ID>24</ID><LabelMstID>ACM_ROLE_MST</LabelMstID><FieldName>ACTIVE_FROM_DT</FieldName><LabelID>lblACTIVE_FROM_DT2h</LabelID><LabelName>نشط من DT</LabelName><LangID>2</LangID><COUNTRYID>8</COUNTRYID><LANGDISP>ar-KW</LANGDISP><Active>TRUE</Active></PageList> 
<PageList><ID>25</ID><LabelMstID>ACM_ROLE_MST</LabelMstID><FieldName>ACTIVE_TO_DT</FieldName><LabelID>lblACTIVE_TO_DT1s</LabelID><LabelName>Active To DT</LabelName><LangID>1</LangID><COUNTRYID>8</COUNTRYID><LANGDISP>en-US</LANGDISP><Active>TRUE</Active></PageList> 
<PageList><ID>26</ID><LabelMstID>ACM_ROLE_MST</LabelMstID><FieldName>ACTIVE_TO_DT</FieldName><LabelID>lblACTIVE_TO_DT1s</LabelID><LabelName>Actif à DT</LabelName><LangID>3</LangID><COUNTRYID>8</COUNTRYID><LANGDISP>fr-FR</LANGDISP><Active>TRUE</Active></PageList> 
<PageList><ID>27</ID><LabelMstID>ACM_ROLE_MST</LabelMstID><FieldName>ACTIVE_TO_DT</FieldName><LabelID>lblACTIVE_TO_DT2h</LabelID><LabelName>نشط ل DT</LabelName><LangID>2</LangID><COUNTRYID>8</COUNTRYID><LANGDISP>ar-KW</LANGDISP><Active>TRUE</Active></PageList> 
<PageList><ID>28</ID><LabelMstID>ACM_ROLE_MST</LabelMstID><FieldName>ERP_TENANT_ID</FieldName><LabelID>lblERP_TENANT_ID1s</LabelID><LabelName>ERP tenant ID</LabelName><LangID>1</LangID><COUNTRYID>8</COUNTRYID><LANGDISP>en-US</LANGDISP><Active>TRUE</Active></PageList> 
<PageList><ID>29</ID><LabelMstID>ACM_ROLE_MST</LabelMstID><FieldName>ERP_TENANT_ID</FieldName><LabelID>lblERP_TENANT_ID1s</LabelID><LabelName>ERP locataire ID</LabelName><LangID>3</LangID><COUNTRYID>8</COUNTRYID><LANGDISP>fr-FR</LANGDISP><Active>TRUE</Active></PageList> 
<PageList><ID>30</ID><LabelMstID>ACM_ROLE_MST</LabelMstID><FieldName>ERP_TENANT_ID</FieldName><LabelID>lblERP_TENANT_ID2h</LabelID><LabelName>معرف ERP المستأجر</LabelName><LangID>2</LangID><COUNTRYID>8</COUNTRYID><LANGDISP>ar-KW</LANGDISP><Active>TRUE</Active></PageList> 
<PageList><ID>31</ID><LabelMstID>ACM_ROLE_MST</LabelMstID><FieldName>CRUP_ID</FieldName><LabelID>lblCRUP_ID1s</LabelID><LabelName>Crup ID</LabelName><LangID>1</LangID><COUNTRYID>8</COUNTRYID><LANGDISP>en-US</LANGDISP><Active>TRUE</Active></PageList> 
<PageList><ID>32</ID><LabelMstID>ACM_ROLE_MST</LabelMstID><FieldName>CRUP_ID</FieldName><LabelID>lblCRUP_ID1s</LabelID><LabelName>Crup ID</LabelName><LangID>3</LangID><COUNTRYID>8</COUNTRYID><LANGDISP>fr-FR</LANGDISP><Active>TRUE</Active></PageList> 
<PageList><ID>33</ID><LabelMstID>ACM_ROLE_MST</LabelMstID><FieldName>CRUP_ID</FieldName><LabelID>lblCRUP_ID2h</LabelID><LabelName>معرف Crup</LabelName><LangID>2</LangID><COUNTRYID>8</COUNTRYID><LANGDISP>ar-KW</LANGDISP><Active>TRUE</Active></PageList> 
<PageList><ID>34</ID><LabelMstID>ACM_ROLE_MST</LabelMstID><FieldName>NULL</FieldName><LabelID>lblHeader1s</LabelID><LabelName>ROLE_MST</LabelName><LangID>1</LangID><COUNTRYID>8</COUNTRYID><LANGDISP>en-US</LANGDISP><Active>TRUE</Active></PageList> 
<PageList><ID>35</ID><LabelMstID>ACM_ROLE_MST</LabelMstID><FieldName>NULL</FieldName><LabelID>lblHeader1s</LabelID><LabelName>ROLE_MST</LabelName><LangID>3</LangID><COUNTRYID>8</COUNTRYID><LANGDISP>fr-FR</LANGDISP><Active>TRUE</Active></PageList> 
<PageList><ID>36</ID><LabelMstID>ACM_ROLE_MST</LabelMstID><FieldName>NULL</FieldName><LabelID>lblHeader2h</LabelID><LabelName>ROLE_MST</LabelName><LangID>2</LangID><COUNTRYID>8</COUNTRYID><LANGDISP>ar-KW</LANGDISP><Active>TRUE</Active></PageList> 

</TBLLabelDTL>