<?xml version="1.0" standalone="yes"?>
<TBLLabelDTL>
  <PageList>
    <ID>1</ID>
    <LabelMstID>ACM_MODULE_MST</LabelMstID>
    <FieldName>TENANT_ID</FieldName>
    <LabelID>lblTENANT_ID1s</LabelID>
    <LabelName>MODULE_MST</LabelName>
    <LangID>1</LangID>
    <COUNTRYID>8</COUNTRYID>
    <LANGDISP>en-US</LANGDISP>
    <Active>TRUE</Active>
  </PageList>
  <PageList>
    <ID>2</ID>
    <LabelMstID>ACM_MODULE_MST</LabelMstID>
    <FieldName>TENANT_ID</FieldName>
    <LabelID>lblTENANT_ID1s</LabelID>
    <LabelName>ID du locataire</LabelName>
    <LangID>3</LangID>
    <COUNTRYID>8</COUNTRYID>
    <LANGDISP>fr-FR</LANGDISP>
    <Active>TRUE</Active>
  </PageList>
  <PageList>
    <ID>3</ID>
    <LabelMstID>ACM_MODULE_MST</LabelMstID>
    <FieldName>TENANT_ID</FieldName>
    <LabelID>lblTENANT_ID2h</LabelID>
    <LabelName>معرف المستأجر</LabelName>
    <LangID>2</LangID>
    <COUNTRYID>8</COUNTRYID>
    <LANGDISP>ar-KW</LANGDISP>
    <Active>TRUE</Active>
  </PageList>
  <PageList>
    <ID>4</ID>
    <LabelMstID>ACM_MODULE_MST</LabelMstID>
    <FieldName>Module_Id</FieldName>
    <LabelID>lblModule_Id1s</LabelID>
    <LabelName>Is Parent Module</LabelName>
    <LangID>1</LangID>
    <COUNTRYID>8</COUNTRYID>
    <LANGDISP>en-US</LANGDISP>
    <Active>TRUE</Active>
  </PageList>
  <PageList>
    <ID>5</ID>
    <LabelMstID>ACM_MODULE_MST</LabelMstID>
    <FieldName>Module_Id</FieldName>
    <LabelID>lblModule_Id1s</LabelID>
    <LabelName>ID de module</LabelName>
    <LangID>3</LangID>
    <COUNTRYID>8</COUNTRYID>
    <LANGDISP>fr-FR</LANGDISP>
    <Active>TRUE</Active>
  </PageList>
  <PageList>
    <ID>6</ID>
    <LabelMstID>ACM_MODULE_MST</LabelMstID>
    <FieldName>Module_Id</FieldName>
    <LabelID>lblModule_Id2h</LabelID>
    <LabelName>معرف الوحدة النمطية</LabelName>
    <LangID>2</LangID>
    <COUNTRYID>8</COUNTRYID>
    <LANGDISP>ar-KW</LANGDISP>
    <Active>TRUE</Active>
  </PageList>
  <PageList>
    <ID>7</ID>
    <LabelMstID>ACM_MODULE_MST</LabelMstID>
    <FieldName>MYSYSNAME</FieldName>
    <LabelID>lblMYSYSNAME1s</LabelID>
    <LabelName>Mysys Name</LabelName>
    <LangID>1</LangID>
    <COUNTRYID>8</COUNTRYID>
    <LANGDISP>en-US</LANGDISP>
    <Active>TRUE</Active>
  </PageList>
  <PageList>
    <ID>8</ID>
    <LabelMstID>ACM_MODULE_MST</LabelMstID>
    <FieldName>MYSYSNAME</FieldName>
    <LabelID>lblMYSYSNAME1s</LabelID>
    <LabelName>Mysys nom</LabelName>
    <LangID>3</LangID>
    <COUNTRYID>8</COUNTRYID>
    <LANGDISP>fr-FR</LANGDISP>
    <Active>TRUE</Active>
  </PageList>
  <PageList>
    <ID>9</ID>
    <LabelMstID>ACM_MODULE_MST</LabelMstID>
    <FieldName>MYSYSNAME</FieldName>
    <LabelID>lblMYSYSNAME2h</LabelID>
    <LabelName>اسم ميسيس</LabelName>
    <LangID>2</LangID>
    <COUNTRYID>8</COUNTRYID>
    <LANGDISP>ar-KW</LANGDISP>
    <Active>TRUE</Active>
  </PageList>
  <PageList>
    <ID>10</ID>
    <LabelMstID>ACM_MODULE_MST</LabelMstID>
    <FieldName>Module_Name</FieldName>
    <LabelID>lblModule_Name1s</LabelID>
    <LabelName>Module Name</LabelName>
    <LangID>1</LangID>
    <COUNTRYID>8</COUNTRYID>
    <LANGDISP>en-US</LANGDISP>
    <Active>TRUE</Active>
  </PageList>
  <PageList>
    <ID>11</ID>
    <LabelMstID>ACM_MODULE_MST</LabelMstID>
    <FieldName>Module_Name</FieldName>
    <LabelID>lblModule_Name1s</LabelID>
    <LabelName>Nom du module</LabelName>
    <LangID>3</LangID>
    <COUNTRYID>8</COUNTRYID>
    <LANGDISP>fr-FR</LANGDISP>
    <Active>TRUE</Active>
  </PageList>
  <PageList>
    <ID>12</ID>
    <LabelMstID>ACM_MODULE_MST</LabelMstID>
    <FieldName>Module_Name</FieldName>
    <LabelID>lblModule_Name2h</LabelID>
    <LabelName>اسم الوحدة النمطية</LabelName>
    <LangID>2</LangID>
    <COUNTRYID>8</COUNTRYID>
    <LANGDISP>ar-KW</LANGDISP>
    <Active>TRUE</Active>
  </PageList>
  <PageList>
    <ID>13</ID>
    <LabelMstID>ACM_MODULE_MST</LabelMstID>
    <FieldName>Module_NameO</FieldName>
    <LabelID>lblModule_NameO1s</LabelID>
    <LabelName>Module NameO</LabelName>
    <LangID>1</LangID>
    <COUNTRYID>8</COUNTRYID>
    <LANGDISP>en-US</LANGDISP>
    <Active>TRUE</Active>
  </PageList>
  <PageList>
    <ID>14</ID>
    <LabelMstID>ACM_MODULE_MST</LabelMstID>
    <FieldName>Module_NameO</FieldName>
    <LabelID>lblModule_NameO1s</LabelID>
    <LabelName>Module NameO</LabelName>
    <LangID>3</LangID>
    <COUNTRYID>8</COUNTRYID>
    <LANGDISP>fr-FR</LANGDISP>
    <Active>TRUE</Active>
  </PageList>
  <PageList>
    <ID>15</ID>
    <LabelMstID>ACM_MODULE_MST</LabelMstID>
    <FieldName>Module_NameO</FieldName>
    <LabelID>lblModule_NameO2h</LabelID>
    <LabelName>الوحدة النمطية نامو</LabelName>
    <LangID>2</LangID>
    <COUNTRYID>8</COUNTRYID>
    <LANGDISP>ar-KW</LANGDISP>
    <Active>TRUE</Active>
  </PageList>
  <PageList>
    <ID>16</ID>
    <LabelMstID>ACM_MODULE_MST</LabelMstID>
    <FieldName>Module_NameT</FieldName>
    <LabelID>lblModule_NameT1s</LabelID>
    <LabelName>Module NameT</LabelName>
    <LangID>1</LangID>
    <COUNTRYID>8</COUNTRYID>
    <LANGDISP>en-US</LANGDISP>
    <Active>TRUE</Active>
  </PageList>
  <PageList>
    <ID>17</ID>
    <LabelMstID>ACM_MODULE_MST</LabelMstID>
    <FieldName>Module_NameT</FieldName>
    <LabelID>lblModule_NameT1s</LabelID>
    <LabelName>NameT module</LabelName>
    <LangID>3</LangID>
    <COUNTRYID>8</COUNTRYID>
    <LANGDISP>fr-FR</LANGDISP>
    <Active>TRUE</Active>
  </PageList>
  <PageList>
    <ID>18</ID>
    <LabelMstID>ACM_MODULE_MST</LabelMstID>
    <FieldName>Module_NameT</FieldName>
    <LabelID>lblModule_NameT2h</LabelID>
    <LabelName>وحدة نامت</LabelName>
    <LangID>2</LangID>
    <COUNTRYID>8</COUNTRYID>
    <LANGDISP>ar-KW</LANGDISP>
    <Active>TRUE</Active>
  </PageList>
  <PageList>
    <ID>19</ID>
    <LabelMstID>ACM_MODULE_MST</LabelMstID>
    <FieldName>Module_Desc</FieldName>
    <LabelID>lblModule_Desc1s</LabelID>
    <LabelName>Module Desc</LabelName>
    <LangID>1</LangID>
    <COUNTRYID>8</COUNTRYID>
    <LANGDISP>en-US</LANGDISP>
    <Active>TRUE</Active>
  </PageList>
  <PageList>
    <ID>20</ID>
    <LabelMstID>ACM_MODULE_MST</LabelMstID>
    <FieldName>Module_Desc</FieldName>
    <LabelID>lblModule_Desc1s</LabelID>
    <LabelName>Module Desc</LabelName>
    <LangID>3</LangID>
    <COUNTRYID>8</COUNTRYID>
    <LANGDISP>fr-FR</LANGDISP>
    <Active>TRUE</Active>
  </PageList>
  <PageList>
    <ID>21</ID>
    <LabelMstID>ACM_MODULE_MST</LabelMstID>
    <FieldName>Module_Desc</FieldName>
    <LabelID>lblModule_Desc2h</LabelID>
    <LabelName>وصف الوحدة النمطية</LabelName>
    <LangID>2</LangID>
    <COUNTRYID>8</COUNTRYID>
    <LANGDISP>ar-KW</LANGDISP>
    <Active>TRUE</Active>
  </PageList>
  <PageList>
    <ID>22</ID>
    <LabelMstID>ACM_MODULE_MST</LabelMstID>
    <FieldName>Parent_Module_id</FieldName>
    <LabelID>lblParent_Module_id1s</LabelID>
    <LabelName>Parent Module ID</LabelName>
    <LangID>1</LangID>
    <COUNTRYID>8</COUNTRYID>
    <LANGDISP>en-US</LANGDISP>
    <Active>TRUE</Active>
  </PageList>
  <PageList>
    <ID>23</ID>
    <LabelMstID>ACM_MODULE_MST</LabelMstID>
    <FieldName>Parent_Module_id</FieldName>
    <LabelID>lblParent_Module_id1s</LabelID>
    <LabelName>ID du Module parent</LabelName>
    <LangID>3</LangID>
    <COUNTRYID>8</COUNTRYID>
    <LANGDISP>fr-FR</LANGDISP>
    <Active>TRUE</Active>
  </PageList>
  <PageList>
    <ID>24</ID>
    <LabelMstID>ACM_MODULE_MST</LabelMstID>
    <FieldName>Parent_Module_id</FieldName>
    <LabelID>lblParent_Module_id2h</LabelID>
    <LabelName>معرف الوحدة النمطية الأصل</LabelName>
    <LangID>2</LangID>
    <COUNTRYID>8</COUNTRYID>
    <LANGDISP>ar-KW</LANGDISP>
    <Active>TRUE</Active>
  </PageList>
  <PageList>
    <ID>25</ID>
    <LabelMstID>ACM_MODULE_MST</LabelMstID>
    <FieldName>Module_Order</FieldName>
    <LabelID>lblModule_Order1s</LabelID>
    <LabelName>Module Order</LabelName>
    <LangID>1</LangID>
    <COUNTRYID>8</COUNTRYID>
    <LANGDISP>en-US</LANGDISP>
    <Active>TRUE</Active>
  </PageList>
  <PageList>
    <ID>26</ID>
    <LabelMstID>ACM_MODULE_MST</LabelMstID>
    <FieldName>Module_Order</FieldName>
    <LabelID>lblModule_Order1s</LabelID>
    <LabelName>Module de commande</LabelName>
    <LangID>3</LangID>
    <COUNTRYID>8</COUNTRYID>
    <LANGDISP>fr-FR</LANGDISP>
    <Active>TRUE</Active>
  </PageList>
  <PageList>
    <ID>27</ID>
    <LabelMstID>ACM_MODULE_MST</LabelMstID>
    <FieldName>Module_Order</FieldName>
    <LabelID>lblModule_Order2h</LabelID>
    <LabelName>الوحدة النمطية للنظام</LabelName>
    <LangID>2</LangID>
    <COUNTRYID>8</COUNTRYID>
    <LANGDISP>ar-KW</LANGDISP>
    <Active>TRUE</Active>
  </PageList>
  <PageList>
    <ID>28</ID>
    <LabelMstID>ACM_MODULE_MST</LabelMstID>
    <FieldName>ACTIVE_FLAG</FieldName>
    <LabelID>lblACTIVE_FLAG1s</LabelID>
    <LabelName>Active Flag</LabelName>
    <LangID>1</LangID>
    <COUNTRYID>8</COUNTRYID>
    <LANGDISP>en-US</LANGDISP>
    <Active>TRUE</Active>
  </PageList>
  <PageList>
    <ID>29</ID>
    <LabelMstID>ACM_MODULE_MST</LabelMstID>
    <FieldName>ACTIVE_FLAG</FieldName>
    <LabelID>lblACTIVE_FLAG1s</LabelID>
    <LabelName>Actif indicateur</LabelName>
    <LangID>3</LangID>
    <COUNTRYID>8</COUNTRYID>
    <LANGDISP>fr-FR</LANGDISP>
    <Active>TRUE</Active>
  </PageList>
  <PageList>
    <ID>30</ID>
    <LabelMstID>ACM_MODULE_MST</LabelMstID>
    <FieldName>ACTIVE_FLAG</FieldName>
    <LabelID>lblACTIVE_FLAG2h</LabelID>
    <LabelName>العلم نشط</LabelName>
    <LangID>2</LangID>
    <COUNTRYID>8</COUNTRYID>
    <LANGDISP>ar-KW</LANGDISP>
    <Active>TRUE</Active>
  </PageList>
  <PageList>
    <ID>31</ID>
    <LabelMstID>ACM_MODULE_MST</LabelMstID>
    <FieldName>CRUP_ID</FieldName>
    <LabelID>lblCRUP_ID1s</LabelID>
    <LabelName>MODULE_MST</LabelName>
    <LangID>1</LangID>
    <COUNTRYID>8</COUNTRYID>
    <LANGDISP>en-US</LANGDISP>
    <Active>TRUE</Active>
  </PageList>
  <PageList>
    <ID>32</ID>
    <LabelMstID>ACM_MODULE_MST</LabelMstID>
    <FieldName>CRUP_ID</FieldName>
    <LabelID>lblCRUP_ID1s</LabelID>
    <LabelName>Crup ID</LabelName>
    <LangID>3</LangID>
    <COUNTRYID>8</COUNTRYID>
    <LANGDISP>fr-FR</LANGDISP>
    <Active>TRUE</Active>
  </PageList>
  <PageList>
    <ID>33</ID>
    <LabelMstID>ACM_MODULE_MST</LabelMstID>
    <FieldName>CRUP_ID</FieldName>
    <LabelID>lblCRUP_ID2h</LabelID>
    <LabelName>معرف Crup</LabelName>
    <LangID>2</LangID>
    <COUNTRYID>8</COUNTRYID>
    <LANGDISP>ar-KW</LANGDISP>
    <Active>TRUE</Active>
  </PageList>
  <PageList>
    <ID>34</ID>
    <LabelMstID>ACM_MODULE_MST</LabelMstID>
    <FieldName>Module_Location</FieldName>
    <LabelID>lblModule_Location1s</LabelID>
    <LabelName>Module Location</LabelName>
    <LangID>1</LangID>
    <COUNTRYID>8</COUNTRYID>
    <LANGDISP>en-US</LANGDISP>
    <Active>TRUE</Active>
  </PageList>
  <PageList>
    <ID>35</ID>
    <LabelMstID>ACM_MODULE_MST</LabelMstID>
    <FieldName>Module_Location</FieldName>
    <LabelID>lblModule_Location1s</LabelID>
    <LabelName>Emplacement de module</LabelName>
    <LangID>3</LangID>
    <COUNTRYID>8</COUNTRYID>
    <LANGDISP>fr-FR</LANGDISP>
    <Active>TRUE</Active>
  </PageList>
  <PageList>
    <ID>36</ID>
    <LabelMstID>ACM_MODULE_MST</LabelMstID>
    <FieldName>Module_Location</FieldName>
    <LabelID>lblModule_Location2h</LabelID>
    <LabelName>موقع الوحدة النمطية</LabelName>
    <LangID>2</LangID>
    <COUNTRYID>8</COUNTRYID>
    <LANGDISP>ar-KW</LANGDISP>
    <Active>TRUE</Active>
  </PageList>
  <PageList>
    <ID>37</ID>
    <LabelMstID>ACM_MODULE_MST</LabelMstID>
    <FieldName>NULL</FieldName>
    <LabelID>lblHeader1s</LabelID>
    <LabelName>MODULE_MST</LabelName>
    <LangID>1</LangID>
    <COUNTRYID>8</COUNTRYID>
    <LANGDISP>en-US</LANGDISP>
    <Active>TRUE</Active>
  </PageList>
  <PageList>
    <ID>38</ID>
    <LabelMstID>ACM_MODULE_MST</LabelMstID>
    <FieldName>NULL</FieldName>
    <LabelID>lblHeader1s</LabelID>
    <LabelName>MODULE_MST</LabelName>
    <LangID>3</LangID>
    <COUNTRYID>8</COUNTRYID>
    <LANGDISP>fr-FR</LANGDISP>
    <Active>TRUE</Active>
  </PageList>
  <PageList>
    <ID>39</ID>
    <LabelMstID>ACM_MODULE_MST</LabelMstID>
    <FieldName>NULL</FieldName>
    <LabelID>lblHeader2h</LabelID>
    <LabelName>MODULE_MST</LabelName>
    <LangID>2</LangID>
    <COUNTRYID>8</COUNTRYID>
    <LANGDISP>ar-KW</LANGDISP>
    <Active>TRUE</Active>
  </PageList>
</TBLLabelDTL>