<?xml version="1.0" standalone="yes"?>
<TBLLabelDTL>
  <PageList>
    <ID>1</ID>
    <LabelMstID>ACM_USER_RIGHTS</LabelMstID>
    <FieldName>TENANT_ID</FieldName>
    <LabelID>lblTENANT_ID1s</LabelID>
    <LabelName>USER_RIGHTS</LabelName>
    <LangID>1</LangID>
    <COUNTRYID>8</COUNTRYID>
    <LANGDISP>en-US</LANGDISP>
    <Active>TRUE</Active>
  </PageList>
  <PageList>
    <ID>2</ID>
    <LabelMstID>ACM_USER_RIGHTS</LabelMstID>
    <FieldName>TENANT_ID</FieldName>
    <LabelID>lblTENANT_ID1s</LabelID>
    <LabelName>ID du locataire</LabelName>
    <LangID>3</LangID>
    <COUNTRYID>8</COUNTRYID>
    <LANGDISP>fr-FR</LANGDISP>
    <Active>TRUE</Active>
  </PageList>
  <PageList>
    <ID>3</ID>
    <LabelMstID>ACM_USER_RIGHTS</LabelMstID>
    <FieldName>TENANT_ID</FieldName>
    <LabelID>lblTENANT_ID2h</LabelID>
    <LabelName>معرف المستأجر</LabelName>
    <LangID>2</LangID>
    <COUNTRYID>8</COUNTRYID>
    <LANGDISP>ar-KW</LANGDISP>
    <Active>TRUE</Active>
  </PageList>
  <PageList>
    <ID>4</ID>
    <LabelMstID>ACM_USER_RIGHTS</LabelMstID>
    <FieldName>RIGHTS_ID</FieldName>
    <LabelID>lblRIGHTS_ID1s</LabelID>
    <LabelName>USER_RIGHTS</LabelName>
    <LangID>1</LangID>
    <COUNTRYID>8</COUNTRYID>
    <LANGDISP>en-US</LANGDISP>
    <Active>TRUE</Active>
  </PageList>
  <PageList>
    <ID>5</ID>
    <LabelMstID>ACM_USER_RIGHTS</LabelMstID>
    <FieldName>RIGHTS_ID</FieldName>
    <LabelID>lblRIGHTS_ID1s</LabelID>
    <LabelName>ID de droits</LabelName>
    <LangID>3</LangID>
    <COUNTRYID>8</COUNTRYID>
    <LANGDISP>fr-FR</LANGDISP>
    <Active>TRUE</Active>
  </PageList>
  <PageList>
    <ID>6</ID>
    <LabelMstID>ACM_USER_RIGHTS</LabelMstID>
    <FieldName>RIGHTS_ID</FieldName>
    <LabelID>lblRIGHTS_ID2h</LabelID>
    <LabelName>معرف حقوق</LabelName>
    <LangID>2</LangID>
    <COUNTRYID>8</COUNTRYID>
    <LANGDISP>ar-KW</LANGDISP>
    <Active>TRUE</Active>
  </PageList>
  <PageList>
    <ID>7</ID>
    <LabelMstID>ACM_USER_RIGHTS</LabelMstID>
    <FieldName>USER_ID</FieldName>
    <LabelID>lblUSER_ID1s</LabelID>
    <LabelName>User  ID:</LabelName>
    <LangID>1</LangID>
    <COUNTRYID>8</COUNTRYID>
    <LANGDISP>en-US</LANGDISP>
    <Active>TRUE</Active>
  </PageList>
  <PageList>
    <ID>8</ID>
    <LabelMstID>ACM_USER_RIGHTS</LabelMstID>
    <FieldName>USER_ID</FieldName>
    <LabelID>lblUSER_ID1s</LabelID>
    <LabelName>ID de l'utilisateur</LabelName>
    <LangID>3</LangID>
    <COUNTRYID>8</COUNTRYID>
    <LANGDISP>fr-FR</LANGDISP>
    <Active>TRUE</Active>
  </PageList>
  <PageList>
    <ID>9</ID>
    <LabelMstID>ACM_USER_RIGHTS</LabelMstID>
    <FieldName>USER_ID</FieldName>
    <LabelID>lblUSER_ID2h</LabelID>
    <LabelName>معرف المستخدم</LabelName>
    <LangID>2</LangID>
    <COUNTRYID>8</COUNTRYID>
    <LANGDISP>ar-KW</LANGDISP>
    <Active>TRUE</Active>
  </PageList>
  <PageList>
    <ID>10</ID>
    <LabelMstID>ACM_USER_RIGHTS</LabelMstID>
    <FieldName>PRIVILEGE_ID</FieldName>
    <LabelID>lblPRIVILEGE_ID1s</LabelID>
    <LabelName>Privilege ID</LabelName>
    <LangID>1</LangID>
    <COUNTRYID>8</COUNTRYID>
    <LANGDISP>en-US</LANGDISP>
    <Active>TRUE</Active>
  </PageList>
  <PageList>
    <ID>11</ID>
    <LabelMstID>ACM_USER_RIGHTS</LabelMstID>
    <FieldName>PRIVILEGE_ID</FieldName>
    <LabelID>lblPRIVILEGE_ID1s</LabelID>
    <LabelName>ID de privilège</LabelName>
    <LangID>3</LangID>
    <COUNTRYID>8</COUNTRYID>
    <LANGDISP>fr-FR</LANGDISP>
    <Active>TRUE</Active>
  </PageList>
  <PageList>
    <ID>12</ID>
    <LabelMstID>ACM_USER_RIGHTS</LabelMstID>
    <FieldName>PRIVILEGE_ID</FieldName>
    <LabelID>lblPRIVILEGE_ID2h</LabelID>
    <LabelName>معرف امتياز</LabelName>
    <LangID>2</LangID>
    <COUNTRYID>8</COUNTRYID>
    <LANGDISP>ar-KW</LANGDISP>
    <Active>TRUE</Active>
  </PageList>
  <PageList>
    <ID>13</ID>
    <LabelMstID>ACM_USER_RIGHTS</LabelMstID>
    <FieldName>ADD_FLAG</FieldName>
    <LabelID>lblADD_FLAG1s</LabelID>
    <LabelName>Add Flag</LabelName>
    <LangID>1</LangID>
    <COUNTRYID>8</COUNTRYID>
    <LANGDISP>en-US</LANGDISP>
    <Active>TRUE</Active>
  </PageList>
  <PageList>
    <ID>14</ID>
    <LabelMstID>ACM_USER_RIGHTS</LabelMstID>
    <FieldName>ADD_FLAG</FieldName>
    <LabelID>lblADD_FLAG1s</LabelID>
    <LabelName>Ajouter l'indicateur</LabelName>
    <LangID>3</LangID>
    <COUNTRYID>8</COUNTRYID>
    <LANGDISP>fr-FR</LANGDISP>
    <Active>TRUE</Active>
  </PageList>
  <PageList>
    <ID>15</ID>
    <LabelMstID>ACM_USER_RIGHTS</LabelMstID>
    <FieldName>ADD_FLAG</FieldName>
    <LabelID>lblADD_FLAG2h</LabelID>
    <LabelName>إضافة علامة</LabelName>
    <LangID>2</LangID>
    <COUNTRYID>8</COUNTRYID>
    <LANGDISP>ar-KW</LANGDISP>
    <Active>TRUE</Active>
  </PageList>
  <PageList>
    <ID>16</ID>
    <LabelMstID>ACM_USER_RIGHTS</LabelMstID>
    <FieldName>MODIFY_FLAG</FieldName>
    <LabelID>lblMODIFY_FLAG1s</LabelID>
    <LabelName>Modify Flag</LabelName>
    <LangID>1</LangID>
    <COUNTRYID>8</COUNTRYID>
    <LANGDISP>en-US</LANGDISP>
    <Active>TRUE</Active>
  </PageList>
  <PageList>
    <ID>17</ID>
    <LabelMstID>ACM_USER_RIGHTS</LabelMstID>
    <FieldName>MODIFY_FLAG</FieldName>
    <LabelID>lblMODIFY_FLAG1s</LabelID>
    <LabelName>Modifier le drapeau</LabelName>
    <LangID>3</LangID>
    <COUNTRYID>8</COUNTRYID>
    <LANGDISP>fr-FR</LANGDISP>
    <Active>TRUE</Active>
  </PageList>
  <PageList>
    <ID>18</ID>
    <LabelMstID>ACM_USER_RIGHTS</LabelMstID>
    <FieldName>MODIFY_FLAG</FieldName>
    <LabelID>lblMODIFY_FLAG2h</LabelID>
    <LabelName>تعديل العلامة</LabelName>
    <LangID>2</LangID>
    <COUNTRYID>8</COUNTRYID>
    <LANGDISP>ar-KW</LANGDISP>
    <Active>TRUE</Active>
  </PageList>
  <PageList>
    <ID>19</ID>
    <LabelMstID>ACM_USER_RIGHTS</LabelMstID>
    <FieldName>DELETE_FLAG</FieldName>
    <LabelID>lblDELETE_FLAG1s</LabelID>
    <LabelName>Delete Flag</LabelName>
    <LangID>1</LangID>
    <COUNTRYID>8</COUNTRYID>
    <LANGDISP>en-US</LANGDISP>
    <Active>TRUE</Active>
  </PageList>
  <PageList>
    <ID>20</ID>
    <LabelMstID>ACM_USER_RIGHTS</LabelMstID>
    <FieldName>DELETE_FLAG</FieldName>
    <LabelID>lblDELETE_FLAG1s</LabelID>
    <LabelName>Supprimer l'indicateur</LabelName>
    <LangID>3</LangID>
    <COUNTRYID>8</COUNTRYID>
    <LANGDISP>fr-FR</LANGDISP>
    <Active>TRUE</Active>
  </PageList>
  <PageList>
    <ID>21</ID>
    <LabelMstID>ACM_USER_RIGHTS</LabelMstID>
    <FieldName>DELETE_FLAG</FieldName>
    <LabelID>lblDELETE_FLAG2h</LabelID>
    <LabelName>حذف العلامة</LabelName>
    <LangID>2</LangID>
    <COUNTRYID>8</COUNTRYID>
    <LANGDISP>ar-KW</LANGDISP>
    <Active>TRUE</Active>
  </PageList>
  <PageList>
    <ID>22</ID>
    <LabelMstID>ACM_USER_RIGHTS</LabelMstID>
    <FieldName>VIEW_FLAG</FieldName>
    <LabelID>lblVIEW_FLAG1s</LabelID>
    <LabelName>View Flag</LabelName>
    <LangID>1</LangID>
    <COUNTRYID>8</COUNTRYID>
    <LANGDISP>en-US</LANGDISP>
    <Active>TRUE</Active>
  </PageList>
  <PageList>
    <ID>23</ID>
    <LabelMstID>ACM_USER_RIGHTS</LabelMstID>
    <FieldName>VIEW_FLAG</FieldName>
    <LabelID>lblVIEW_FLAG1s</LabelID>
    <LabelName>Drapeau de la vue</LabelName>
    <LangID>3</LangID>
    <COUNTRYID>8</COUNTRYID>
    <LANGDISP>fr-FR</LANGDISP>
    <Active>TRUE</Active>
  </PageList>
  <PageList>
    <ID>24</ID>
    <LabelMstID>ACM_USER_RIGHTS</LabelMstID>
    <FieldName>VIEW_FLAG</FieldName>
    <LabelID>lblVIEW_FLAG2h</LabelID>
    <LabelName>عرض العلم</LabelName>
    <LangID>2</LangID>
    <COUNTRYID>8</COUNTRYID>
    <LANGDISP>ar-KW</LANGDISP>
    <Active>TRUE</Active>
  </PageList>
  <PageList>
    <ID>25</ID>
    <LabelMstID>ACM_USER_RIGHTS</LabelMstID>
    <FieldName>ALL_FLAG</FieldName>
    <LabelID>lblALL_FLAG1s</LabelID>
    <LabelName>All Flag</LabelName>
    <LangID>1</LangID>
    <COUNTRYID>8</COUNTRYID>
    <LANGDISP>en-US</LANGDISP>
    <Active>TRUE</Active>
  </PageList>
  <PageList>
    <ID>26</ID>
    <LabelMstID>ACM_USER_RIGHTS</LabelMstID>
    <FieldName>ALL_FLAG</FieldName>
    <LabelID>lblALL_FLAG1s</LabelID>
    <LabelName>Tous les drapeau</LabelName>
    <LangID>3</LangID>
    <COUNTRYID>8</COUNTRYID>
    <LANGDISP>fr-FR</LANGDISP>
    <Active>TRUE</Active>
  </PageList>
  <PageList>
    <ID>27</ID>
    <LabelMstID>ACM_USER_RIGHTS</LabelMstID>
    <FieldName>ALL_FLAG</FieldName>
    <LabelID>lblALL_FLAG2h</LabelID>
    <LabelName>جميع العلم</LabelName>
    <LangID>2</LangID>
    <COUNTRYID>8</COUNTRYID>
    <LANGDISP>ar-KW</LANGDISP>
    <Active>TRUE</Active>
  </PageList>
  <PageList>
    <ID>28</ID>
    <LabelMstID>ACM_USER_RIGHTS</LabelMstID>
    <FieldName>CRUP_ID</FieldName>
    <LabelID>lblCRUP_ID1s</LabelID>
    <LabelName>USER_RIGHTS</LabelName>
    <LangID>1</LangID>
    <COUNTRYID>8</COUNTRYID>
    <LANGDISP>en-US</LANGDISP>
    <Active>TRUE</Active>
  </PageList>
  <PageList>
    <ID>29</ID>
    <LabelMstID>ACM_USER_RIGHTS</LabelMstID>
    <FieldName>CRUP_ID</FieldName>
    <LabelID>lblCRUP_ID1s</LabelID>
    <LabelName>Crup ID</LabelName>
    <LangID>3</LangID>
    <COUNTRYID>8</COUNTRYID>
    <LANGDISP>fr-FR</LANGDISP>
    <Active>TRUE</Active>
  </PageList>
  <PageList>
    <ID>30</ID>
    <LabelMstID>ACM_USER_RIGHTS</LabelMstID>
    <FieldName>CRUP_ID</FieldName>
    <LabelID>lblCRUP_ID2h</LabelID>
    <LabelName>معرف Crup</LabelName>
    <LangID>2</LangID>
    <COUNTRYID>8</COUNTRYID>
    <LANGDISP>ar-KW</LANGDISP>
    <Active>TRUE</Active>
  </PageList>
  <PageList>
    <ID>31</ID>
    <LabelMstID>ACM_USER_RIGHTS</LabelMstID>
    <FieldName>IsLabelUpdate</FieldName>
    <LabelID>lblIsLabelUpdate1s</LabelID>
    <LabelName>Is Label Update</LabelName>
    <LangID>1</LangID>
    <COUNTRYID>8</COUNTRYID>
    <LANGDISP>en-US</LANGDISP>
    <Active>TRUE</Active>
  </PageList>
  <PageList>
    <ID>32</ID>
    <LabelMstID>ACM_USER_RIGHTS</LabelMstID>
    <FieldName>IsLabelUpdate</FieldName>
    <LabelID>lblIsLabelUpdate1s</LabelID>
    <LabelName>Est mise à jour de l'étiquette</LabelName>
    <LangID>3</LangID>
    <COUNTRYID>8</COUNTRYID>
    <LANGDISP>fr-FR</LANGDISP>
    <Active>TRUE</Active>
  </PageList>
  <PageList>
    <ID>33</ID>
    <LabelMstID>ACM_USER_RIGHTS</LabelMstID>
    <FieldName>IsLabelUpdate</FieldName>
    <LabelID>lblIsLabelUpdate2h</LabelID>
    <LabelName>يتم تحديث التسمية</LabelName>
    <LangID>2</LangID>
    <COUNTRYID>8</COUNTRYID>
    <LANGDISP>ar-KW</LANGDISP>
    <Active>TRUE</Active>
  </PageList>
  <PageList>
    <ID>34</ID>
    <LabelMstID>ACM_USER_RIGHTS</LabelMstID>
    <FieldName>NULL</FieldName>
    <LabelID>lblHeader1s</LabelID>
    <LabelName>USER_RIGHTS</LabelName>
    <LangID>1</LangID>
    <COUNTRYID>8</COUNTRYID>
    <LANGDISP>en-US</LANGDISP>
    <Active>TRUE</Active>
  </PageList>
  <PageList>
    <ID>35</ID>
    <LabelMstID>ACM_USER_RIGHTS</LabelMstID>
    <FieldName>NULL</FieldName>
    <LabelID>lblHeader1s</LabelID>
    <LabelName>USER_RIGHTS</LabelName>
    <LangID>3</LangID>
    <COUNTRYID>8</COUNTRYID>
    <LANGDISP>fr-FR</LANGDISP>
    <Active>TRUE</Active>
  </PageList>
  <PageList>
    <ID>36</ID>
    <LabelMstID>ACM_USER_RIGHTS</LabelMstID>
    <FieldName>NULL</FieldName>
    <LabelID>lblHeader2h</LabelID>
    <LabelName>USER_RIGHTS</LabelName>
    <LangID>2</LangID>
    <COUNTRYID>8</COUNTRYID>
    <LANGDISP>ar-KW</LANGDISP>
    <Active>TRUE</Active>
  </PageList>
</TBLLabelDTL>