<?xml version="1.0" standalone="yes"?>
<TBLLabelDTL>
  <PageList>
    <ID>1</ID>
    <LabelMstID>ACM_FUNCTION_MST</LabelMstID>
    <FieldName>TENANT_ID</FieldName>
    <LabelID>lblTENANT_ID1s</LabelID>
    <LabelName>ACM_FUNCTION_MST</LabelName>
    <LangID>1</LangID>
    <COUNTRYID>8</COUNTRYID>
    <LANGDISP>en-US</LANGDISP>
    <Active>TRUE</Active>
  </PageList>
  <PageList>
    <ID>2</ID>
    <LabelMstID>ACM_FUNCTION_MST</LabelMstID>
    <FieldName>TENANT_ID</FieldName>
    <LabelID>lblTENANT_ID1s</LabelID>
    <LabelName>Nom du locataire</LabelName>
    <LangID>3</LangID>
    <COUNTRYID>8</COUNTRYID>
    <LANGDISP>fr-FR</LANGDISP>
    <Active>TRUE</Active>
  </PageList>
  <PageList>
    <ID>3</ID>
    <LabelMstID>ACM_FUNCTION_MST</LabelMstID>
    <FieldName>TENANT_ID</FieldName>
    <LabelID>lblTENANT_ID2h</LabelID>
    <LabelName>اسم المستأجر</LabelName>
    <LangID>2</LangID>
    <COUNTRYID>8</COUNTRYID>
    <LANGDISP>ar-KW</LANGDISP>
    <Active>TRUE</Active>
  </PageList>
  <PageList>
    <ID>4</ID>
    <LabelMstID>ACM_FUNCTION_MST</LabelMstID>
    <FieldName>MENU_ID</FieldName>
    <LabelID>lblMENU_ID1s</LabelID>
    <LabelName>ACM_FUNCTION_MST</LabelName>
    <LangID>1</LangID>
    <COUNTRYID>8</COUNTRYID>
    <LANGDISP>en-US</LANGDISP>
    <Active>TRUE</Active>
  </PageList>
  <PageList>
    <ID>5</ID>
    <LabelMstID>ACM_FUNCTION_MST</LabelMstID>
    <FieldName>MENU_ID</FieldName>
    <LabelID>lblMENU_ID1s</LabelID>
    <LabelName>Nom de menu</LabelName>
    <LangID>3</LangID>
    <COUNTRYID>8</COUNTRYID>
    <LANGDISP>fr-FR</LANGDISP>
    <Active>TRUE</Active>
  </PageList>
  <PageList>
    <ID>6</ID>
    <LabelMstID>ACM_FUNCTION_MST</LabelMstID>
    <FieldName>MENU_ID</FieldName>
    <LabelID>lblMENU_ID2h</LabelID>
    <LabelName>اسم القائمة</LabelName>
    <LangID>2</LangID>
    <COUNTRYID>8</COUNTRYID>
    <LANGDISP>ar-KW</LANGDISP>
    <Active>TRUE</Active>
  </PageList>
  <PageList>
    <ID>7</ID>
    <LabelMstID>ACM_FUNCTION_MST</LabelMstID>
    <FieldName>MASTER_ID</FieldName>
    <LabelID>lblMASTER_ID1s</LabelID>
    <LabelName>Master  name</LabelName>
    <LangID>1</LangID>
    <COUNTRYID>8</COUNTRYID>
    <LANGDISP>en-US</LANGDISP>
    <Active>TRUE</Active>
  </PageList>
  <PageList>
    <ID>8</ID>
    <LabelMstID>ACM_FUNCTION_MST</LabelMstID>
    <FieldName>MASTER_ID</FieldName>
    <LabelID>lblMASTER_ID1s</LabelID>
    <LabelName>Maître nom</LabelName>
    <LangID>3</LangID>
    <COUNTRYID>8</COUNTRYID>
    <LANGDISP>fr-FR</LANGDISP>
    <Active>TRUE</Active>
  </PageList>
  <PageList>
    <ID>9</ID>
    <LabelMstID>ACM_FUNCTION_MST</LabelMstID>
    <FieldName>MASTER_ID</FieldName>
    <LabelID>lblMASTER_ID2h</LabelID>
    <LabelName>اسم الشكل الرئيسي</LabelName>
    <LangID>2</LangID>
    <COUNTRYID>8</COUNTRYID>
    <LANGDISP>ar-KW</LANGDISP>
    <Active>TRUE</Active>
  </PageList>
  <PageList>
    <ID>10</ID>
    <LabelMstID>ACM_FUNCTION_MST</LabelMstID>
    <FieldName>MODULE_ID</FieldName>
    <LabelID>lblMODULE_ID1s</LabelID>
    <LabelName>Module  name</LabelName>
    <LangID>1</LangID>
    <COUNTRYID>8</COUNTRYID>
    <LANGDISP>en-US</LANGDISP>
    <Active>TRUE</Active>
  </PageList>
  <PageList>
    <ID>11</ID>
    <LabelMstID>ACM_FUNCTION_MST</LabelMstID>
    <FieldName>MODULE_ID</FieldName>
    <LabelID>lblMODULE_ID1s</LabelID>
    <LabelName>Nom du module</LabelName>
    <LangID>3</LangID>
    <COUNTRYID>8</COUNTRYID>
    <LANGDISP>fr-FR</LANGDISP>
    <Active>TRUE</Active>
  </PageList>
  <PageList>
    <ID>12</ID>
    <LabelMstID>ACM_FUNCTION_MST</LabelMstID>
    <FieldName>MODULE_ID</FieldName>
    <LabelID>lblMODULE_ID2h</LabelID>
    <LabelName>اسم الوحدة النمطية</LabelName>
    <LangID>2</LangID>
    <COUNTRYID>8</COUNTRYID>
    <LANGDISP>ar-KW</LANGDISP>
    <Active>TRUE</Active>
  </PageList>
  <PageList>
    <ID>13</ID>
    <LabelMstID>ACM_FUNCTION_MST</LabelMstID>
    <FieldName>MENU_TYPE</FieldName>
    <LabelID>lblMENU_TYPE1s</LabelID>
    <LabelName>Menu type</LabelName>
    <LangID>1</LangID>
    <COUNTRYID>8</COUNTRYID>
    <LANGDISP>en-US</LANGDISP>
    <Active>TRUE</Active>
  </PageList>
  <PageList>
    <ID>14</ID>
    <LabelMstID>ACM_FUNCTION_MST</LabelMstID>
    <FieldName>MENU_TYPE</FieldName>
    <LabelID>lblMENU_TYPE1s</LabelID>
    <LabelName>Type de menu</LabelName>
    <LangID>3</LangID>
    <COUNTRYID>8</COUNTRYID>
    <LANGDISP>fr-FR</LANGDISP>
    <Active>TRUE</Active>
  </PageList>
  <PageList>
    <ID>15</ID>
    <LabelMstID>ACM_FUNCTION_MST</LabelMstID>
    <FieldName>MENU_TYPE</FieldName>
    <LabelID>lblMENU_TYPE2h</LabelID>
    <LabelName>نوع القائمة</LabelName>
    <LangID>2</LangID>
    <COUNTRYID>8</COUNTRYID>
    <LANGDISP>ar-KW</LANGDISP>
    <Active>TRUE</Active>
  </PageList>
  <PageList>
    <ID>16</ID>
    <LabelMstID>ACM_FUNCTION_MST</LabelMstID>
    <FieldName>MENU_NAME1</FieldName>
    <LabelID>lblMENU_NAME11s</LabelID>
    <LabelName>Menu name1</LabelName>
    <LangID>1</LangID>
    <COUNTRYID>8</COUNTRYID>
    <LANGDISP>en-US</LANGDISP>
    <Active>TRUE</Active>
  </PageList>
  <PageList>
    <ID>17</ID>
    <LabelMstID>ACM_FUNCTION_MST</LabelMstID>
    <FieldName>MENU_NAME1</FieldName>
    <LabelID>lblMENU_NAME11s</LabelID>
    <LabelName>Menu nom1</LabelName>
    <LangID>3</LangID>
    <COUNTRYID>8</COUNTRYID>
    <LANGDISP>fr-FR</LANGDISP>
    <Active>TRUE</Active>
  </PageList>
  <PageList>
    <ID>18</ID>
    <LabelMstID>ACM_FUNCTION_MST</LabelMstID>
    <FieldName>MENU_NAME1</FieldName>
    <LabelID>lblMENU_NAME12h</LabelID>
    <LabelName>القائمة name1</LabelName>
    <LangID>2</LangID>
    <COUNTRYID>8</COUNTRYID>
    <LANGDISP>ar-KW</LANGDISP>
    <Active>TRUE</Active>
  </PageList>
  <PageList>
    <ID>19</ID>
    <LabelMstID>ACM_FUNCTION_MST</LabelMstID>
    <FieldName>MENU_NAME2</FieldName>
    <LabelID>lblMENU_NAME21s</LabelID>
    <LabelName>Menu name2</LabelName>
    <LangID>1</LangID>
    <COUNTRYID>8</COUNTRYID>
    <LANGDISP>en-US</LANGDISP>
    <Active>TRUE</Active>
  </PageList>
  <PageList>
    <ID>20</ID>
    <LabelMstID>ACM_FUNCTION_MST</LabelMstID>
    <FieldName>MENU_NAME2</FieldName>
    <LabelID>lblMENU_NAME21s</LabelID>
    <LabelName>Menu nom2</LabelName>
    <LangID>3</LangID>
    <COUNTRYID>8</COUNTRYID>
    <LANGDISP>fr-FR</LANGDISP>
    <Active>TRUE</Active>
  </PageList>
  <PageList>
    <ID>21</ID>
    <LabelMstID>ACM_FUNCTION_MST</LabelMstID>
    <FieldName>MENU_NAME2</FieldName>
    <LabelID>lblMENU_NAME22h</LabelID>
    <LabelName>قائمة name2</LabelName>
    <LangID>2</LangID>
    <COUNTRYID>8</COUNTRYID>
    <LANGDISP>ar-KW</LANGDISP>
    <Active>TRUE</Active>
  </PageList>
  <PageList>
    <ID>22</ID>
    <LabelMstID>ACM_FUNCTION_MST</LabelMstID>
    <FieldName>MENU_NAME3</FieldName>
    <LabelID>lblMENU_NAME31s</LabelID>
    <LabelName>Menu name3</LabelName>
    <LangID>1</LangID>
    <COUNTRYID>8</COUNTRYID>
    <LANGDISP>en-US</LANGDISP>
    <Active>TRUE</Active>
  </PageList>
  <PageList>
    <ID>23</ID>
    <LabelMstID>ACM_FUNCTION_MST</LabelMstID>
    <FieldName>MENU_NAME3</FieldName>
    <LabelID>lblMENU_NAME31s</LabelID>
    <LabelName>Menu Nom3</LabelName>
    <LangID>3</LangID>
    <COUNTRYID>8</COUNTRYID>
    <LANGDISP>fr-FR</LANGDISP>
    <Active>TRUE</Active>
  </PageList>
  <PageList>
    <ID>24</ID>
    <LabelMstID>ACM_FUNCTION_MST</LabelMstID>
    <FieldName>MENU_NAME3</FieldName>
    <LabelID>lblMENU_NAME32h</LabelID>
    <LabelName>Name3 القائمة</LabelName>
    <LangID>2</LangID>
    <COUNTRYID>8</COUNTRYID>
    <LANGDISP>ar-KW</LANGDISP>
    <Active>TRUE</Active>
  </PageList>
  <PageList>
    <ID>25</ID>
    <LabelMstID>ACM_FUNCTION_MST</LabelMstID>
    <FieldName>LINK</FieldName>
    <LabelID>lblLINK1s</LabelID>
    <LabelName>Link</LabelName>
    <LangID>1</LangID>
    <COUNTRYID>8</COUNTRYID>
    <LANGDISP>en-US</LANGDISP>
    <Active>TRUE</Active>
  </PageList>
  <PageList>
    <ID>26</ID>
    <LabelMstID>ACM_FUNCTION_MST</LabelMstID>
    <FieldName>LINK</FieldName>
    <LabelID>lblLINK1s</LabelID>
    <LabelName>Lien</LabelName>
    <LangID>3</LangID>
    <COUNTRYID>8</COUNTRYID>
    <LANGDISP>fr-FR</LANGDISP>
    <Active>TRUE</Active>
  </PageList>
  <PageList>
    <ID>27</ID>
    <LabelMstID>ACM_FUNCTION_MST</LabelMstID>
    <FieldName>LINK</FieldName>
    <LabelID>lblLINK2h</LabelID>
    <LabelName>الارتباط</LabelName>
    <LangID>2</LangID>
    <COUNTRYID>8</COUNTRYID>
    <LANGDISP>ar-KW</LANGDISP>
    <Active>TRUE</Active>
  </PageList>
  <PageList>
    <ID>28</ID>
    <LabelMstID>ACM_FUNCTION_MST</LabelMstID>
    <FieldName>URLREWRITE</FieldName>
    <LabelID>lblURLREWRITE1s</LabelID>
    <LabelName>Urlrewrite</LabelName>
    <LangID>1</LangID>
    <COUNTRYID>8</COUNTRYID>
    <LANGDISP>en-US</LANGDISP>
    <Active>TRUE</Active>
  </PageList>
  <PageList>
    <ID>29</ID>
    <LabelMstID>ACM_FUNCTION_MST</LabelMstID>
    <FieldName>URLREWRITE</FieldName>
    <LabelID>lblURLREWRITE1s</LabelID>
    <LabelName>URLrewrite</LabelName>
    <LangID>3</LangID>
    <COUNTRYID>8</COUNTRYID>
    <LANGDISP>fr-FR</LANGDISP>
    <Active>TRUE</Active>
  </PageList>
  <PageList>
    <ID>30</ID>
    <LabelMstID>ACM_FUNCTION_MST</LabelMstID>
    <FieldName>URLREWRITE</FieldName>
    <LabelID>lblURLREWRITE2h</LabelID>
    <LabelName>أورلريوريتي</LabelName>
    <LangID>2</LangID>
    <COUNTRYID>8</COUNTRYID>
    <LANGDISP>ar-KW</LANGDISP>
    <Active>TRUE</Active>
  </PageList>
  <PageList>
    <ID>31</ID>
    <LabelMstID>ACM_FUNCTION_MST</LabelMstID>
    <FieldName>MENU_LOCATION</FieldName>
    <LabelID>lblMENU_LOCATION1s</LabelID>
    <LabelName>Menu location</LabelName>
    <LangID>1</LangID>
    <COUNTRYID>8</COUNTRYID>
    <LANGDISP>en-US</LANGDISP>
    <Active>TRUE</Active>
  </PageList>
  <PageList>
    <ID>32</ID>
    <LabelMstID>ACM_FUNCTION_MST</LabelMstID>
    <FieldName>MENU_LOCATION</FieldName>
    <LabelID>lblMENU_LOCATION1s</LabelID>
    <LabelName>Emplacement du menu</LabelName>
    <LangID>3</LangID>
    <COUNTRYID>8</COUNTRYID>
    <LANGDISP>fr-FR</LANGDISP>
    <Active>TRUE</Active>
  </PageList>
  <PageList>
    <ID>33</ID>
    <LabelMstID>ACM_FUNCTION_MST</LabelMstID>
    <FieldName>MENU_LOCATION</FieldName>
    <LabelID>lblMENU_LOCATION2h</LabelID>
    <LabelName>موقع القائمة</LabelName>
    <LangID>2</LangID>
    <COUNTRYID>8</COUNTRYID>
    <LANGDISP>ar-KW</LANGDISP>
    <Active>TRUE</Active>
  </PageList>
  <PageList>
    <ID>34</ID>
    <LabelMstID>ACM_FUNCTION_MST</LabelMstID>
    <FieldName>MENU_ORDER</FieldName>
    <LabelID>lblMENU_ORDER1s</LabelID>
    <LabelName>Menu order</LabelName>
    <LangID>1</LangID>
    <COUNTRYID>8</COUNTRYID>
    <LANGDISP>en-US</LANGDISP>
    <Active>TRUE</Active>
  </PageList>
  <PageList>
    <ID>35</ID>
    <LabelMstID>ACM_FUNCTION_MST</LabelMstID>
    <FieldName>MENU_ORDER</FieldName>
    <LabelID>lblMENU_ORDER1s</LabelID>
    <LabelName>Commande de menu</LabelName>
    <LangID>3</LangID>
    <COUNTRYID>8</COUNTRYID>
    <LANGDISP>fr-FR</LANGDISP>
    <Active>TRUE</Active>
  </PageList>
  <PageList>
    <ID>36</ID>
    <LabelMstID>ACM_FUNCTION_MST</LabelMstID>
    <FieldName>MENU_ORDER</FieldName>
    <LabelID>lblMENU_ORDER2h</LabelID>
    <LabelName>قائمة النظام</LabelName>
    <LangID>2</LangID>
    <COUNTRYID>8</COUNTRYID>
    <LANGDISP>ar-KW</LANGDISP>
    <Active>TRUE</Active>
  </PageList>
  <PageList>
    <ID>37</ID>
    <LabelMstID>ACM_FUNCTION_MST</LabelMstID>
    <FieldName>DOC_PARENT</FieldName>
    <LabelID>lblDOC_PARENT1s</LabelID>
    <LabelName>Doc parent</LabelName>
    <LangID>1</LangID>
    <COUNTRYID>8</COUNTRYID>
    <LANGDISP>en-US</LANGDISP>
    <Active>TRUE</Active>
  </PageList>
  <PageList>
    <ID>38</ID>
    <LabelMstID>ACM_FUNCTION_MST</LabelMstID>
    <FieldName>DOC_PARENT</FieldName>
    <LabelID>lblDOC_PARENT1s</LabelID>
    <LabelName>Parent de doc</LabelName>
    <LangID>3</LangID>
    <COUNTRYID>8</COUNTRYID>
    <LANGDISP>fr-FR</LANGDISP>
    <Active>TRUE</Active>
  </PageList>
  <PageList>
    <ID>39</ID>
    <LabelMstID>ACM_FUNCTION_MST</LabelMstID>
    <FieldName>DOC_PARENT</FieldName>
    <LabelID>lblDOC_PARENT2h</LabelID>
    <LabelName>الأصل دوك</LabelName>
    <LangID>2</LangID>
    <COUNTRYID>8</COUNTRYID>
    <LANGDISP>ar-KW</LANGDISP>
    <Active>TRUE</Active>
  </PageList>
  <PageList>
    <ID>40</ID>
    <LabelMstID>ACM_FUNCTION_MST</LabelMstID>
    <FieldName>CRUP_ID</FieldName>
    <LabelID>lblCRUP_ID1s</LabelID>
    <LabelName>ACM_FUNCTION_MST</LabelName>
    <LangID>1</LangID>
    <COUNTRYID>8</COUNTRYID>
    <LANGDISP>en-US</LANGDISP>
    <Active>TRUE</Active>
  </PageList>
  <PageList>
    <ID>41</ID>
    <LabelMstID>ACM_FUNCTION_MST</LabelMstID>
    <FieldName>CRUP_ID</FieldName>
    <LabelID>lblCRUP_ID1s</LabelID>
    <LabelName>Crup nom</LabelName>
    <LangID>3</LangID>
    <COUNTRYID>8</COUNTRYID>
    <LANGDISP>fr-FR</LANGDISP>
    <Active>TRUE</Active>
  </PageList>
  <PageList>
    <ID>42</ID>
    <LabelMstID>ACM_FUNCTION_MST</LabelMstID>
    <FieldName>CRUP_ID</FieldName>
    <LabelID>lblCRUP_ID2h</LabelID>
    <LabelName>اسم Crup</LabelName>
    <LangID>2</LangID>
    <COUNTRYID>8</COUNTRYID>
    <LANGDISP>ar-KW</LANGDISP>
    <Active>TRUE</Active>
  </PageList>
  <PageList>
    <ID>43</ID>
    <LabelMstID>ACM_FUNCTION_MST</LabelMstID>
    <FieldName>ADDFLAGE</FieldName>
    <LabelID>lblADDFLAGE1s</LabelID>
    <LabelName>Addflage</LabelName>
    <LangID>1</LangID>
    <COUNTRYID>8</COUNTRYID>
    <LANGDISP>en-US</LANGDISP>
    <Active>TRUE</Active>
  </PageList>
  <PageList>
    <ID>44</ID>
    <LabelMstID>ACM_FUNCTION_MST</LabelMstID>
    <FieldName>ADDFLAGE</FieldName>
    <LabelID>lblADDFLAGE1s</LabelID>
    <LabelName>Addflage</LabelName>
    <LangID>3</LangID>
    <COUNTRYID>8</COUNTRYID>
    <LANGDISP>fr-FR</LANGDISP>
    <Active>TRUE</Active>
  </PageList>
  <PageList>
    <ID>45</ID>
    <LabelMstID>ACM_FUNCTION_MST</LabelMstID>
    <FieldName>ADDFLAGE</FieldName>
    <LabelID>lblADDFLAGE2h</LabelID>
    <LabelName>أدفلاجي</LabelName>
    <LangID>2</LangID>
    <COUNTRYID>8</COUNTRYID>
    <LANGDISP>ar-KW</LANGDISP>
    <Active>TRUE</Active>
  </PageList>
  <PageList>
    <ID>46</ID>
    <LabelMstID>ACM_FUNCTION_MST</LabelMstID>
    <FieldName>EDITFLAGE</FieldName>
    <LabelID>lblEDITFLAGE1s</LabelID>
    <LabelName>Editflage</LabelName>
    <LangID>1</LangID>
    <COUNTRYID>8</COUNTRYID>
    <LANGDISP>en-US</LANGDISP>
    <Active>TRUE</Active>
  </PageList>
  <PageList>
    <ID>47</ID>
    <LabelMstID>ACM_FUNCTION_MST</LabelMstID>
    <FieldName>EDITFLAGE</FieldName>
    <LabelID>lblEDITFLAGE1s</LabelID>
    <LabelName>Editflage</LabelName>
    <LangID>3</LangID>
    <COUNTRYID>8</COUNTRYID>
    <LANGDISP>fr-FR</LANGDISP>
    <Active>TRUE</Active>
  </PageList>
  <PageList>
    <ID>48</ID>
    <LabelMstID>ACM_FUNCTION_MST</LabelMstID>
    <FieldName>EDITFLAGE</FieldName>
    <LabelID>lblEDITFLAGE2h</LabelID>
    <LabelName>اديتفلاجي</LabelName>
    <LangID>2</LangID>
    <COUNTRYID>8</COUNTRYID>
    <LANGDISP>ar-KW</LANGDISP>
    <Active>TRUE</Active>
  </PageList>
  <PageList>
    <ID>49</ID>
    <LabelMstID>ACM_FUNCTION_MST</LabelMstID>
    <FieldName>DELFLAGE</FieldName>
    <LabelID>lblDELFLAGE1s</LabelID>
    <LabelName>Delflage</LabelName>
    <LangID>1</LangID>
    <COUNTRYID>8</COUNTRYID>
    <LANGDISP>en-US</LANGDISP>
    <Active>TRUE</Active>
  </PageList>
  <PageList>
    <ID>50</ID>
    <LabelMstID>ACM_FUNCTION_MST</LabelMstID>
    <FieldName>DELFLAGE</FieldName>
    <LabelID>lblDELFLAGE1s</LabelID>
    <LabelName>Delflage</LabelName>
    <LangID>3</LangID>
    <COUNTRYID>8</COUNTRYID>
    <LANGDISP>fr-FR</LANGDISP>
    <Active>TRUE</Active>
  </PageList>
  <PageList>
    <ID>51</ID>
    <LabelMstID>ACM_FUNCTION_MST</LabelMstID>
    <FieldName>DELFLAGE</FieldName>
    <LabelID>lblDELFLAGE2h</LabelID>
    <LabelName>ديلفلاجي</LabelName>
    <LangID>2</LangID>
    <COUNTRYID>8</COUNTRYID>
    <LANGDISP>ar-KW</LANGDISP>
    <Active>TRUE</Active>
  </PageList>
  <PageList>
    <ID>52</ID>
    <LabelMstID>ACM_FUNCTION_MST</LabelMstID>
    <FieldName>PRINTFLAGE</FieldName>
    <LabelID>lblPRINTFLAGE1s</LabelID>
    <LabelName>Printflage</LabelName>
    <LangID>1</LangID>
    <COUNTRYID>8</COUNTRYID>
    <LANGDISP>en-US</LANGDISP>
    <Active>TRUE</Active>
  </PageList>
  <PageList>
    <ID>53</ID>
    <LabelMstID>ACM_FUNCTION_MST</LabelMstID>
    <FieldName>PRINTFLAGE</FieldName>
    <LabelID>lblPRINTFLAGE1s</LabelID>
    <LabelName>Printflage</LabelName>
    <LangID>3</LangID>
    <COUNTRYID>8</COUNTRYID>
    <LANGDISP>fr-FR</LANGDISP>
    <Active>TRUE</Active>
  </PageList>
  <PageList>
    <ID>54</ID>
    <LabelMstID>ACM_FUNCTION_MST</LabelMstID>
    <FieldName>PRINTFLAGE</FieldName>
    <LabelID>lblPRINTFLAGE2h</LabelID>
    <LabelName>برينتفلاجي</LabelName>
    <LangID>2</LangID>
    <COUNTRYID>8</COUNTRYID>
    <LANGDISP>ar-KW</LANGDISP>
    <Active>TRUE</Active>
  </PageList>
  <PageList>
    <ID>55</ID>
    <LabelMstID>ACM_FUNCTION_MST</LabelMstID>
    <FieldName>AMIGLOBALE</FieldName>
    <LabelID>lblAMIGLOBALE1s</LabelID>
    <LabelName>Amiglobale</LabelName>
    <LangID>1</LangID>
    <COUNTRYID>8</COUNTRYID>
    <LANGDISP>en-US</LANGDISP>
    <Active>TRUE</Active>
  </PageList>
  <PageList>
    <ID>56</ID>
    <LabelMstID>ACM_FUNCTION_MST</LabelMstID>
    <FieldName>AMIGLOBALE</FieldName>
    <LabelID>lblAMIGLOBALE1s</LabelID>
    <LabelName>Amiglobale</LabelName>
    <LangID>3</LangID>
    <COUNTRYID>8</COUNTRYID>
    <LANGDISP>fr-FR</LANGDISP>
    <Active>TRUE</Active>
  </PageList>
  <PageList>
    <ID>57</ID>
    <LabelMstID>ACM_FUNCTION_MST</LabelMstID>
    <FieldName>AMIGLOBALE</FieldName>
    <LabelID>lblAMIGLOBALE2h</LabelID>
    <LabelName>أميجلوبالي</LabelName>
    <LangID>2</LangID>
    <COUNTRYID>8</COUNTRYID>
    <LANGDISP>ar-KW</LANGDISP>
    <Active>TRUE</Active>
  </PageList>
  <PageList>
    <ID>58</ID>
    <LabelMstID>ACM_FUNCTION_MST</LabelMstID>
    <FieldName>MYPERSONAL</FieldName>
    <LabelID>lblMYPERSONAL1s</LabelID>
    <LabelName>Mypersonal</LabelName>
    <LangID>1</LangID>
    <COUNTRYID>8</COUNTRYID>
    <LANGDISP>en-US</LANGDISP>
    <Active>TRUE</Active>
  </PageList>
  <PageList>
    <ID>59</ID>
    <LabelMstID>ACM_FUNCTION_MST</LabelMstID>
    <FieldName>MYPERSONAL</FieldName>
    <LabelID>lblMYPERSONAL1s</LabelID>
    <LabelName>Mypersonal</LabelName>
    <LangID>3</LangID>
    <COUNTRYID>8</COUNTRYID>
    <LANGDISP>fr-FR</LANGDISP>
    <Active>TRUE</Active>
  </PageList>
  <PageList>
    <ID>60</ID>
    <LabelMstID>ACM_FUNCTION_MST</LabelMstID>
    <FieldName>MYPERSONAL</FieldName>
    <LabelID>lblMYPERSONAL2h</LabelID>
    <LabelName>ميبيرسونال</LabelName>
    <LangID>2</LangID>
    <COUNTRYID>8</COUNTRYID>
    <LANGDISP>ar-KW</LANGDISP>
    <Active>TRUE</Active>
  </PageList>
  <PageList>
    <ID>61</ID>
    <LabelMstID>ACM_FUNCTION_MST</LabelMstID>
    <FieldName>SMALLTEXT</FieldName>
    <LabelID>lblSMALLTEXT1s</LabelID>
    <LabelName>Smalltext</LabelName>
    <LangID>1</LangID>
    <COUNTRYID>8</COUNTRYID>
    <LANGDISP>en-US</LANGDISP>
    <Active>TRUE</Active>
  </PageList>
  <PageList>
    <ID>62</ID>
    <LabelMstID>ACM_FUNCTION_MST</LabelMstID>
    <FieldName>SMALLTEXT</FieldName>
    <LabelID>lblSMALLTEXT1s</LabelID>
    <LabelName>Quotidien</LabelName>
    <LangID>3</LangID>
    <COUNTRYID>8</COUNTRYID>
    <LANGDISP>fr-FR</LANGDISP>
    <Active>TRUE</Active>
  </PageList>
  <PageList>
    <ID>63</ID>
    <LabelMstID>ACM_FUNCTION_MST</LabelMstID>
    <FieldName>SMALLTEXT</FieldName>
    <LabelID>lblSMALLTEXT2h</LabelID>
    <LabelName>سمالتيكست</LabelName>
    <LangID>2</LangID>
    <COUNTRYID>8</COUNTRYID>
    <LANGDISP>ar-KW</LANGDISP>
    <Active>TRUE</Active>
  </PageList>
  <PageList>
    <ID>64</ID>
    <LabelMstID>ACM_FUNCTION_MST</LabelMstID>
    <FieldName>ACTIVETILLDATE</FieldName>
    <LabelID>lblACTIVETILLDATE1s</LabelID>
    <LabelName>Active From Date</LabelName>
    <LangID>1</LangID>
    <COUNTRYID>8</COUNTRYID>
    <LANGDISP>en-US</LANGDISP>
    <Active>TRUE</Active>
  </PageList>
  <PageList>
    <ID>65</ID>
    <LabelMstID>ACM_FUNCTION_MST</LabelMstID>
    <FieldName>ACTIVETILLDATE</FieldName>
    <LabelID>lblACTIVETILLDATE1s</LabelID>
    <LabelName>Activetilldate</LabelName>
    <LangID>3</LangID>
    <COUNTRYID>8</COUNTRYID>
    <LANGDISP>fr-FR</LANGDISP>
    <Active>TRUE</Active>
  </PageList>
  <PageList>
    <ID>66</ID>
    <LabelMstID>ACM_FUNCTION_MST</LabelMstID>
    <FieldName>ACTIVETILLDATE</FieldName>
    <LabelID>lblACTIVETILLDATE2h</LabelID>
    <LabelName>أكتيفيتيلداتي</LabelName>
    <LangID>2</LangID>
    <COUNTRYID>8</COUNTRYID>
    <LANGDISP>ar-KW</LANGDISP>
    <Active>TRUE</Active>
  </PageList>
  <PageList>
    <ID>67</ID>
    <LabelMstID>ACM_FUNCTION_MST</LabelMstID>
    <FieldName>ICONPATH</FieldName>
    <LabelID>lblICONPATH1s</LabelID>
    <LabelName>Iconpath</LabelName>
    <LangID>1</LangID>
    <COUNTRYID>8</COUNTRYID>
    <LANGDISP>en-US</LANGDISP>
    <Active>TRUE</Active>
  </PageList>
  <PageList>
    <ID>68</ID>
    <LabelMstID>ACM_FUNCTION_MST</LabelMstID>
    <FieldName>ICONPATH</FieldName>
    <LabelID>lblICONPATH1s</LabelID>
    <LabelName>IconPath</LabelName>
    <LangID>3</LangID>
    <COUNTRYID>8</COUNTRYID>
    <LANGDISP>fr-FR</LANGDISP>
    <Active>TRUE</Active>
  </PageList>
  <PageList>
    <ID>69</ID>
    <LabelMstID>ACM_FUNCTION_MST</LabelMstID>
    <FieldName>ICONPATH</FieldName>
    <LabelID>lblICONPATH2h</LabelID>
    <LabelName>إيكونباث</LabelName>
    <LangID>2</LangID>
    <COUNTRYID>8</COUNTRYID>
    <LANGDISP>ar-KW</LANGDISP>
    <Active>TRUE</Active>
  </PageList>
  <PageList>
    <ID>70</ID>
    <LabelMstID>ACM_FUNCTION_MST</LabelMstID>
    <FieldName>COMMANLINE</FieldName>
    <LabelID>lblCOMMANLINE1s</LabelID>
    <LabelName>Commanline</LabelName>
    <LangID>1</LangID>
    <COUNTRYID>8</COUNTRYID>
    <LANGDISP>en-US</LANGDISP>
    <Active>TRUE</Active>
  </PageList>
  <PageList>
    <ID>71</ID>
    <LabelMstID>ACM_FUNCTION_MST</LabelMstID>
    <FieldName>COMMANLINE</FieldName>
    <LabelID>lblCOMMANLINE1s</LabelID>
    <LabelName>Commanline</LabelName>
    <LangID>3</LangID>
    <COUNTRYID>8</COUNTRYID>
    <LANGDISP>fr-FR</LANGDISP>
    <Active>TRUE</Active>
  </PageList>
  <PageList>
    <ID>72</ID>
    <LabelMstID>ACM_FUNCTION_MST</LabelMstID>
    <FieldName>COMMANLINE</FieldName>
    <LabelID>lblCOMMANLINE2h</LabelID>
    <LabelName>كومانليني</LabelName>
    <LangID>2</LangID>
    <COUNTRYID>8</COUNTRYID>
    <LANGDISP>ar-KW</LANGDISP>
    <Active>TRUE</Active>
  </PageList>
  <PageList>
    <ID>73</ID>
    <LabelMstID>ACM_FUNCTION_MST</LabelMstID>
    <FieldName>ACTIVE_FLAG</FieldName>
    <LabelID>lblACTIVE_FLAG1s</LabelID>
    <LabelName>Active flag</LabelName>
    <LangID>1</LangID>
    <COUNTRYID>8</COUNTRYID>
    <LANGDISP>en-US</LANGDISP>
    <Active>TRUE</Active>
  </PageList>
  <PageList>
    <ID>74</ID>
    <LabelMstID>ACM_FUNCTION_MST</LabelMstID>
    <FieldName>ACTIVE_FLAG</FieldName>
    <LabelID>lblACTIVE_FLAG1s</LabelID>
    <LabelName>Actif indicateur</LabelName>
    <LangID>3</LangID>
    <COUNTRYID>8</COUNTRYID>
    <LANGDISP>fr-FR</LANGDISP>
    <Active>TRUE</Active>
  </PageList>
  <PageList>
    <ID>75</ID>
    <LabelMstID>ACM_FUNCTION_MST</LabelMstID>
    <FieldName>ACTIVE_FLAG</FieldName>
    <LabelID>lblACTIVE_FLAG2h</LabelID>
    <LabelName>العلم نشط</LabelName>
    <LangID>2</LangID>
    <COUNTRYID>8</COUNTRYID>
    <LANGDISP>ar-KW</LANGDISP>
    <Active>TRUE</Active>
  </PageList>
  <PageList>
    <ID>76</ID>
    <LabelMstID>ACM_FUNCTION_MST</LabelMstID>
    <FieldName>METATITLE</FieldName>
    <LabelID>lblMETATITLE1s</LabelID>
    <LabelName>ACM_FUNCTION_MST</LabelName>
    <LangID>1</LangID>
    <COUNTRYID>8</COUNTRYID>
    <LANGDISP>en-US</LANGDISP>
    <Active>TRUE</Active>
  </PageList>
  <PageList>
    <ID>77</ID>
    <LabelMstID>ACM_FUNCTION_MST</LabelMstID>
    <FieldName>METATITLE</FieldName>
    <LabelID>lblMETATITLE1s</LabelID>
    <LabelName>Metatitle</LabelName>
    <LangID>3</LangID>
    <COUNTRYID>8</COUNTRYID>
    <LANGDISP>fr-FR</LANGDISP>
    <Active>TRUE</Active>
  </PageList>
  <PageList>
    <ID>78</ID>
    <LabelMstID>ACM_FUNCTION_MST</LabelMstID>
    <FieldName>METATITLE</FieldName>
    <LabelID>lblMETATITLE2h</LabelID>
    <LabelName>ميتاتيتلي</LabelName>
    <LangID>2</LangID>
    <COUNTRYID>8</COUNTRYID>
    <LANGDISP>ar-KW</LANGDISP>
    <Active>TRUE</Active>
  </PageList>
  <PageList>
    <ID>79</ID>
    <LabelMstID>ACM_FUNCTION_MST</LabelMstID>
    <FieldName>METAKEYWORD</FieldName>
    <LabelID>lblMETAKEYWORD1s</LabelID>
    <LabelName>Metakeyword</LabelName>
    <LangID>1</LangID>
    <COUNTRYID>8</COUNTRYID>
    <LANGDISP>en-US</LANGDISP>
    <Active>TRUE</Active>
  </PageList>
  <PageList>
    <ID>80</ID>
    <LabelMstID>ACM_FUNCTION_MST</LabelMstID>
    <FieldName>METAKEYWORD</FieldName>
    <LabelID>lblMETAKEYWORD1s</LabelID>
    <LabelName>Metakeyword</LabelName>
    <LangID>3</LangID>
    <COUNTRYID>8</COUNTRYID>
    <LANGDISP>fr-FR</LANGDISP>
    <Active>TRUE</Active>
  </PageList>
  <PageList>
    <ID>81</ID>
    <LabelMstID>ACM_FUNCTION_MST</LabelMstID>
    <FieldName>METAKEYWORD</FieldName>
    <LabelID>lblMETAKEYWORD2h</LabelID>
    <LabelName>ميتاكييوورد</LabelName>
    <LangID>2</LangID>
    <COUNTRYID>8</COUNTRYID>
    <LANGDISP>ar-KW</LANGDISP>
    <Active>TRUE</Active>
  </PageList>
  <PageList>
    <ID>82</ID>
    <LabelMstID>ACM_FUNCTION_MST</LabelMstID>
    <FieldName>METADESCRIPTION</FieldName>
    <LabelID>lblMETADESCRIPTION1s</LabelID>
    <LabelName>Metadescription</LabelName>
    <LangID>1</LangID>
    <COUNTRYID>8</COUNTRYID>
    <LANGDISP>en-US</LANGDISP>
    <Active>TRUE</Active>
  </PageList>
  <PageList>
    <ID>83</ID>
    <LabelMstID>ACM_FUNCTION_MST</LabelMstID>
    <FieldName>METADESCRIPTION</FieldName>
    <LabelID>lblMETADESCRIPTION1s</LabelID>
    <LabelName>MetaDescription</LabelName>
    <LangID>3</LangID>
    <COUNTRYID>8</COUNTRYID>
    <LANGDISP>fr-FR</LANGDISP>
    <Active>TRUE</Active>
  </PageList>
  <PageList>
    <ID>84</ID>
    <LabelMstID>ACM_FUNCTION_MST</LabelMstID>
    <FieldName>METADESCRIPTION</FieldName>
    <LabelID>lblMETADESCRIPTION2h</LabelID>
    <LabelName>ميتاديسكريبشن</LabelName>
    <LangID>2</LangID>
    <COUNTRYID>8</COUNTRYID>
    <LANGDISP>ar-KW</LANGDISP>
    <Active>TRUE</Active>
  </PageList>
  <PageList>
    <ID>85</ID>
    <LabelMstID>ACM_FUNCTION_MST</LabelMstID>
    <FieldName>HEADERVISIBLEDATA</FieldName>
    <LabelID>lblHEADERVISIBLEDATA1s</LabelID>
    <LabelName>Headervisibledata</LabelName>
    <LangID>1</LangID>
    <COUNTRYID>8</COUNTRYID>
    <LANGDISP>en-US</LANGDISP>
    <Active>TRUE</Active>
  </PageList>
  <PageList>
    <ID>86</ID>
    <LabelMstID>ACM_FUNCTION_MST</LabelMstID>
    <FieldName>HEADERVISIBLEDATA</FieldName>
    <LabelID>lblHEADERVISIBLEDATA1s</LabelID>
    <LabelName>Headervisibledata</LabelName>
    <LangID>3</LangID>
    <COUNTRYID>8</COUNTRYID>
    <LANGDISP>fr-FR</LANGDISP>
    <Active>TRUE</Active>
  </PageList>
  <PageList>
    <ID>87</ID>
    <LabelMstID>ACM_FUNCTION_MST</LabelMstID>
    <FieldName>HEADERVISIBLEDATA</FieldName>
    <LabelID>lblHEADERVISIBLEDATA2h</LabelID>
    <LabelName>هيديرفيسيبليداتا</LabelName>
    <LangID>2</LangID>
    <COUNTRYID>8</COUNTRYID>
    <LANGDISP>ar-KW</LANGDISP>
    <Active>TRUE</Active>
  </PageList>
  <PageList>
    <ID>88</ID>
    <LabelMstID>ACM_FUNCTION_MST</LabelMstID>
    <FieldName>HEADERINVISIBLEDATA</FieldName>
    <LabelID>lblHEADERINVISIBLEDATA1s</LabelID>
    <LabelName>Headerinvisibledata</LabelName>
    <LangID>1</LangID>
    <COUNTRYID>8</COUNTRYID>
    <LANGDISP>en-US</LANGDISP>
    <Active>TRUE</Active>
  </PageList>
  <PageList>
    <ID>89</ID>
    <LabelMstID>ACM_FUNCTION_MST</LabelMstID>
    <FieldName>HEADERINVISIBLEDATA</FieldName>
    <LabelID>lblHEADERINVISIBLEDATA1s</LabelID>
    <LabelName>Headerinvisibledata</LabelName>
    <LangID>3</LangID>
    <COUNTRYID>8</COUNTRYID>
    <LANGDISP>fr-FR</LANGDISP>
    <Active>TRUE</Active>
  </PageList>
  <PageList>
    <ID>90</ID>
    <LabelMstID>ACM_FUNCTION_MST</LabelMstID>
    <FieldName>HEADERINVISIBLEDATA</FieldName>
    <LabelID>lblHEADERINVISIBLEDATA2h</LabelID>
    <LabelName>هيديرينفيسيبليداتا</LabelName>
    <LangID>2</LangID>
    <COUNTRYID>8</COUNTRYID>
    <LANGDISP>ar-KW</LANGDISP>
    <Active>TRUE</Active>
  </PageList>
  <PageList>
    <ID>91</ID>
    <LabelMstID>ACM_FUNCTION_MST</LabelMstID>
    <FieldName>FOOTERVISIBLEDATA</FieldName>
    <LabelID>lblFOOTERVISIBLEDATA1s</LabelID>
    <LabelName>Footervisibledata</LabelName>
    <LangID>1</LangID>
    <COUNTRYID>8</COUNTRYID>
    <LANGDISP>en-US</LANGDISP>
    <Active>TRUE</Active>
  </PageList>
  <PageList>
    <ID>92</ID>
    <LabelMstID>ACM_FUNCTION_MST</LabelMstID>
    <FieldName>FOOTERVISIBLEDATA</FieldName>
    <LabelID>lblFOOTERVISIBLEDATA1s</LabelID>
    <LabelName>Footervisibledata</LabelName>
    <LangID>3</LangID>
    <COUNTRYID>8</COUNTRYID>
    <LANGDISP>fr-FR</LANGDISP>
    <Active>TRUE</Active>
  </PageList>
  <PageList>
    <ID>93</ID>
    <LabelMstID>ACM_FUNCTION_MST</LabelMstID>
    <FieldName>FOOTERVISIBLEDATA</FieldName>
    <LabelID>lblFOOTERVISIBLEDATA2h</LabelID>
    <LabelName>فوتيرفيسيبليداتا</LabelName>
    <LangID>2</LangID>
    <COUNTRYID>8</COUNTRYID>
    <LANGDISP>ar-KW</LANGDISP>
    <Active>TRUE</Active>
  </PageList>
  <PageList>
    <ID>94</ID>
    <LabelMstID>ACM_FUNCTION_MST</LabelMstID>
    <FieldName>FOOTERINVISIBLEDATA</FieldName>
    <LabelID>lblFOOTERINVISIBLEDATA1s</LabelID>
    <LabelName>Footerinvisibledata</LabelName>
    <LangID>1</LangID>
    <COUNTRYID>8</COUNTRYID>
    <LANGDISP>en-US</LANGDISP>
    <Active>TRUE</Active>
  </PageList>
  <PageList>
    <ID>95</ID>
    <LabelMstID>ACM_FUNCTION_MST</LabelMstID>
    <FieldName>FOOTERINVISIBLEDATA</FieldName>
    <LabelID>lblFOOTERINVISIBLEDATA1s</LabelID>
    <LabelName>Footerinvisibledata</LabelName>
    <LangID>3</LangID>
    <COUNTRYID>8</COUNTRYID>
    <LANGDISP>fr-FR</LANGDISP>
    <Active>TRUE</Active>
  </PageList>
  <PageList>
    <ID>96</ID>
    <LabelMstID>ACM_FUNCTION_MST</LabelMstID>
    <FieldName>FOOTERINVISIBLEDATA</FieldName>
    <LabelID>lblFOOTERINVISIBLEDATA2h</LabelID>
    <LabelName>فوتيرينفيسيبليداتا</LabelName>
    <LangID>2</LangID>
    <COUNTRYID>8</COUNTRYID>
    <LANGDISP>ar-KW</LANGDISP>
    <Active>TRUE</Active>
  </PageList>
  <PageList>
    <ID>97</ID>
    <LabelMstID>ACM_FUNCTION_MST</LabelMstID>
    <FieldName>REFID</FieldName>
    <LabelID>lblREFID1s</LabelID>
    <LabelName>Ref name</LabelName>
    <LangID>1</LangID>
    <COUNTRYID>8</COUNTRYID>
    <LANGDISP>en-US</LANGDISP>
    <Active>TRUE</Active>
  </PageList>
  <PageList>
    <ID>98</ID>
    <LabelMstID>ACM_FUNCTION_MST</LabelMstID>
    <FieldName>REFID</FieldName>
    <LabelID>lblREFID1s</LabelID>
    <LabelName>Nom de Réf</LabelName>
    <LangID>3</LangID>
    <COUNTRYID>8</COUNTRYID>
    <LANGDISP>fr-FR</LANGDISP>
    <Active>TRUE</Active>
  </PageList>
  <PageList>
    <ID>99</ID>
    <LabelMstID>ACM_FUNCTION_MST</LabelMstID>
    <FieldName>REFID</FieldName>
    <LabelID>lblREFID2h</LabelID>
    <LabelName>اسم المرجع</LabelName>
    <LangID>2</LangID>
    <COUNTRYID>8</COUNTRYID>
    <LANGDISP>ar-KW</LANGDISP>
    <Active>TRUE</Active>
  </PageList>
  <PageList>
    <ID>100</ID>
    <LabelMstID>ACM_FUNCTION_MST</LabelMstID>
    <FieldName>MYBUSID</FieldName>
    <LabelID>lblMYBUSID1s</LabelID>
    <LabelName>Mybus name</LabelName>
    <LangID>1</LangID>
    <COUNTRYID>8</COUNTRYID>
    <LANGDISP>en-US</LANGDISP>
    <Active>TRUE</Active>
  </PageList>
  <PageList>
    <ID>101</ID>
    <LabelMstID>ACM_FUNCTION_MST</LabelMstID>
    <FieldName>MYBUSID</FieldName>
    <LabelID>lblMYBUSID1s</LabelID>
    <LabelName>Mybus nom</LabelName>
    <LangID>3</LangID>
    <COUNTRYID>8</COUNTRYID>
    <LANGDISP>fr-FR</LANGDISP>
    <Active>TRUE</Active>
  </PageList>
  <PageList>
    <ID>102</ID>
    <LabelMstID>ACM_FUNCTION_MST</LabelMstID>
    <FieldName>MYBUSID</FieldName>
    <LabelID>lblMYBUSID2h</LabelID>
    <LabelName>اسم ميبوس</LabelName>
    <LangID>2</LangID>
    <COUNTRYID>8</COUNTRYID>
    <LANGDISP>ar-KW</LANGDISP>
    <Active>TRUE</Active>
  </PageList>
  <PageList>
    <ID>103</ID>
    <LabelMstID>ACM_FUNCTION_MST</LabelMstID>
    <FieldName>NULL</FieldName>
    <LabelID>lblHeader1s</LabelID>
    <LabelName>ACM_FUNCTION_MST</LabelName>
    <LangID>1</LangID>
    <COUNTRYID>8</COUNTRYID>
    <LANGDISP>en-US</LANGDISP>
    <Active>TRUE</Active>
  </PageList>
  <PageList>
    <ID>104</ID>
    <LabelMstID>ACM_FUNCTION_MST</LabelMstID>
    <FieldName>NULL</FieldName>
    <LabelID>lblHeader1s</LabelID>
    <LabelName>ACM_FUNCTION_MST</LabelName>
    <LangID>3</LangID>
    <COUNTRYID>8</COUNTRYID>
    <LANGDISP>fr-FR</LANGDISP>
    <Active>TRUE</Active>
  </PageList>
  <PageList>
    <ID>105</ID>
    <LabelMstID>ACM_FUNCTION_MST</LabelMstID>
    <FieldName>NULL</FieldName>
    <LabelID>lblHeader2h</LabelID>
    <LabelName>ACM_FUNCTION_MST</LabelName>
    <LangID>2</LangID>
    <COUNTRYID>8</COUNTRYID>
    <LANGDISP>ar-KW</LANGDISP>
    <Active>TRUE</Active>
  </PageList>
</TBLLabelDTL>