<?xml version="1.0" standalone="yes"?>
<TBLLabelDTL>
<PageList><ID>1</ID><LabelMstID>Forum</LabelMstID><FieldName>ID</FieldName><LabelID>lblID1s</LabelID><LabelName>Name</LabelName><LangID>1</LangID><COUNTRYID>8</COUNTRYID><LANGDISP>en-US</LANGDISP><Active>TRUE</Active></PageList> 
<PageList><ID>2</ID><LabelMstID>Forum</LabelMstID><FieldName>ID</FieldName><LabelID>lblID1s</LabelID><LabelName>Nom</LabelName><LangID>3</LangID><COUNTRYID>8</COUNTRYID><LANGDISP>fr-FR</LANGDISP><Active>TRUE</Active></PageList> 
<PageList><ID>3</ID><LabelMstID>Forum</LabelMstID><FieldName>ID</FieldName><LabelID>lblID2h</LabelID><LabelName>الاسم</LabelName><LangID>2</LangID><COUNTRYID>8</COUNTRYID><LANGDISP>ar-KW</LANGDISP><Active>TRUE</Active></PageList> 
<PageList><ID>4</ID><LabelMstID>Forum</LabelMstID><FieldName>ForumTopic</FieldName><LabelID>lblForumTopic1s</LabelID><LabelName>ForumTopic</LabelName><LangID>1</LangID><COUNTRYID>8</COUNTRYID><LANGDISP>en-US</LANGDISP><Active>TRUE</Active></PageList> 
<PageList><ID>5</ID><LabelMstID>Forum</LabelMstID><FieldName>ForumTopic</FieldName><LabelID>lblForumTopic1s</LabelID><LabelName>ForumTopic</LabelName><LangID>3</LangID><COUNTRYID>8</COUNTRYID><LANGDISP>fr-FR</LANGDISP><Active>TRUE</Active></PageList> 
<PageList><ID>6</ID><LabelMstID>Forum</LabelMstID><FieldName>ForumTopic</FieldName><LabelID>lblForumTopic2h</LabelID><LabelName>فورومتوبيك</LabelName><LangID>2</LangID><COUNTRYID>8</COUNTRYID><LANGDISP>ar-KW</LANGDISP><Active>TRUE</Active></PageList> 
<PageList><ID>7</ID><LabelMstID>Forum</LabelMstID><FieldName>Description</FieldName><LabelID>lblDescription1s</LabelID><LabelName>Description</LabelName><LangID>1</LangID><COUNTRYID>8</COUNTRYID><LANGDISP>en-US</LANGDISP><Active>TRUE</Active></PageList> 
<PageList><ID>8</ID><LabelMstID>Forum</LabelMstID><FieldName>Description</FieldName><LabelID>lblDescription1s</LabelID><LabelName>Description</LabelName><LangID>3</LangID><COUNTRYID>8</COUNTRYID><LANGDISP>fr-FR</LANGDISP><Active>TRUE</Active></PageList> 
<PageList><ID>9</ID><LabelMstID>Forum</LabelMstID><FieldName>Description</FieldName><LabelID>lblDescription2h</LabelID><LabelName>الوصف</LabelName><LangID>2</LangID><COUNTRYID>8</COUNTRYID><LANGDISP>ar-KW</LANGDISP><Active>TRUE</Active></PageList> 
<PageList><ID>10</ID><LabelMstID>Forum</LabelMstID><FieldName>CategoryID</FieldName><LabelID>lblCategoryID1s</LabelID><LabelName>Category Name</LabelName><LangID>1</LangID><COUNTRYID>8</COUNTRYID><LANGDISP>en-US</LANGDISP><Active>TRUE</Active></PageList> 
<PageList><ID>11</ID><LabelMstID>Forum</LabelMstID><FieldName>CategoryID</FieldName><LabelID>lblCategoryID1s</LabelID><LabelName>Nom de la catégorie</LabelName><LangID>3</LangID><COUNTRYID>8</COUNTRYID><LANGDISP>fr-FR</LANGDISP><Active>TRUE</Active></PageList> 
<PageList><ID>12</ID><LabelMstID>Forum</LabelMstID><FieldName>CategoryID</FieldName><LabelID>lblCategoryID2h</LabelID><LabelName>اسم الفئة</LabelName><LangID>2</LangID><COUNTRYID>8</COUNTRYID><LANGDISP>ar-KW</LANGDISP><Active>TRUE</Active></PageList> 
<PageList><ID>13</ID><LabelMstID>Forum</LabelMstID><FieldName>UserID</FieldName><LabelID>lblUserID1s</LabelID><LabelName>User Name</LabelName><LangID>1</LangID><COUNTRYID>8</COUNTRYID><LANGDISP>en-US</LANGDISP><Active>TRUE</Active></PageList> 
<PageList><ID>14</ID><LabelMstID>Forum</LabelMstID><FieldName>UserID</FieldName><LabelID>lblUserID1s</LabelID><LabelName>Nom d’utilisateur</LabelName><LangID>3</LangID><COUNTRYID>8</COUNTRYID><LANGDISP>fr-FR</LANGDISP><Active>TRUE</Active></PageList> 
<PageList><ID>15</ID><LabelMstID>Forum</LabelMstID><FieldName>UserID</FieldName><LabelID>lblUserID2h</LabelID><LabelName>اسم المستخدم</LabelName><LangID>2</LangID><COUNTRYID>8</COUNTRYID><LANGDISP>ar-KW</LANGDISP><Active>TRUE</Active></PageList> 
<PageList><ID>16</ID><LabelMstID>Forum</LabelMstID><FieldName>Active</FieldName><LabelID>lblActive1s</LabelID><LabelName>Active</LabelName><LangID>1</LangID><COUNTRYID>8</COUNTRYID><LANGDISP>en-US</LANGDISP><Active>TRUE</Active></PageList> 
<PageList><ID>17</ID><LabelMstID>Forum</LabelMstID><FieldName>Active</FieldName><LabelID>lblActive1s</LabelID><LabelName>Actif</LabelName><LangID>3</LangID><COUNTRYID>8</COUNTRYID><LANGDISP>fr-FR</LANGDISP><Active>TRUE</Active></PageList> 
<PageList><ID>18</ID><LabelMstID>Forum</LabelMstID><FieldName>Active</FieldName><LabelID>lblActive2h</LabelID><LabelName>النشطة</LabelName><LangID>2</LangID><COUNTRYID>8</COUNTRYID><LANGDISP>ar-KW</LANGDISP><Active>TRUE</Active></PageList> 
<PageList><ID>19</ID><LabelMstID>Forum</LabelMstID><FieldName>DateTime</FieldName><LabelID>lblDateTime1s</LabelID><LabelName>DateTime</LabelName><LangID>1</LangID><COUNTRYID>8</COUNTRYID><LANGDISP>en-US</LANGDISP><Active>TRUE</Active></PageList> 
<PageList><ID>20</ID><LabelMstID>Forum</LabelMstID><FieldName>DateTime</FieldName><LabelID>lblDateTime1s</LabelID><LabelName>DateTime</LabelName><LangID>3</LangID><COUNTRYID>8</COUNTRYID><LANGDISP>fr-FR</LANGDISP><Active>TRUE</Active></PageList> 
<PageList><ID>21</ID><LabelMstID>Forum</LabelMstID><FieldName>DateTime</FieldName><LabelID>lblDateTime2h</LabelID><LabelName>التاريخ والوقت</LabelName><LangID>2</LangID><COUNTRYID>8</COUNTRYID><LANGDISP>ar-KW</LANGDISP><Active>TRUE</Active></PageList> 
<PageList><ID>22</ID><LabelMstID>Forum</LabelMstID><FieldName>Deleted</FieldName><LabelID>lblDeleted1s</LabelID><LabelName>Deleted</LabelName><LangID>1</LangID><COUNTRYID>8</COUNTRYID><LANGDISP>en-US</LANGDISP><Active>TRUE</Active></PageList> 
<PageList><ID>23</ID><LabelMstID>Forum</LabelMstID><FieldName>Deleted</FieldName><LabelID>lblDeleted1s</LabelID><LabelName>Supprimé</LabelName><LangID>3</LangID><COUNTRYID>8</COUNTRYID><LANGDISP>fr-FR</LANGDISP><Active>TRUE</Active></PageList> 
<PageList><ID>24</ID><LabelMstID>Forum</LabelMstID><FieldName>Deleted</FieldName><LabelID>lblDeleted2h</LabelID><LabelName>حذف</LabelName><LangID>2</LangID><COUNTRYID>8</COUNTRYID><LANGDISP>ar-KW</LANGDISP><Active>TRUE</Active></PageList> 
<PageList><ID>25</ID><LabelMstID>Forum</LabelMstID><FieldName>Visited</FieldName><LabelID>lblVisited1s</LabelID><LabelName>Visited</LabelName><LangID>1</LangID><COUNTRYID>8</COUNTRYID><LANGDISP>en-US</LANGDISP><Active>TRUE</Active></PageList> 
<PageList><ID>26</ID><LabelMstID>Forum</LabelMstID><FieldName>Visited</FieldName><LabelID>lblVisited1s</LabelID><LabelName>Visité</LabelName><LangID>3</LangID><COUNTRYID>8</COUNTRYID><LANGDISP>fr-FR</LANGDISP><Active>TRUE</Active></PageList> 
<PageList><ID>27</ID><LabelMstID>Forum</LabelMstID><FieldName>Visited</FieldName><LabelID>lblVisited2h</LabelID><LabelName>وزار</LabelName><LangID>2</LangID><COUNTRYID>8</COUNTRYID><LANGDISP>ar-KW</LANGDISP><Active>TRUE</Active></PageList> 
<PageList><ID>28</ID><LabelMstID>Forum</LabelMstID><FieldName>DisplayName</FieldName><LabelID>lblDisplayName1s</LabelID><LabelName>Display Name</LabelName><LangID>1</LangID><COUNTRYID>8</COUNTRYID><LANGDISP>en-US</LANGDISP><Active>TRUE</Active></PageList> 
<PageList><ID>29</ID><LabelMstID>Forum</LabelMstID><FieldName>DisplayName</FieldName><LabelID>lblDisplayName1s</LabelID><LabelName>Nom d’affichage</LabelName><LangID>3</LangID><COUNTRYID>8</COUNTRYID><LANGDISP>fr-FR</LANGDISP><Active>TRUE</Active></PageList> 
<PageList><ID>30</ID><LabelMstID>Forum</LabelMstID><FieldName>DisplayName</FieldName><LabelID>lblDisplayName2h</LabelID><LabelName>اسم العرض</LabelName><LangID>2</LangID><COUNTRYID>8</COUNTRYID><LANGDISP>ar-KW</LANGDISP><Active>TRUE</Active></PageList> 
<PageList><ID>31</ID><LabelMstID>Forum</LabelMstID><FieldName>Avtar</FieldName><LabelID>lblAvtar1s</LabelID><LabelName>Avtar</LabelName><LangID>1</LangID><COUNTRYID>8</COUNTRYID><LANGDISP>en-US</LANGDISP><Active>TRUE</Active></PageList> 
<PageList><ID>32</ID><LabelMstID>Forum</LabelMstID><FieldName>Avtar</FieldName><LabelID>lblAvtar1s</LabelID><LabelName>Avtar</LabelName><LangID>3</LangID><COUNTRYID>8</COUNTRYID><LANGDISP>fr-FR</LANGDISP><Active>TRUE</Active></PageList> 
<PageList><ID>33</ID><LabelMstID>Forum</LabelMstID><FieldName>Avtar</FieldName><LabelID>lblAvtar2h</LabelID><LabelName>افتار</LabelName><LangID>2</LangID><COUNTRYID>8</COUNTRYID><LANGDISP>ar-KW</LANGDISP><Active>TRUE</Active></PageList> 
<PageList><ID>34</ID><LabelMstID>Forum</LabelMstID><FieldName>NULL</FieldName><LabelID>lblHeader1s</LabelID><LabelName>Forum</LabelName><LangID>1</LangID><COUNTRYID>8</COUNTRYID><LANGDISP>en-US</LANGDISP><Active>TRUE</Active></PageList> 
<PageList><ID>35</ID><LabelMstID>Forum</LabelMstID><FieldName>NULL</FieldName><LabelID>lblHeader1s</LabelID><LabelName>Forum</LabelName><LangID>3</LangID><COUNTRYID>8</COUNTRYID><LANGDISP>fr-FR</LANGDISP><Active>TRUE</Active></PageList> 
<PageList><ID>36</ID><LabelMstID>Forum</LabelMstID><FieldName>NULL</FieldName><LabelID>lblHeader2h</LabelID><LabelName>المنتدى</LabelName><LangID>2</LangID><COUNTRYID>8</COUNTRYID><LANGDISP>ar-KW</LANGDISP><Active>TRUE</Active></PageList> 

</TBLLabelDTL>