<?xml version="1.0" standalone="yes"?>
<TBLLabelDTL>
<PageList><ID>1</ID><LabelMstID>tbltranssubtype</LabelMstID><FieldName>TenantID</FieldName><LabelID>lblTenantID1s</LabelID><LabelName>Tenant name</LabelName><LangID>1</LangID><COUNTRYID>8</COUNTRYID><LANGDISP>en-US</LANGDISP><Active>TRUE</Active></PageList> 
<PageList><ID>2</ID><LabelMstID>tbltranssubtype</LabelMstID><FieldName>TenantID</FieldName><LabelID>lblTenantID1s</LabelID><LabelName>Nom du locataire</LabelName><LangID>3</LangID><COUNTRYID>8</COUNTRYID><LANGDISP>fr-FR</LANGDISP><Active>TRUE</Active></PageList> 
<PageList><ID>3</ID><LabelMstID>tbltranssubtype</LabelMstID><FieldName>TenantID</FieldName><LabelID>lblTenantID2h</LabelID><LabelName>اسم المستأجر</LabelName><LangID>2</LangID><COUNTRYID>8</COUNTRYID><LANGDISP>ar-KW</LANGDISP><Active>TRUE</Active></PageList> 
<PageList><ID>4</ID><LabelMstID>tbltranssubtype</LabelMstID><FieldName>transid</FieldName><LabelID>lbltransid1s</LabelID><LabelName>Trans Name</LabelName><LangID>1</LangID><COUNTRYID>8</COUNTRYID><LANGDISP>en-US</LANGDISP><Active>TRUE</Active></PageList> 
<PageList><ID>5</ID><LabelMstID>tbltranssubtype</LabelMstID><FieldName>transid</FieldName><LabelID>lbltransid1s</LabelID><LabelName>Nom de TRANS</LabelName><LangID>3</LangID><COUNTRYID>8</COUNTRYID><LANGDISP>fr-FR</LANGDISP><Active>TRUE</Active></PageList> 
<PageList><ID>6</ID><LabelMstID>tbltranssubtype</LabelMstID><FieldName>transid</FieldName><LabelID>lbltransid2h</LabelID><LabelName>اسم ترانس</LabelName><LangID>2</LangID><COUNTRYID>8</COUNTRYID><LANGDISP>ar-KW</LANGDISP><Active>TRUE</Active></PageList> 
<PageList><ID>7</ID><LabelMstID>tbltranssubtype</LabelMstID><FieldName>MYSYSNAME</FieldName><LabelID>lblMYSYSNAME1s</LabelID><LabelName>My sys name</LabelName><LangID>1</LangID><COUNTRYID>8</COUNTRYID><LANGDISP>en-US</LANGDISP><Active>TRUE</Active></PageList> 
<PageList><ID>8</ID><LabelMstID>tbltranssubtype</LabelMstID><FieldName>MYSYSNAME</FieldName><LabelID>lblMYSYSNAME1s</LabelID><LabelName>Mon nom sys</LabelName><LangID>3</LangID><COUNTRYID>8</COUNTRYID><LANGDISP>fr-FR</LANGDISP><Active>TRUE</Active></PageList> 
<PageList><ID>9</ID><LabelMstID>tbltranssubtype</LabelMstID><FieldName>MYSYSNAME</FieldName><LabelID>lblMYSYSNAME2h</LabelID><LabelName>اسمي sys</LabelName><LangID>2</LangID><COUNTRYID>8</COUNTRYID><LANGDISP>ar-KW</LANGDISP><Active>TRUE</Active></PageList> 
<PageList><ID>10</ID><LabelMstID>tbltranssubtype</LabelMstID><FieldName>transsubid</FieldName><LabelID>lbltranssubid1s</LabelID><LabelName>Transsubid</LabelName><LangID>1</LangID><COUNTRYID>8</COUNTRYID><LANGDISP>en-US</LANGDISP><Active>TRUE</Active></PageList> 
<PageList><ID>11</ID><LabelMstID>tbltranssubtype</LabelMstID><FieldName>transsubid</FieldName><LabelID>lbltranssubid1s</LabelID><LabelName>Transsubid</LabelName><LangID>3</LangID><COUNTRYID>8</COUNTRYID><LANGDISP>fr-FR</LANGDISP><Active>TRUE</Active></PageList> 
<PageList><ID>12</ID><LabelMstID>tbltranssubtype</LabelMstID><FieldName>transsubid</FieldName><LabelID>lbltranssubid2h</LabelID><LabelName>ترانسوبيد</LabelName><LangID>2</LangID><COUNTRYID>8</COUNTRYID><LANGDISP>ar-KW</LANGDISP><Active>TRUE</Active></PageList> 
<PageList><ID>13</ID><LabelMstID>tbltranssubtype</LabelMstID><FieldName>transsubtype1</FieldName><LabelID>lbltranssubtype11s</LabelID><LabelName>Trans sub type 1</LabelName><LangID>1</LangID><COUNTRYID>8</COUNTRYID><LANGDISP>en-US</LANGDISP><Active>TRUE</Active></PageList> 
<PageList><ID>14</ID><LabelMstID>tbltranssubtype</LabelMstID><FieldName>transsubtype1</FieldName><LabelID>lbltranssubtype11s</LabelID><LabelName>TRANS sub type 1</LabelName><LangID>3</LangID><COUNTRYID>8</COUNTRYID><LANGDISP>fr-FR</LANGDISP><Active>TRUE</Active></PageList> 
<PageList><ID>15</ID><LabelMstID>tbltranssubtype</LabelMstID><FieldName>transsubtype1</FieldName><LabelID>lbltranssubtype12h</LabelID><LabelName>عبر النوع الفرعي 1</LabelName><LangID>2</LangID><COUNTRYID>8</COUNTRYID><LANGDISP>ar-KW</LANGDISP><Active>TRUE</Active></PageList> 
<PageList><ID>16</ID><LabelMstID>tbltranssubtype</LabelMstID><FieldName>transsubtype2</FieldName><LabelID>lbltranssubtype21s</LabelID><LabelName>Trans sub type 2</LabelName><LangID>1</LangID><COUNTRYID>8</COUNTRYID><LANGDISP>en-US</LANGDISP><Active>TRUE</Active></PageList> 
<PageList><ID>17</ID><LabelMstID>tbltranssubtype</LabelMstID><FieldName>transsubtype2</FieldName><LabelID>lbltranssubtype21s</LabelID><LabelName>TRANS sub type 2</LabelName><LangID>3</LangID><COUNTRYID>8</COUNTRYID><LANGDISP>fr-FR</LANGDISP><Active>TRUE</Active></PageList> 
<PageList><ID>18</ID><LabelMstID>tbltranssubtype</LabelMstID><FieldName>transsubtype2</FieldName><LabelID>lbltranssubtype22h</LabelID><LabelName>عبر النوع الفرعي 2</LabelName><LangID>2</LangID><COUNTRYID>8</COUNTRYID><LANGDISP>ar-KW</LANGDISP><Active>TRUE</Active></PageList> 
<PageList><ID>19</ID><LabelMstID>tbltranssubtype</LabelMstID><FieldName>transsubtype3</FieldName><LabelID>lbltranssubtype31s</LabelID><LabelName>Trans sub type 3</LabelName><LangID>1</LangID><COUNTRYID>8</COUNTRYID><LANGDISP>en-US</LANGDISP><Active>TRUE</Active></PageList> 
<PageList><ID>20</ID><LabelMstID>tbltranssubtype</LabelMstID><FieldName>transsubtype3</FieldName><LabelID>lbltranssubtype31s</LabelID><LabelName>TRANS sub type 3</LabelName><LangID>3</LangID><COUNTRYID>8</COUNTRYID><LANGDISP>fr-FR</LANGDISP><Active>TRUE</Active></PageList> 
<PageList><ID>21</ID><LabelMstID>tbltranssubtype</LabelMstID><FieldName>transsubtype3</FieldName><LabelID>lbltranssubtype32h</LabelID><LabelName>عبر النوع الفرعي 3</LabelName><LangID>2</LangID><COUNTRYID>8</COUNTRYID><LANGDISP>ar-KW</LANGDISP><Active>TRUE</Active></PageList> 
<PageList><ID>22</ID><LabelMstID>tbltranssubtype</LabelMstID><FieldName>OpQtyBeh</FieldName><LabelID>lblOpQtyBeh1s</LabelID><LabelName>Op qty beh</LabelName><LangID>1</LangID><COUNTRYID>8</COUNTRYID><LANGDISP>en-US</LANGDISP><Active>TRUE</Active></PageList> 
<PageList><ID>23</ID><LabelMstID>tbltranssubtype</LabelMstID><FieldName>OpQtyBeh</FieldName><LabelID>lblOpQtyBeh1s</LabelID><LabelName>Op qty beh</LabelName><LangID>3</LangID><COUNTRYID>8</COUNTRYID><LANGDISP>fr-FR</LANGDISP><Active>TRUE</Active></PageList> 
<PageList><ID>24</ID><LabelMstID>tbltranssubtype</LabelMstID><FieldName>OpQtyBeh</FieldName><LabelID>lblOpQtyBeh2h</LabelID><LabelName>البروتوكول الاختياري qty بيه</LabelName><LangID>2</LangID><COUNTRYID>8</COUNTRYID><LANGDISP>ar-KW</LANGDISP><Active>TRUE</Active></PageList> 
<PageList><ID>25</ID><LabelMstID>tbltranssubtype</LabelMstID><FieldName>OnHandBeh</FieldName><LabelID>lblOnHandBeh1s</LabelID><LabelName>On hand beh</LabelName><LangID>1</LangID><COUNTRYID>8</COUNTRYID><LANGDISP>en-US</LANGDISP><Active>TRUE</Active></PageList> 
<PageList><ID>26</ID><LabelMstID>tbltranssubtype</LabelMstID><FieldName>OnHandBeh</FieldName><LabelID>lblOnHandBeh1s</LabelID><LabelName>Sur main beh</LabelName><LangID>3</LangID><COUNTRYID>8</COUNTRYID><LANGDISP>fr-FR</LANGDISP><Active>TRUE</Active></PageList> 
<PageList><ID>27</ID><LabelMstID>tbltranssubtype</LabelMstID><FieldName>OnHandBeh</FieldName><LabelID>lblOnHandBeh2h</LabelID><LabelName>في ناحية بيه</LabelName><LangID>2</LangID><COUNTRYID>8</COUNTRYID><LANGDISP>ar-KW</LANGDISP><Active>TRUE</Active></PageList> 
<PageList><ID>28</ID><LabelMstID>tbltranssubtype</LabelMstID><FieldName>QtyOutBeh</FieldName><LabelID>lblQtyOutBeh1s</LabelID><LabelName>Qty out beh</LabelName><LangID>1</LangID><COUNTRYID>8</COUNTRYID><LANGDISP>en-US</LANGDISP><Active>TRUE</Active></PageList> 
<PageList><ID>29</ID><LabelMstID>tbltranssubtype</LabelMstID><FieldName>QtyOutBeh</FieldName><LabelID>lblQtyOutBeh1s</LabelID><LabelName>Qté par beh</LabelName><LangID>3</LangID><COUNTRYID>8</COUNTRYID><LANGDISP>fr-FR</LANGDISP><Active>TRUE</Active></PageList> 
<PageList><ID>30</ID><LabelMstID>tbltranssubtype</LabelMstID><FieldName>QtyOutBeh</FieldName><LabelID>lblQtyOutBeh2h</LabelID><LabelName>الكمية إلى بيه</LabelName><LangID>2</LangID><COUNTRYID>8</COUNTRYID><LANGDISP>ar-KW</LANGDISP><Active>TRUE</Active></PageList> 
<PageList><ID>31</ID><LabelMstID>tbltranssubtype</LabelMstID><FieldName>QtyConsumedBeh</FieldName><LabelID>lblQtyConsumedBeh1s</LabelID><LabelName>Qty consumed beh</LabelName><LangID>1</LangID><COUNTRYID>8</COUNTRYID><LANGDISP>en-US</LANGDISP><Active>TRUE</Active></PageList> 
<PageList><ID>32</ID><LabelMstID>tbltranssubtype</LabelMstID><FieldName>QtyConsumedBeh</FieldName><LabelID>lblQtyConsumedBeh1s</LabelID><LabelName>Quantité consommée beh</LabelName><LangID>3</LangID><COUNTRYID>8</COUNTRYID><LANGDISP>fr-FR</LANGDISP><Active>TRUE</Active></PageList> 
<PageList><ID>33</ID><LabelMstID>tbltranssubtype</LabelMstID><FieldName>QtyConsumedBeh</FieldName><LabelID>lblQtyConsumedBeh2h</LabelID><LabelName>الكمية المستهلكة بيه</LabelName><LangID>2</LangID><COUNTRYID>8</COUNTRYID><LANGDISP>ar-KW</LANGDISP><Active>TRUE</Active></PageList> 
<PageList><ID>34</ID><LabelMstID>tbltranssubtype</LabelMstID><FieldName>QtyReservedBeh</FieldName><LabelID>lblQtyReservedBeh1s</LabelID><LabelName>Qty reserved beh</LabelName><LangID>1</LangID><COUNTRYID>8</COUNTRYID><LANGDISP>en-US</LANGDISP><Active>TRUE</Active></PageList> 
<PageList><ID>35</ID><LabelMstID>tbltranssubtype</LabelMstID><FieldName>QtyReservedBeh</FieldName><LabelID>lblQtyReservedBeh1s</LabelID><LabelName>Qty réservé beh</LabelName><LangID>3</LangID><COUNTRYID>8</COUNTRYID><LANGDISP>fr-FR</LANGDISP><Active>TRUE</Active></PageList> 
<PageList><ID>36</ID><LabelMstID>tbltranssubtype</LabelMstID><FieldName>QtyReservedBeh</FieldName><LabelID>lblQtyReservedBeh2h</LabelID><LabelName>بيه Qty محفوظة</LabelName><LangID>2</LangID><COUNTRYID>8</COUNTRYID><LANGDISP>ar-KW</LANGDISP><Active>TRUE</Active></PageList> 
<PageList><ID>37</ID><LabelMstID>tbltranssubtype</LabelMstID><FieldName>QtyAtDestination</FieldName><LabelID>lblQtyAtDestination1s</LabelID><LabelName>Qty atdestination</LabelName><LangID>1</LangID><COUNTRYID>8</COUNTRYID><LANGDISP>en-US</LANGDISP><Active>TRUE</Active></PageList> 
<PageList><ID>38</ID><LabelMstID>tbltranssubtype</LabelMstID><FieldName>QtyAtDestination</FieldName><LabelID>lblQtyAtDestination1s</LabelID><LabelName>Qté atdestination</LabelName><LangID>3</LangID><COUNTRYID>8</COUNTRYID><LANGDISP>fr-FR</LANGDISP><Active>TRUE</Active></PageList> 
<PageList><ID>39</ID><LabelMstID>tbltranssubtype</LabelMstID><FieldName>QtyAtDestination</FieldName><LabelID>lblQtyAtDestination2h</LabelID><LabelName>الكمية أتديستينيشن</LabelName><LangID>2</LangID><COUNTRYID>8</COUNTRYID><LANGDISP>ar-KW</LANGDISP><Active>TRUE</Active></PageList> 
<PageList><ID>40</ID><LabelMstID>tbltranssubtype</LabelMstID><FieldName>QtyAtSource</FieldName><LabelID>lblQtyAtSource1s</LabelID><LabelName>Qty atsource</LabelName><LangID>1</LangID><COUNTRYID>8</COUNTRYID><LANGDISP>en-US</LANGDISP><Active>TRUE</Active></PageList> 
<PageList><ID>41</ID><LabelMstID>tbltranssubtype</LabelMstID><FieldName>QtyAtSource</FieldName><LabelID>lblQtyAtSource1s</LabelID><LabelName>Qté atsource</LabelName><LangID>3</LangID><COUNTRYID>8</COUNTRYID><LANGDISP>fr-FR</LANGDISP><Active>TRUE</Active></PageList> 
<PageList><ID>42</ID><LabelMstID>tbltranssubtype</LabelMstID><FieldName>QtyAtSource</FieldName><LabelID>lblQtyAtSource2h</LabelID><LabelName>الكمية أتسورسي</LabelName><LangID>2</LangID><COUNTRYID>8</COUNTRYID><LANGDISP>ar-KW</LANGDISP><Active>TRUE</Active></PageList> 
<PageList><ID>43</ID><LabelMstID>tbltranssubtype</LabelMstID><FieldName>serialno</FieldName><LabelID>lblserialno1s</LabelID><LabelName>Serial no</LabelName><LangID>1</LangID><COUNTRYID>8</COUNTRYID><LANGDISP>en-US</LANGDISP><Active>TRUE</Active></PageList> 
<PageList><ID>44</ID><LabelMstID>tbltranssubtype</LabelMstID><FieldName>serialno</FieldName><LabelID>lblserialno1s</LabelID><LabelName>N ° de série</LabelName><LangID>3</LangID><COUNTRYID>8</COUNTRYID><LANGDISP>fr-FR</LANGDISP><Active>TRUE</Active></PageList> 
<PageList><ID>45</ID><LabelMstID>tbltranssubtype</LabelMstID><FieldName>serialno</FieldName><LabelID>lblserialno2h</LabelID><LabelName>رقم المسلسل</LabelName><LangID>2</LangID><COUNTRYID>8</COUNTRYID><LANGDISP>ar-KW</LANGDISP><Active>TRUE</Active></PageList> 
<PageList><ID>46</ID><LabelMstID>tbltranssubtype</LabelMstID><FieldName>years</FieldName><LabelID>lblyears1s</LabelID><LabelName>Years</LabelName><LangID>1</LangID><COUNTRYID>8</COUNTRYID><LANGDISP>en-US</LANGDISP><Active>TRUE</Active></PageList> 
<PageList><ID>47</ID><LabelMstID>tbltranssubtype</LabelMstID><FieldName>years</FieldName><LabelID>lblyears1s</LabelID><LabelName>Années</LabelName><LangID>3</LangID><COUNTRYID>8</COUNTRYID><LANGDISP>fr-FR</LANGDISP><Active>TRUE</Active></PageList> 
<PageList><ID>48</ID><LabelMstID>tbltranssubtype</LabelMstID><FieldName>years</FieldName><LabelID>lblyears2h</LabelID><LabelName>السنوات</LabelName><LangID>2</LangID><COUNTRYID>8</COUNTRYID><LANGDISP>ar-KW</LANGDISP><Active>TRUE</Active></PageList> 
<PageList><ID>49</ID><LabelMstID>tbltranssubtype</LabelMstID><FieldName>Active</FieldName><LabelID>lblActive1s</LabelID><LabelName>Active</LabelName><LangID>1</LangID><COUNTRYID>8</COUNTRYID><LANGDISP>en-US</LANGDISP><Active>TRUE</Active></PageList> 
<PageList><ID>50</ID><LabelMstID>tbltranssubtype</LabelMstID><FieldName>Active</FieldName><LabelID>lblActive1s</LabelID><LabelName>Actif</LabelName><LangID>3</LangID><COUNTRYID>8</COUNTRYID><LANGDISP>fr-FR</LANGDISP><Active>TRUE</Active></PageList> 
<PageList><ID>51</ID><LabelMstID>tbltranssubtype</LabelMstID><FieldName>Active</FieldName><LabelID>lblActive2h</LabelID><LabelName>النشطة</LabelName><LangID>2</LangID><COUNTRYID>8</COUNTRYID><LANGDISP>ar-KW</LANGDISP><Active>TRUE</Active></PageList> 
<PageList><ID>52</ID><LabelMstID>tbltranssubtype</LabelMstID><FieldName>CRUP_ID</FieldName><LabelID>lblCRUP_ID1s</LabelID><LabelName>Crup  name</LabelName><LangID>1</LangID><COUNTRYID>8</COUNTRYID><LANGDISP>en-US</LANGDISP><Active>TRUE</Active></PageList> 
<PageList><ID>53</ID><LabelMstID>tbltranssubtype</LabelMstID><FieldName>CRUP_ID</FieldName><LabelID>lblCRUP_ID1s</LabelID><LabelName>Crup nom</LabelName><LangID>3</LangID><COUNTRYID>8</COUNTRYID><LANGDISP>fr-FR</LANGDISP><Active>TRUE</Active></PageList> 
<PageList><ID>54</ID><LabelMstID>tbltranssubtype</LabelMstID><FieldName>CRUP_ID</FieldName><LabelID>lblCRUP_ID2h</LabelID><LabelName>اسم Crup</LabelName><LangID>2</LangID><COUNTRYID>8</COUNTRYID><LANGDISP>ar-KW</LANGDISP><Active>TRUE</Active></PageList> 
<PageList><ID>55</ID><LabelMstID>tbltranssubtype</LabelMstID><FieldName>transsubtype</FieldName><LabelID>lbltranssubtype1s</LabelID><LabelName>Trans sub type</LabelName><LangID>1</LangID><COUNTRYID>8</COUNTRYID><LANGDISP>en-US</LANGDISP><Active>TRUE</Active></PageList> 
<PageList><ID>56</ID><LabelMstID>tbltranssubtype</LabelMstID><FieldName>transsubtype</FieldName><LabelID>lbltranssubtype1s</LabelID><LabelName>Type de void TRANS</LabelName><LangID>3</LangID><COUNTRYID>8</COUNTRYID><LANGDISP>fr-FR</LANGDISP><Active>TRUE</Active></PageList> 
<PageList><ID>57</ID><LabelMstID>tbltranssubtype</LabelMstID><FieldName>transsubtype</FieldName><LabelID>lbltranssubtype2h</LabelID><LabelName>النوع الفرعي عبر</LabelName><LangID>2</LangID><COUNTRYID>8</COUNTRYID><LANGDISP>ar-KW</LANGDISP><Active>TRUE</Active></PageList> 
<PageList><ID>58</ID><LabelMstID>tbltranssubtype</LabelMstID><FieldName>NULL</FieldName><LabelID>lblHeader1s</LabelID><LabelName>tbltranssubtype</LabelName><LangID>1</LangID><COUNTRYID>8</COUNTRYID><LANGDISP>en-US</LANGDISP><Active>TRUE</Active></PageList> 
<PageList><ID>59</ID><LabelMstID>tbltranssubtype</LabelMstID><FieldName>NULL</FieldName><LabelID>lblHeader1s</LabelID><LabelName>tbltranssubtype</LabelName><LangID>3</LangID><COUNTRYID>8</COUNTRYID><LANGDISP>fr-FR</LANGDISP><Active>TRUE</Active></PageList> 
<PageList><ID>60</ID><LabelMstID>tbltranssubtype</LabelMstID><FieldName>NULL</FieldName><LabelID>lblHeader2h</LabelID><LabelName>تبلترانسوبتيبي</LabelName><LangID>2</LangID><COUNTRYID>8</COUNTRYID><LANGDISP>ar-KW</LANGDISP><Active>TRUE</Active></PageList> 

</TBLLabelDTL>