<?xml version="1.0" standalone="yes"?>
<TBLLabelDTL>
  <PageList>
    <ID>1</ID>
    <LabelMstID>Win_tbl_customer</LabelMstID>
    <FieldName>TenentID</FieldName>
    <LabelID>lblTenentID1s</LabelID>
    <LabelName>Customer/Supplier</LabelName>
    <LangID>1</LangID>
    <COUNTRYID>8</COUNTRYID>
    <LANGDISP>en-US</LANGDISP>
    <Active>TRUE</Active>
  </PageList>
  <PageList>
    <ID>2</ID>
    <LabelMstID>Win_tbl_customer</LabelMstID>
    <FieldName>TenentID</FieldName>
    <LabelID>lblTenentID1s</LabelID>
    <LabelName>Tenent nom</LabelName>
    <LangID>3</LangID>
    <COUNTRYID>8</COUNTRYID>
    <LANGDISP>fr-FR</LANGDISP>
    <Active>TRUE</Active>
  </PageList>
  <PageList>
    <ID>3</ID>
    <LabelMstID>Win_tbl_customer</LabelMstID>
    <FieldName>TenentID</FieldName>
    <LabelID>lblTenentID2h</LabelID>
    <LabelName>اسم تينيت</LabelName>
    <LangID>2</LangID>
    <COUNTRYID>8</COUNTRYID>
    <LANGDISP>ar-KW</LANGDISP>
    <Active>TRUE</Active>
  </PageList>
  <PageList>
    <ID>4</ID>
    <LabelMstID>Win_tbl_customer</LabelMstID>
    <FieldName>ID</FieldName>
    <LabelID>lblID1s</LabelID>
    <LabelName>Customer/Supplier</LabelName>
    <LangID>1</LangID>
    <COUNTRYID>8</COUNTRYID>
    <LANGDISP>en-US</LANGDISP>
    <Active>TRUE</Active>
  </PageList>
  <PageList>
    <ID>5</ID>
    <LabelMstID>Win_tbl_customer</LabelMstID>
    <FieldName>ID</FieldName>
    <LabelID>lblID1s</LabelID>
    <LabelName> nom</LabelName>
    <LangID>3</LangID>
    <COUNTRYID>8</COUNTRYID>
    <LANGDISP>fr-FR</LANGDISP>
    <Active>TRUE</Active>
  </PageList>
  <PageList>
    <ID>6</ID>
    <LabelMstID>Win_tbl_customer</LabelMstID>
    <FieldName>ID</FieldName>
    <LabelID>lblID2h</LabelID>
    <LabelName> الاسم</LabelName>
    <LangID>2</LangID>
    <COUNTRYID>8</COUNTRYID>
    <LANGDISP>ar-KW</LANGDISP>
    <Active>TRUE</Active>
  </PageList>
  <PageList>
    <ID>7</ID>
    <LabelMstID>Win_tbl_customer</LabelMstID>
    <FieldName>Name</FieldName>
    <LabelID>lblName1s</LabelID>
    <LabelName>Name</LabelName>
    <LangID>1</LangID>
    <COUNTRYID>8</COUNTRYID>
    <LANGDISP>en-US</LANGDISP>
    <Active>TRUE</Active>
  </PageList>
  <PageList>
    <ID>8</ID>
    <LabelMstID>Win_tbl_customer</LabelMstID>
    <FieldName>Name</FieldName>
    <LabelID>lblName1s</LabelID>
    <LabelName>Nom</LabelName>
    <LangID>3</LangID>
    <COUNTRYID>8</COUNTRYID>
    <LANGDISP>fr-FR</LANGDISP>
    <Active>TRUE</Active>
  </PageList>
  <PageList>
    <ID>9</ID>
    <LabelMstID>Win_tbl_customer</LabelMstID>
    <FieldName>Name</FieldName>
    <LabelID>lblName2h</LabelID>
    <LabelName>الاسم</LabelName>
    <LangID>2</LangID>
    <COUNTRYID>8</COUNTRYID>
    <LANGDISP>ar-KW</LANGDISP>
    <Active>TRUE</Active>
  </PageList>
  <PageList>
    <ID>10</ID>
    <LabelMstID>Win_tbl_customer</LabelMstID>
    <FieldName>EmailAddress</FieldName>
    <LabelID>lblEmailAddress1s</LabelID>
    <LabelName>Email Address</LabelName>
    <LangID>1</LangID>
    <COUNTRYID>8</COUNTRYID>
    <LANGDISP>en-US</LANGDISP>
    <Active>TRUE</Active>
  </PageList>
  <PageList>
    <ID>11</ID>
    <LabelMstID>Win_tbl_customer</LabelMstID>
    <FieldName>EmailAddress</FieldName>
    <LabelID>lblEmailAddress1s</LabelID>
    <LabelName>Adresse de courriel</LabelName>
    <LangID>3</LangID>
    <COUNTRYID>8</COUNTRYID>
    <LANGDISP>fr-FR</LANGDISP>
    <Active>TRUE</Active>
  </PageList>
  <PageList>
    <ID>12</ID>
    <LabelMstID>Win_tbl_customer</LabelMstID>
    <FieldName>EmailAddress</FieldName>
    <LabelID>lblEmailAddress2h</LabelID>
    <LabelName>عنوان البريد الإلكتروني</LabelName>
    <LangID>2</LangID>
    <COUNTRYID>8</COUNTRYID>
    <LANGDISP>ar-KW</LANGDISP>
    <Active>TRUE</Active>
  </PageList>
  <PageList>
    <ID>13</ID>
    <LabelMstID>Win_tbl_customer</LabelMstID>
    <FieldName>Phone</FieldName>
    <LabelID>lblPhone1s</LabelID>
    <LabelName>Phone</LabelName>
    <LangID>1</LangID>
    <COUNTRYID>8</COUNTRYID>
    <LANGDISP>en-US</LANGDISP>
    <Active>TRUE</Active>
  </PageList>
  <PageList>
    <ID>14</ID>
    <LabelMstID>Win_tbl_customer</LabelMstID>
    <FieldName>Phone</FieldName>
    <LabelID>lblPhone1s</LabelID>
    <LabelName>Téléphone</LabelName>
    <LangID>3</LangID>
    <COUNTRYID>8</COUNTRYID>
    <LANGDISP>fr-FR</LANGDISP>
    <Active>TRUE</Active>
  </PageList>
  <PageList>
    <ID>15</ID>
    <LabelMstID>Win_tbl_customer</LabelMstID>
    <FieldName>Phone</FieldName>
    <LabelID>lblPhone2h</LabelID>
    <LabelName>الهاتف</LabelName>
    <LangID>2</LangID>
    <COUNTRYID>8</COUNTRYID>
    <LANGDISP>ar-KW</LANGDISP>
    <Active>TRUE</Active>
  </PageList>
  <PageList>
    <ID>16</ID>
    <LabelMstID>Win_tbl_customer</LabelMstID>
    <FieldName>Address</FieldName>
    <LabelID>lblAddress1s</LabelID>
    <LabelName>Address</LabelName>
    <LangID>1</LangID>
    <COUNTRYID>8</COUNTRYID>
    <LANGDISP>en-US</LANGDISP>
    <Active>TRUE</Active>
  </PageList>
  <PageList>
    <ID>17</ID>
    <LabelMstID>Win_tbl_customer</LabelMstID>
    <FieldName>Address</FieldName>
    <LabelID>lblAddress1s</LabelID>
    <LabelName>Adresse</LabelName>
    <LangID>3</LangID>
    <COUNTRYID>8</COUNTRYID>
    <LANGDISP>fr-FR</LANGDISP>
    <Active>TRUE</Active>
  </PageList>
  <PageList>
    <ID>18</ID>
    <LabelMstID>Win_tbl_customer</LabelMstID>
    <FieldName>Address</FieldName>
    <LabelID>lblAddress2h</LabelID>
    <LabelName>عنوان</LabelName>
    <LangID>2</LangID>
    <COUNTRYID>8</COUNTRYID>
    <LANGDISP>ar-KW</LANGDISP>
    <Active>TRUE</Active>
  </PageList>
  <PageList>
    <ID>19</ID>
    <LabelMstID>Win_tbl_customer</LabelMstID>
    <FieldName>City</FieldName>
    <LabelID>lblCity1s</LabelID>
    <LabelName>City</LabelName>
    <LangID>1</LangID>
    <COUNTRYID>8</COUNTRYID>
    <LANGDISP>en-US</LANGDISP>
    <Active>TRUE</Active>
  </PageList>
  <PageList>
    <ID>20</ID>
    <LabelMstID>Win_tbl_customer</LabelMstID>
    <FieldName>City</FieldName>
    <LabelID>lblCity1s</LabelID>
    <LabelName>Ville</LabelName>
    <LangID>3</LangID>
    <COUNTRYID>8</COUNTRYID>
    <LANGDISP>fr-FR</LANGDISP>
    <Active>TRUE</Active>
  </PageList>
  <PageList>
    <ID>21</ID>
    <LabelMstID>Win_tbl_customer</LabelMstID>
    <FieldName>City</FieldName>
    <LabelID>lblCity2h</LabelID>
    <LabelName>مدينة</LabelName>
    <LangID>2</LangID>
    <COUNTRYID>8</COUNTRYID>
    <LANGDISP>ar-KW</LANGDISP>
    <Active>TRUE</Active>
  </PageList>
  <PageList>
    <ID>22</ID>
    <LabelMstID>Win_tbl_customer</LabelMstID>
    <FieldName>PeopleType</FieldName>
    <LabelID>lblPeopleType1s</LabelID>
    <LabelName>People Type</LabelName>
    <LangID>1</LangID>
    <COUNTRYID>8</COUNTRYID>
    <LANGDISP>en-US</LANGDISP>
    <Active>TRUE</Active>
  </PageList>
  <PageList>
    <ID>23</ID>
    <LabelMstID>Win_tbl_customer</LabelMstID>
    <FieldName>PeopleType</FieldName>
    <LabelID>lblPeopleType1s</LabelID>
    <LabelName>Type de personnes</LabelName>
    <LangID>3</LangID>
    <COUNTRYID>8</COUNTRYID>
    <LANGDISP>fr-FR</LANGDISP>
    <Active>TRUE</Active>
  </PageList>
  <PageList>
    <ID>24</ID>
    <LabelMstID>Win_tbl_customer</LabelMstID>
    <FieldName>PeopleType</FieldName>
    <LabelID>lblPeopleType2h</LabelID>
    <LabelName>نوع الشعب</LabelName>
    <LangID>2</LangID>
    <COUNTRYID>8</COUNTRYID>
    <LANGDISP>ar-KW</LANGDISP>
    <Active>TRUE</Active>
  </PageList>
  <PageList>
    <ID>25</ID>
    <LabelMstID>Win_tbl_customer</LabelMstID>
    <FieldName>UploadDate</FieldName>
    <LabelID>lblUploadDate1s</LabelID>
    <LabelName>Customer/Supplier</LabelName>
    <LangID>1</LangID>
    <COUNTRYID>8</COUNTRYID>
    <LANGDISP>en-US</LANGDISP>
    <Active>TRUE</Active>
  </PageList>
  <PageList>
    <ID>26</ID>
    <LabelMstID>Win_tbl_customer</LabelMstID>
    <FieldName>UploadDate</FieldName>
    <LabelID>lblUploadDate1s</LabelID>
    <LabelName>Uploaddate</LabelName>
    <LangID>3</LangID>
    <COUNTRYID>8</COUNTRYID>
    <LANGDISP>fr-FR</LANGDISP>
    <Active>TRUE</Active>
  </PageList>
  <PageList>
    <ID>27</ID>
    <LabelMstID>Win_tbl_customer</LabelMstID>
    <FieldName>UploadDate</FieldName>
    <LabelID>lblUploadDate2h</LabelID>
    <LabelName>أوبلواداتي</LabelName>
    <LangID>2</LangID>
    <COUNTRYID>8</COUNTRYID>
    <LANGDISP>ar-KW</LANGDISP>
    <Active>TRUE</Active>
  </PageList>
  <PageList>
    <ID>28</ID>
    <LabelMstID>Win_tbl_customer</LabelMstID>
    <FieldName>Uploadby</FieldName>
    <LabelID>lblUploadby1s</LabelID>
    <LabelName>Customer/Supplier</LabelName>
    <LangID>1</LangID>
    <COUNTRYID>8</COUNTRYID>
    <LANGDISP>en-US</LANGDISP>
    <Active>TRUE</Active>
  </PageList>
  <PageList>
    <ID>29</ID>
    <LabelMstID>Win_tbl_customer</LabelMstID>
    <FieldName>Uploadby</FieldName>
    <LabelID>lblUploadby1s</LabelID>
    <LabelName>Uploadby</LabelName>
    <LangID>3</LangID>
    <COUNTRYID>8</COUNTRYID>
    <LANGDISP>fr-FR</LANGDISP>
    <Active>TRUE</Active>
  </PageList>
  <PageList>
    <ID>30</ID>
    <LabelMstID>Win_tbl_customer</LabelMstID>
    <FieldName>Uploadby</FieldName>
    <LabelID>lblUploadby2h</LabelID>
    <LabelName>أوبلوادبي</LabelName>
    <LangID>2</LangID>
    <COUNTRYID>8</COUNTRYID>
    <LANGDISP>ar-KW</LANGDISP>
    <Active>TRUE</Active>
  </PageList>
  <PageList>
    <ID>31</ID>
    <LabelMstID>Win_tbl_customer</LabelMstID>
    <FieldName>SyncDate</FieldName>
    <LabelID>lblSyncDate1s</LabelID>
    <LabelName>Customer/Supplier</LabelName>
    <LangID>1</LangID>
    <COUNTRYID>8</COUNTRYID>
    <LANGDISP>en-US</LANGDISP>
    <Active>TRUE</Active>
  </PageList>
  <PageList>
    <ID>32</ID>
    <LabelMstID>Win_tbl_customer</LabelMstID>
    <FieldName>SyncDate</FieldName>
    <LabelID>lblSyncDate1s</LabelID>
    <LabelName>SyncDate</LabelName>
    <LangID>3</LangID>
    <COUNTRYID>8</COUNTRYID>
    <LANGDISP>fr-FR</LANGDISP>
    <Active>TRUE</Active>
  </PageList>
  <PageList>
    <ID>33</ID>
    <LabelMstID>Win_tbl_customer</LabelMstID>
    <FieldName>SyncDate</FieldName>
    <LabelID>lblSyncDate2h</LabelID>
    <LabelName>سينكداتي</LabelName>
    <LangID>2</LangID>
    <COUNTRYID>8</COUNTRYID>
    <LANGDISP>ar-KW</LANGDISP>
    <Active>TRUE</Active>
  </PageList>
  <PageList>
    <ID>34</ID>
    <LabelMstID>Win_tbl_customer</LabelMstID>
    <FieldName>Syncby</FieldName>
    <LabelID>lblSyncby1s</LabelID>
    <LabelName>Customer/Supplier</LabelName>
    <LangID>1</LangID>
    <COUNTRYID>8</COUNTRYID>
    <LANGDISP>en-US</LANGDISP>
    <Active>TRUE</Active>
  </PageList>
  <PageList>
    <ID>35</ID>
    <LabelMstID>Win_tbl_customer</LabelMstID>
    <FieldName>Syncby</FieldName>
    <LabelID>lblSyncby1s</LabelID>
    <LabelName>Syncde</LabelName>
    <LangID>3</LangID>
    <COUNTRYID>8</COUNTRYID>
    <LANGDISP>fr-FR</LANGDISP>
    <Active>TRUE</Active>
  </PageList>
  <PageList>
    <ID>36</ID>
    <LabelMstID>Win_tbl_customer</LabelMstID>
    <FieldName>Syncby</FieldName>
    <LabelID>lblSyncby2h</LabelID>
    <LabelName>سينكبي</LabelName>
    <LangID>2</LangID>
    <COUNTRYID>8</COUNTRYID>
    <LANGDISP>ar-KW</LANGDISP>
    <Active>TRUE</Active>
  </PageList>
  <PageList>
    <ID>37</ID>
    <LabelMstID>Win_tbl_customer</LabelMstID>
    <FieldName>SynID</FieldName>
    <LabelID>lblSynID1s</LabelID>
    <LabelName>Customer/Supplier</LabelName>
    <LangID>1</LangID>
    <COUNTRYID>8</COUNTRYID>
    <LANGDISP>en-US</LANGDISP>
    <Active>TRUE</Active>
  </PageList>
  <PageList>
    <ID>38</ID>
    <LabelMstID>Win_tbl_customer</LabelMstID>
    <FieldName>SynID</FieldName>
    <LabelID>lblSynID1s</LabelID>
    <LabelName>Nom de syn</LabelName>
    <LangID>3</LangID>
    <COUNTRYID>8</COUNTRYID>
    <LANGDISP>fr-FR</LANGDISP>
    <Active>TRUE</Active>
  </PageList>
  <PageList>
    <ID>39</ID>
    <LabelMstID>Win_tbl_customer</LabelMstID>
    <FieldName>SynID</FieldName>
    <LabelID>lblSynID2h</LabelID>
    <LabelName>اسم اصطناعي</LabelName>
    <LangID>2</LangID>
    <COUNTRYID>8</COUNTRYID>
    <LANGDISP>ar-KW</LANGDISP>
    <Active>TRUE</Active>
  </PageList>
  <PageList>
    <ID>40</ID>
    <LabelMstID>Win_tbl_customer</LabelMstID>
    <FieldName>Facebook</FieldName>
    <LabelID>lblFacebook1s</LabelID>
    <LabelName>Facebook</LabelName>
    <LangID>1</LangID>
    <COUNTRYID>8</COUNTRYID>
    <LANGDISP>en-US</LANGDISP>
    <Active>TRUE</Active>
  </PageList>
  <PageList>
    <ID>41</ID>
    <LabelMstID>Win_tbl_customer</LabelMstID>
    <FieldName>Facebook</FieldName>
    <LabelID>lblFacebook1s</LabelID>
    <LabelName>Facebook</LabelName>
    <LangID>3</LangID>
    <COUNTRYID>8</COUNTRYID>
    <LANGDISP>fr-FR</LANGDISP>
    <Active>TRUE</Active>
  </PageList>
  <PageList>
    <ID>42</ID>
    <LabelMstID>Win_tbl_customer</LabelMstID>
    <FieldName>Facebook</FieldName>
    <LabelID>lblFacebook2h</LabelID>
    <LabelName>فيسبوك</LabelName>
    <LangID>2</LangID>
    <COUNTRYID>8</COUNTRYID>
    <LANGDISP>ar-KW</LANGDISP>
    <Active>TRUE</Active>
  </PageList>
  <PageList>
    <ID>43</ID>
    <LabelMstID>Win_tbl_customer</LabelMstID>
    <FieldName>Twitter</FieldName>
    <LabelID>lblTwitter1s</LabelID>
    <LabelName>Twitter</LabelName>
    <LangID>1</LangID>
    <COUNTRYID>8</COUNTRYID>
    <LANGDISP>en-US</LANGDISP>
    <Active>TRUE</Active>
  </PageList>
  <PageList>
    <ID>44</ID>
    <LabelMstID>Win_tbl_customer</LabelMstID>
    <FieldName>Twitter</FieldName>
    <LabelID>lblTwitter1s</LabelID>
    <LabelName>Twitter</LabelName>
    <LangID>3</LangID>
    <COUNTRYID>8</COUNTRYID>
    <LANGDISP>fr-FR</LANGDISP>
    <Active>TRUE</Active>
  </PageList>
  <PageList>
    <ID>45</ID>
    <LabelMstID>Win_tbl_customer</LabelMstID>
    <FieldName>Twitter</FieldName>
    <LabelID>lblTwitter2h</LabelID>
    <LabelName>تويتر</LabelName>
    <LangID>2</LangID>
    <COUNTRYID>8</COUNTRYID>
    <LANGDISP>ar-KW</LANGDISP>
    <Active>TRUE</Active>
  </PageList>
  <PageList>
    <ID>46</ID>
    <LabelMstID>Win_tbl_customer</LabelMstID>
    <FieldName>Insta</FieldName>
    <LabelID>lblInsta1s</LabelID>
    <LabelName>Insta</LabelName>
    <LangID>1</LangID>
    <COUNTRYID>8</COUNTRYID>
    <LANGDISP>en-US</LANGDISP>
    <Active>TRUE</Active>
  </PageList>
  <PageList>
    <ID>47</ID>
    <LabelMstID>Win_tbl_customer</LabelMstID>
    <FieldName>Insta</FieldName>
    <LabelID>lblInsta1s</LabelID>
    <LabelName>Insta</LabelName>
    <LangID>3</LangID>
    <COUNTRYID>8</COUNTRYID>
    <LANGDISP>fr-FR</LANGDISP>
    <Active>TRUE</Active>
  </PageList>
  <PageList>
    <ID>48</ID>
    <LabelMstID>Win_tbl_customer</LabelMstID>
    <FieldName>Insta</FieldName>
    <LabelID>lblInsta2h</LabelID>
    <LabelName>انستا</LabelName>
    <LangID>2</LangID>
    <COUNTRYID>8</COUNTRYID>
    <LANGDISP>ar-KW</LANGDISP>
    <Active>TRUE</Active>
  </PageList>
  <PageList>
    <ID>49</ID>
    <LabelMstID>Win_tbl_customer</LabelMstID>
    <FieldName>NameArabic</FieldName>
    <LabelID>lblNameArabic1s</LabelID>
    <LabelName>Name Arabic</LabelName>
    <LangID>1</LangID>
    <COUNTRYID>8</COUNTRYID>
    <LANGDISP>en-US</LANGDISP>
    <Active>TRUE</Active>
  </PageList>
  <PageList>
    <ID>50</ID>
    <LabelMstID>Win_tbl_customer</LabelMstID>
    <FieldName>NameArabic</FieldName>
    <LabelID>lblNameArabic1s</LabelID>
    <LabelName>Nom arabe</LabelName>
    <LangID>3</LangID>
    <COUNTRYID>8</COUNTRYID>
    <LANGDISP>fr-FR</LANGDISP>
    <Active>TRUE</Active>
  </PageList>
  <PageList>
    <ID>51</ID>
    <LabelMstID>Win_tbl_customer</LabelMstID>
    <FieldName>NameArabic</FieldName>
    <LabelID>lblNameArabic2h</LabelID>
    <LabelName>اسم اللغة العربية</LabelName>
    <LangID>2</LangID>
    <COUNTRYID>8</COUNTRYID>
    <LANGDISP>ar-KW</LANGDISP>
    <Active>TRUE</Active>
  </PageList>
  <PageList>
    <ID>52</ID>
    <LabelMstID>Win_tbl_customer</LabelMstID>
    <FieldName>NULL</FieldName>
    <LabelID>lblHeader1s</LabelID>
    <LabelName>Customer/Supplier</LabelName>
    <LangID>1</LangID>
    <COUNTRYID>8</COUNTRYID>
    <LANGDISP>en-US</LANGDISP>
    <Active>TRUE</Active>
  </PageList>
  <PageList>
    <ID>53</ID>
    <LabelMstID>Win_tbl_customer</LabelMstID>
    <FieldName>NULL</FieldName>
    <LabelID>lblHeader1s</LabelID>
    <LabelName>Win_customer</LabelName>
    <LangID>3</LangID>
    <COUNTRYID>8</COUNTRYID>
    <LANGDISP>fr-FR</LANGDISP>
    <Active>TRUE</Active>
  </PageList>
  <PageList>
    <ID>54</ID>
    <LabelMstID>Win_tbl_customer</LabelMstID>
    <FieldName>NULL</FieldName>
    <LabelID>lblHeader2h</LabelID>
    <LabelName>Win_customer</LabelName>
    <LangID>2</LangID>
    <COUNTRYID>8</COUNTRYID>
    <LANGDISP>ar-KW</LANGDISP>
    <Active>TRUE</Active>
  </PageList>
</TBLLabelDTL>